Log file open, 07/10/25 11:01:25
LogWindows: Failed to load 'aqProf.dll' (GetLastError=126)
LogWindows: File 'aqProf.dll' does not exist
LogWindows: Failed to load 'VtuneApi.dll' (GetLastError=126)
LogWindows: File 'VtuneApi.dll' does not exist
LogWindows: Failed to load 'VtuneApi32e.dll' (GetLastError=126)
LogWindows: File 'VtuneApi32e.dll' does not exist
LogConsoleResponse: Display: Failed to find resolution value strings in scalability ini. Falling back to default.
LogConsoleResponse: Display: Failed to find resolution value strings in scalability ini. Falling back to default.
LogInit: Display: Running engine for game: NatureReserve
LogPlatformFile: Not using cached read wrapper
LogTaskGraph: Started task graph with 5 named threads and 47 total threads with 3 sets of task threads.
LogStats: Stats thread started at 0.223540
LogICUInternationalization: ICU TimeZone Detection - Raw Offset: +0:00, Platform Override: ''
LogInit: Display: Loading text-based GConfig....
LogPluginManager: Mounting plugin MeshPainting
LogPluginManager: Mounting plugin XGEController
LogPluginManager: Mounting plugin Paper2D
LogPluginManager: Mounting plugin AISupport
LogPluginManager: Mounting plugin EnvironmentQueryEditor
LogPluginManager: Mounting plugin LiveLink
LogPluginManager: Mounting plugin LightPropagationVolume
LogPluginManager: Mounting plugin GameplayCameras
LogPluginManager: Mounting plugin CameraShakePreviewer
LogPluginManager: Mounting plugin OodleData
LogPluginManager: Mounting plugin OodleNetwork
LogPluginManager: Mounting plugin AnimationSharing
LogPluginManager: Mounting plugin CodeLiteSourceCodeAccess
LogPluginManager: Mounting plugin CLionSourceCodeAccess
LogPluginManager: Mounting plugin KDevelopSourceCodeAccess
LogPluginManager: Mounting plugin NullSourceCodeAccess
LogPluginManager: Mounting plugin GitSourceControl
LogPluginManager: Mounting plugin PixWinPlugin
LogPluginManager: Mounting plugin PropertyAccessNode
LogPluginManager: Mounting plugin PerforceSourceControl
LogPluginManager: Mounting plugin PluginUtils
LogPluginManager: Mounting plugin PlasticSourceControl
LogPluginManager: Mounting plugin SubversionSourceControl
LogPluginManager: Mounting plugin TextureFormatOodle
LogPluginManager: Mounting plugin RiderSourceCodeAccess
LogPluginManager: Mounting plugin UObjectPlugin
LogPluginManager: Mounting plugin DatasmithContent
LogPluginManager: Mounting plugin VariantManagerContent
LogPluginManager: Mounting plugin AssetManagerEditor
LogPluginManager: Mounting plugin CryptoKeys
LogPluginManager: Mounting plugin VisualStudioCodeSourceCodeAccess
LogPluginManager: Mounting plugin VisualStudioSourceCodeAccess
LogPluginManager: Mounting plugin CurveEditorTools
LogPluginManager: Mounting plugin XCodeSourceCodeAccess
LogPluginManager: Mounting plugin DataValidation
LogPluginManager: Mounting plugin FacialAnimation
LogPluginManager: Mounting plugin GameplayTagsEditor
LogPluginManager: Mounting plugin GeometryMode
LogPluginManager: Mounting plugin MacGraphicsSwitching
LogPluginManager: Mounting plugin MaterialAnalyzer
LogPluginManager: Mounting plugin MobileLauncherProfileWizard
LogPluginManager: Mounting plugin PluginBrowser
LogPluginManager: Mounting plugin SpeedTreeImporter
LogPluginManager: Mounting plugin Niagara
LogPluginManager: Mounting plugin AlembicImporter
LogPluginManager: Mounting plugin AutomationUtils
LogPluginManager: Mounting plugin ChaosCloth
LogPluginManager: Mounting plugin BackChannel
LogPluginManager: Mounting plugin ChaosClothEditor
LogPluginManager: Mounting plugin ChaosNiagara
LogPluginManager: Mounting plugin ChaosSolverPlugin
LogPluginManager: Mounting plugin ChaosEditor
LogPluginManager: Mounting plugin CharacterAI
LogPluginManager: Mounting plugin GeometryCache
LogPluginManager: Mounting plugin GeometryCollectionPlugin
LogPluginManager: Mounting plugin LuminPlatformFeatures
LogPluginManager: Mounting plugin MagicLeap
LogPluginManager: Mounting plugin MagicLeapLightEstimation
LogPluginManager: Mounting plugin MagicLeapMedia
LogPluginManager: Mounting plugin MagicLeapPassableWorld
LogPluginManager: Mounting plugin MLSDK
LogPluginManager: Mounting plugin GeometryProcessing
LogPluginManager: Mounting plugin AndroidMedia
LogPluginManager: Mounting plugin AvfMedia
LogPluginManager: Mounting plugin OpenImageDenoise
LogPluginManager: Mounting plugin MotoSynth
LogPluginManager: Mounting plugin ImgMedia
LogPluginManager: Mounting plugin PlatformCrypto
LogPluginManager: Mounting plugin MediaCompositing
LogPluginManager: Mounting plugin PlanarCut
LogPluginManager: Mounting plugin ProxyLODPlugin
LogPluginManager: Mounting plugin PythonScriptPlugin
LogPluginManager: Mounting plugin MediaPlayerEditor
LogPluginManager: Mounting plugin WebMMedia
LogPluginManager: Mounting plugin WmfMedia
LogPluginManager: Mounting plugin SkeletalReduction
LogPluginManager: Mounting plugin TcpMessaging
LogPluginManager: Mounting plugin UdpMessaging
LogPluginManager: Mounting plugin ActorSequence
LogPluginManager: Mounting plugin LevelSequenceEditor
LogPluginManager: Mounting plugin MatineeToLevelSequence
LogPluginManager: Mounting plugin TemplateSequence
LogPluginManager: Mounting plugin LauncherChunkInstaller
LogPluginManager: Mounting plugin OnlineSubsystem
LogPluginManager: Mounting plugin OnlineSubsystemNull
LogPluginManager: Mounting plugin OnlineSubsystemUtils
LogPluginManager: Mounting plugin ScreenshotTools
LogPluginManager: Mounting plugin AndroidDeviceProfileSelector
LogPluginManager: Mounting plugin ActorLayerUtilities
LogPluginManager: Mounting plugin AndroidMoviePlayer
LogPluginManager: Mounting plugin AndroidPermission
LogPluginManager: Mounting plugin AppleImageUtils
LogPluginManager: Mounting plugin AppleMoviePlayer
LogPluginManager: Mounting plugin AssetTags
LogPluginManager: Mounting plugin ArchVisCharacter
LogPluginManager: Mounting plugin AudioSynesthesia
LogPluginManager: Mounting plugin CableComponent
LogPluginManager: Mounting plugin AudioCapture
LogPluginManager: Mounting plugin ChunkDownloader
LogPluginManager: Mounting plugin CustomMeshComponent
LogPluginManager: Mounting plugin EditableMesh
LogPluginManager: Mounting plugin ExampleDeviceProfileSelector
LogPluginManager: Mounting plugin GoogleCloudMessaging
LogPluginManager: Mounting plugin GooglePAD
LogPluginManager: Mounting plugin Takes
LogPluginManager: Mounting plugin IOSDeviceProfileSelector
LogPluginManager: Mounting plugin LinuxDeviceProfileSelector
LogPluginManager: Mounting plugin LocationServicesBPLibrary
LogPluginManager: Mounting plugin MobilePatchingUtils
LogPluginManager: Mounting plugin OpenXR
LogPluginManager: Mounting plugin OpenXREyeTracker
LogPluginManager: Mounting plugin OpenXRHandTracking
LogPluginManager: Mounting plugin PhysXVehicles
LogPluginManager: Mounting plugin PostSplashScreen
LogPluginManager: Mounting plugin PropertyAccessEditor
LogPluginManager: Mounting plugin ProceduralMeshComponent
LogPluginManager: Mounting plugin SignificanceManager
LogPluginManager: Mounting plugin RuntimePhysXCooking
LogPluginManager: Mounting plugin SoundFields
LogPluginManager: Mounting plugin Synthesis
LogPluginManager: Mounting plugin WebMMoviePlayer
LogPluginManager: Mounting plugin WindowsMoviePlayer
LogPluginManager: Mounting plugin ContentBrowserAssetDataSource
LogPluginManager: Mounting plugin ContentBrowserClassDataSource
LogPluginManager: Mounting plugin ContentBrowserFileDataSource
LogPluginManager: Mounting plugin OnlineSubsystemGooglePlay
LogPluginManager: Mounting plugin OnlineSubsystemIOS
LogPluginManager: Mounting plugin OculusVR
LogPluginManager: Mounting plugin SteamVR
PixWinPlugin: PIX capture plugin failed to initialize! Check that the process is launched from PIX.
LogInit: Using libcurl 7.55.1-DEV
LogInit:  - built for x86_64-pc-win32
LogInit:  - supports SSL with OpenSSL/1.1.1
LogInit:  - supports HTTP deflate (compression) using libz 1.2.8
LogInit:  - other features:
LogInit:      CURL_VERSION_SSL
LogInit:      CURL_VERSION_LIBZ
LogInit:      CURL_VERSION_IPV6
LogInit:      CURL_VERSION_ASYNCHDNS
LogInit:      CURL_VERSION_LARGEFILE
LogInit:      CURL_VERSION_IDN
LogInit:  CurlRequestOptions (configurable via config and command line):
LogInit:  - bVerifyPeer = true  - Libcurl will verify peer certificate
LogInit:  - bUseHttpProxy = false  - Libcurl will NOT use HTTP proxy
LogInit:  - bDontReuseConnections = false  - Libcurl will reuse connections
LogInit:  - MaxHostConnections = 16  - Libcurl will limit the number of connections to a host
LogInit:  - LocalHostAddr = Default
LogInit:  - BufferSize = 65536
LogOnline: OSS: Creating online subsystem instance for: NULL
LogInit: WinSock: version 1.1 (2.2), MaxSocks=32767, MaxUdp=65467
LogOnline: OSS: TryLoadSubsystemAndSetDefault: Loaded subsystem for module [NULL]
LogOculusPluginWrapper: OculusPlugin initialized successfully
LogHMD: Failed initializing OVRPlugin 1.59.0
LogInit: Build: ++UE4+Release-4.27-CL-18319896
LogInit: Engine Version: 4.27.2-18319896+++UE4+Release-4.27
LogInit: Compatible Engine Version: 4.27.0-17155196+++UE4+Release-4.27
LogInit: Net CL: 17155196
LogInit: OS: Windows 10 (Release 2009) (), CPU: Intel(R) Core(TM) i9-9900KF CPU @ 3.60GHz, GPU: NVIDIA GeForce RTX 3060
LogInit: Compiled (64-bit): Nov 30 2021 07:12:08
LogInit: Compiled with Visual C++: 19.24.28315.00
LogInit: Build Configuration: Development
LogInit: Branch Name: ++UE4+Release-4.27
LogInit: Command Line: 
LogInit: Base Directory: C:/Program Files/Epic Games/UE_4.27/Engine/Binaries/Win64/
LogInit: Allocator: TBB
LogInit: Installed Engine Build: 1
LogDevObjectVersion: Number of dev versions registered: 29
LogDevObjectVersion:   Dev-Blueprints (B0D832E4-1F89-4F0D-ACCF-7EB736FD4AA2): 10
LogDevObjectVersion:   Dev-Build (E1C64328-A22C-4D53-A36C-8E866417BD8C): 0
LogDevObjectVersion:   Dev-Core (375EC13C-06E4-48FB-B500-84F0262A717E): 4
LogDevObjectVersion:   Dev-Editor (E4B068ED-F494-42E9-A231-DA0B2E46BB41): 40
LogDevObjectVersion:   Dev-Framework (CFFC743F-43B0-4480-9391-14DF171D2073): 37
LogDevObjectVersion:   Dev-Mobile (B02B49B5-BB20-44E9-A304-32B752E40360): 3
LogDevObjectVersion:   Dev-Networking (A4E4105C-59A1-49B5-A7C5-40C4547EDFEE): 0
LogDevObjectVersion:   Dev-Online (39C831C9-5AE6-47DC-9A44-9C173E1C8E7C): 0
LogDevObjectVersion:   Dev-Physics (78F01B33-EBEA-4F98-B9B4-84EACCB95AA2): 14
LogDevObjectVersion:   Dev-Platform (6631380F-2D4D-43E0-8009-CF276956A95A): 0
LogDevObjectVersion:   Dev-Rendering (12F88B9F-8875-4AFC-A67C-D90C383ABD29): 45
LogDevObjectVersion:   Dev-Sequencer (7B5AE74C-D270-4C10-A958-57980B212A5A): 13
LogDevObjectVersion:   Dev-VR (D7296918-1DD6-4BDD-9DE2-64A83CC13884): 3
LogDevObjectVersion:   Dev-LoadTimes (C2A15278-BFE7-4AFE-6C17-90FF531DF755): 1
LogDevObjectVersion:   Private-Geometry (6EACA3D4-40EC-4CC1-B786-8BED09428FC5): 3
LogDevObjectVersion:   Dev-AnimPhys (29E575DD-E0A3-4627-9D10-D276232CDCEA): 17
LogDevObjectVersion:   Dev-Anim (AF43A65D-7FD3-4947-9873-3E8ED9C1BB05): 15
LogDevObjectVersion:   Dev-ReflectionCapture (6B266CEC-1EC7-4B8F-A30B-E4D90942FC07): 1
LogDevObjectVersion:   Dev-Automation (0DF73D61-A23F-47EA-B727-89E90C41499A): 1
LogDevObjectVersion:   FortniteMain (601D1886-AC64-4F84-AA16-D3DE0DEAC7D6): 47
LogDevObjectVersion:   FortniteRelease (E7086368-6B23-4C58-8439-1B7016265E91): 1
LogDevObjectVersion:   Dev-Enterprise (9DFFBCD6-494F-0158-E221-12823C92A888): 10
LogDevObjectVersion:   Dev-Niagara (F2AED0AC-9AFE-416F-8664-AA7FFA26D6FC): 1
LogDevObjectVersion:   Dev-Destruction (174F1F0B-B4C6-45A5-B13F-2EE8D0FB917D): 10
LogDevObjectVersion:   Dev-Physics-Ext (35F94A83-E258-406C-A318-09F59610247C): 41
LogDevObjectVersion:   Dev-PhysicsMaterial-Chaos (B68FC16E-8B1B-42E2-B453-215C058844FE): 1
LogDevObjectVersion:   Dev-CineCamera (B2E18506-4273-CFC2-A54E-F4BB758BBA07): 1
LogDevObjectVersion:   Dev-VirtualProduction (64F58936-FD1B-42BA-BA96-7289D5D0FA4E): 1
LogDevObjectVersion:   Dev-MediaFramework (6F0ED827-A609-4895-9C91-998D90180EA4): 2
LogInit: Presizing for max 25165824 objects, including 0 objects not considered by GC, pre-allocating 0 bytes for permanent pool.
LogConfig: Applying CVar settings from Section [/Script/Engine.StreamingSettings] File [D:/Games/NatureReserve/NatureReserve/Saved/Config/Windows/Engine.ini]
LogConfig: Setting CVar [[s.MinBulkDataSizeForAsyncLoading:131072]]
LogConfig: Setting CVar [[s.AsyncLoadingThreadEnabled:0]]
LogConfig: Setting CVar [[s.EventDrivenLoaderEnabled:1]]
LogConfig: Setting CVar [[s.WarnIfTimeLimitExceeded:0]]
LogConfig: Setting CVar [[s.TimeLimitExceededMultiplier:1.5]]
LogConfig: Setting CVar [[s.TimeLimitExceededMinTime:0.005]]
LogConfig: Setting CVar [[s.UseBackgroundLevelStreaming:1]]
LogConfig: Setting CVar [[s.PriorityAsyncLoadingExtraTime:15.0]]
LogConfig: Setting CVar [[s.LevelStreamingActorsUpdateTimeLimit:5.0]]
LogConfig: Setting CVar [[s.PriorityLevelStreamingActorsUpdateExtraTime:5.0]]
LogConfig: Setting CVar [[s.LevelStreamingComponentsRegistrationGranularity:10]]
LogConfig: Setting CVar [[s.UnregisterComponentsTimeLimit:1.0]]
LogConfig: Setting CVar [[s.LevelStreamingComponentsUnregistrationGranularity:5]]
LogConfig: Setting CVar [[s.FlushStreamingOnExit:1]]
LogInit: Object subsystem initialized
LogConfig: Setting CVar [[con.DebugEarlyDefault:1]]
LogConfig: Setting CVar [[r.setres:1280x720]]
[2025.07.10-10.01.25:765][  0]LogConfig: Setting CVar [[r.VSync:0]]
[2025.07.10-10.01.25:766][  0]LogConfig: Setting CVar [[r.RHICmdBypass:0]]
[2025.07.10-10.01.25:766][  0]LogConfig: Applying CVar settings from Section [/Script/Engine.RendererSettings] File [D:/Games/NatureReserve/NatureReserve/Saved/Config/Windows/Engine.ini]
[2025.07.10-10.01.25:766][  0]LogConfig: Setting CVar [[r.GPUCrashDebugging:0]]
[2025.07.10-10.01.25:766][  0]LogConfig: Applying CVar settings from Section [/Script/Engine.RendererOverrideSettings] File [D:/Games/NatureReserve/NatureReserve/Saved/Config/Windows/Engine.ini]
[2025.07.10-10.01.25:766][  0]LogConfig: Applying CVar settings from Section [/Script/Engine.StreamingSettings] File [D:/Games/NatureReserve/NatureReserve/Saved/Config/Windows/Engine.ini]
[2025.07.10-10.01.25:766][  0]LogConfig: Setting CVar [[s.MinBulkDataSizeForAsyncLoading:131072]]
[2025.07.10-10.01.25:766][  0]LogConfig: Setting CVar [[s.AsyncLoadingThreadEnabled:0]]
[2025.07.10-10.01.25:766][  0]LogConfig: Setting CVar [[s.EventDrivenLoaderEnabled:1]]
[2025.07.10-10.01.25:766][  0]LogConfig: Setting CVar [[s.WarnIfTimeLimitExceeded:0]]
[2025.07.10-10.01.25:766][  0]LogConfig: Setting CVar [[s.TimeLimitExceededMultiplier:1.5]]
[2025.07.10-10.01.25:766][  0]LogConfig: Setting CVar [[s.TimeLimitExceededMinTime:0.005]]
[2025.07.10-10.01.25:766][  0]LogConfig: Setting CVar [[s.UseBackgroundLevelStreaming:1]]
[2025.07.10-10.01.25:766][  0]LogConfig: Setting CVar [[s.PriorityAsyncLoadingExtraTime:15.0]]
[2025.07.10-10.01.25:766][  0]LogConfig: Setting CVar [[s.LevelStreamingActorsUpdateTimeLimit:5.0]]
[2025.07.10-10.01.25:766][  0]LogConfig: Setting CVar [[s.PriorityLevelStreamingActorsUpdateExtraTime:5.0]]
[2025.07.10-10.01.25:766][  0]LogConfig: Setting CVar [[s.LevelStreamingComponentsRegistrationGranularity:10]]
[2025.07.10-10.01.25:766][  0]LogConfig: Setting CVar [[s.UnregisterComponentsTimeLimit:1.0]]
[2025.07.10-10.01.25:766][  0]LogConfig: Setting CVar [[s.LevelStreamingComponentsUnregistrationGranularity:5]]
[2025.07.10-10.01.25:766][  0]LogConfig: Setting CVar [[s.FlushStreamingOnExit:1]]
[2025.07.10-10.01.25:766][  0]LogConfig: Applying CVar settings from Section [/Script/Engine.GarbageCollectionSettings] File [D:/Games/NatureReserve/NatureReserve/Saved/Config/Windows/Engine.ini]
[2025.07.10-10.01.25:766][  0]LogConfig: Setting CVar [[gc.MaxObjectsNotConsideredByGC:1]]
[2025.07.10-10.01.25:766][  0]LogConfig: Setting CVar [[gc.SizeOfPermanentObjectPool:0]]
[2025.07.10-10.01.25:766][  0]LogConfig: Setting CVar [[gc.FlushStreamingOnGC:0]]
[2025.07.10-10.01.25:766][  0]LogConfig: Setting CVar [[gc.NumRetriesBeforeForcingGC:10]]
[2025.07.10-10.01.25:766][  0]LogConfig: Setting CVar [[gc.AllowParallelGC:1]]
[2025.07.10-10.01.25:766][  0]LogConfig: Setting CVar [[gc.TimeBetweenPurgingPendingKillObjects:61.1]]
[2025.07.10-10.01.25:766][  0]LogConfig: Setting CVar [[gc.MaxObjectsInEditor:25165824]]
[2025.07.10-10.01.25:766][  0]LogConfig: Setting CVar [[gc.IncrementalBeginDestroyEnabled:1]]
[2025.07.10-10.01.25:766][  0]LogConfig: Setting CVar [[gc.CreateGCClusters:1]]
[2025.07.10-10.01.25:766][  0]LogConfig: Setting CVar [[gc.MinGCClusterSize:5]]
[2025.07.10-10.01.25:766][  0]LogConfig: Setting CVar [[gc.ActorClusteringEnabled:0]]
[2025.07.10-10.01.25:766][  0]LogConfig: Setting CVar [[gc.BlueprintClusteringEnabled:0]]
[2025.07.10-10.01.25:766][  0]LogConfig: Setting CVar [[gc.UseDisregardForGCOnDedicatedServers:0]]
[2025.07.10-10.01.25:766][  0]LogConfig: Setting CVar [[gc.MultithreadedDestructionEnabled:1]]
[2025.07.10-10.01.25:766][  0]LogConfig: Applying CVar settings from Section [/Script/Engine.NetworkSettings] File [D:/Games/NatureReserve/NatureReserve/Saved/Config/Windows/Engine.ini]
[2025.07.10-10.01.25:766][  0]LogConfig: Applying CVar settings from Section [/Script/UnrealEd.CookerSettings] File [D:/Games/NatureReserve/NatureReserve/Saved/Config/Windows/Engine.ini]
[2025.07.10-10.01.25:789][  0]LogConfig: Applying CVar settings from Section [ViewDistanceQuality@3] File [D:/Games/NatureReserve/NatureReserve/Saved/Config/Windows/Scalability.ini]
[2025.07.10-10.01.25:789][  0]LogConfig: Setting CVar [[r.SkeletalMeshLODBias:0]]
[2025.07.10-10.01.25:789][  0]LogConfig: Setting CVar [[r.ViewDistanceScale:1.0]]
[2025.07.10-10.01.25:789][  0]LogConfig: Applying CVar settings from Section [AntiAliasingQuality@3] File [D:/Games/NatureReserve/NatureReserve/Saved/Config/Windows/Scalability.ini]
[2025.07.10-10.01.25:789][  0]LogConfig: Setting CVar [[r.PostProcessAAQuality:4]]
[2025.07.10-10.01.25:789][  0]LogConfig: Applying CVar settings from Section [ShadowQuality@3] File [D:/Games/NatureReserve/NatureReserve/Saved/Config/Windows/Scalability.ini]
[2025.07.10-10.01.25:789][  0]LogConfig: Setting CVar [[r.LightFunctionQuality:1]]
[2025.07.10-10.01.25:789][  0]LogConfig: Setting CVar [[r.ShadowQuality:5]]
[2025.07.10-10.01.25:789][  0]LogConfig: Setting CVar [[r.Shadow.CSM.MaxCascades:10]]
[2025.07.10-10.01.25:789][  0]LogConfig: Setting CVar [[r.Shadow.MaxResolution:2048]]
[2025.07.10-10.01.25:789][  0]LogConfig: Setting CVar [[r.Shadow.MaxCSMResolution:2048]]
[2025.07.10-10.01.25:789][  0]LogConfig: Setting CVar [[r.Shadow.RadiusThreshold:0.01]]
[2025.07.10-10.01.25:789][  0]LogConfig: Setting CVar [[r.Shadow.DistanceScale:1.0]]
[2025.07.10-10.01.25:789][  0]LogConfig: Setting CVar [[r.Shadow.CSM.TransitionScale:1.0]]
[2025.07.10-10.01.25:789][  0]LogConfig: Setting CVar [[r.Shadow.PreShadowResolutionFactor:1.0]]
[2025.07.10-10.01.25:789][  0]LogConfig: Setting CVar [[r.DistanceFieldShadowing:1]]
[2025.07.10-10.01.25:789][  0]LogConfig: Setting CVar [[r.DistanceFieldAO:1]]
[2025.07.10-10.01.25:789][  0]LogConfig: Setting CVar [[r.AOQuality:2]]
[2025.07.10-10.01.25:789][  0]LogConfig: Setting CVar [[r.VolumetricFog:1]]
[2025.07.10-10.01.25:789][  0]LogConfig: Setting CVar [[r.VolumetricFog.GridPixelSize:8]]
[2025.07.10-10.01.25:789][  0]LogConfig: Setting CVar [[r.VolumetricFog.GridSizeZ:128]]
[2025.07.10-10.01.25:789][  0]LogConfig: Setting CVar [[r.VolumetricFog.HistoryMissSupersampleCount:4]]
[2025.07.10-10.01.25:789][  0]LogConfig: Setting CVar [[r.LightMaxDrawDistanceScale:1]]
[2025.07.10-10.01.25:789][  0]LogConfig: Setting CVar [[r.CapsuleShadows:1]]
[2025.07.10-10.01.25:789][  0]LogConfig: Applying CVar settings from Section [PostProcessQuality@3] File [D:/Games/NatureReserve/NatureReserve/Saved/Config/Windows/Scalability.ini]
[2025.07.10-10.01.25:789][  0]LogConfig: Setting CVar [[r.MotionBlurQuality:4]]
[2025.07.10-10.01.25:789][  0]LogConfig: Setting CVar [[r.AmbientOcclusionMipLevelFactor:0.4]]
[2025.07.10-10.01.25:789][  0]LogConfig: Setting CVar [[r.AmbientOcclusionMaxQuality:100]]
[2025.07.10-10.01.25:789][  0]LogConfig: Setting CVar [[r.AmbientOcclusionLevels:-1]]
[2025.07.10-10.01.25:789][  0]LogConfig: Setting CVar [[r.AmbientOcclusionRadiusScale:1.0]]
[2025.07.10-10.01.25:789][  0]LogConfig: Setting CVar [[r.DepthOfFieldQuality:2]]
[2025.07.10-10.01.25:789][  0]LogConfig: Setting CVar [[r.RenderTargetPoolMin:400]]
[2025.07.10-10.01.25:789][  0]LogConfig: Setting CVar [[r.LensFlareQuality:2]]
[2025.07.10-10.01.25:789][  0]LogConfig: Setting CVar [[r.SceneColorFringeQuality:1]]
[2025.07.10-10.01.25:789][  0]LogConfig: Setting CVar [[r.EyeAdaptationQuality:2]]
[2025.07.10-10.01.25:789][  0]LogConfig: Setting CVar [[r.BloomQuality:5]]
[2025.07.10-10.01.25:789][  0]LogConfig: Setting CVar [[r.FastBlurThreshold:100]]
[2025.07.10-10.01.25:789][  0]LogConfig: Setting CVar [[r.Upscale.Quality:3]]
[2025.07.10-10.01.25:790][  0]LogConfig: Setting CVar [[r.Tonemapper.GrainQuantization:1]]
[2025.07.10-10.01.25:790][  0]LogConfig: Setting CVar [[r.LightShaftQuality:1]]
[2025.07.10-10.01.25:790][  0]LogConfig: Setting CVar [[r.Filter.SizeScale:1]]
[2025.07.10-10.01.25:790][  0]LogConfig: Setting CVar [[r.Tonemapper.Quality:5]]
[2025.07.10-10.01.25:790][  0]LogConfig: Setting CVar [[r.DOF.Gather.AccumulatorQuality:1        ; higher gathering accumulator quality]]
[2025.07.10-10.01.25:790][  0]LogConfig: Setting CVar [[r.DOF.Gather.PostfilterMethod:1          ; Median3x3 postfilering method]]
[2025.07.10-10.01.25:790][  0]LogConfig: Setting CVar [[r.DOF.Gather.EnableBokehSettings:0       ; no bokeh simulation when gathering]]
[2025.07.10-10.01.25:790][  0]LogConfig: Setting CVar [[r.DOF.Gather.RingCount:4                 ; medium number of samples when gathering]]
[2025.07.10-10.01.25:790][  0]LogConfig: Setting CVar [[r.DOF.Scatter.ForegroundCompositing:1    ; additive foreground scattering]]
[2025.07.10-10.01.25:790][  0]LogConfig: Setting CVar [[r.DOF.Scatter.BackgroundCompositing:2    ; additive background scattering]]
[2025.07.10-10.01.25:790][  0]LogConfig: Setting CVar [[r.DOF.Scatter.EnableBokehSettings:1      ; bokeh simulation when scattering]]
[2025.07.10-10.01.25:790][  0]LogConfig: Setting CVar [[r.DOF.Scatter.MaxSpriteRatio:0.1         ; only a maximum of 10% of scattered bokeh]]
[2025.07.10-10.01.25:790][  0]LogConfig: Setting CVar [[r.DOF.Recombine.Quality:1                ; cheap slight out of focus]]
[2025.07.10-10.01.25:790][  0]LogConfig: Setting CVar [[r.DOF.Recombine.EnableBokehSettings:0    ; no bokeh simulation on slight out of focus]]
[2025.07.10-10.01.25:790][  0]LogConfig: Setting CVar [[r.DOF.TemporalAAQuality:1                ; more stable temporal accumulation]]
[2025.07.10-10.01.25:790][  0]LogConfig: Setting CVar [[r.DOF.Kernel.MaxForegroundRadius:0.025]]
[2025.07.10-10.01.25:790][  0]LogConfig: Setting CVar [[r.DOF.Kernel.MaxBackgroundRadius:0.025]]
[2025.07.10-10.01.25:790][  0]LogConfig: Applying CVar settings from Section [TextureQuality@3] File [D:/Games/NatureReserve/NatureReserve/Saved/Config/Windows/Scalability.ini]
[2025.07.10-10.01.25:790][  0]LogConfig: Setting CVar [[r.Streaming.MipBias:0]]
[2025.07.10-10.01.25:790][  0]LogConfig: Setting CVar [[r.Streaming.AmortizeCPUToGPUCopy:0]]
[2025.07.10-10.01.25:790][  0]LogConfig: Setting CVar [[r.Streaming.MaxNumTexturesToStreamPerFrame:0]]
[2025.07.10-10.01.25:790][  0]LogConfig: Setting CVar [[r.Streaming.Boost:1]]
[2025.07.10-10.01.25:790][  0]LogConfig: Setting CVar [[r.MaxAnisotropy:8]]
[2025.07.10-10.01.25:790][  0]LogConfig: Setting CVar [[r.VT.MaxAnisotropy:8]]
[2025.07.10-10.01.25:790][  0]LogConfig: Setting CVar [[r.Streaming.LimitPoolSizeToVRAM:0]]
[2025.07.10-10.01.25:790][  0]LogConfig: Setting CVar [[r.Streaming.PoolSize:1000]]
[2025.07.10-10.01.25:790][  0]LogConfig: Setting CVar [[r.Streaming.MaxEffectiveScreenSize:0]]
[2025.07.10-10.01.25:790][  0]LogConfig: Applying CVar settings from Section [EffectsQuality@3] File [D:/Games/NatureReserve/NatureReserve/Saved/Config/Windows/Scalability.ini]
[2025.07.10-10.01.25:790][  0]LogConfig: Setting CVar [[r.TranslucencyLightingVolumeDim:64]]
[2025.07.10-10.01.25:790][  0]LogConfig: Setting CVar [[r.RefractionQuality:2]]
[2025.07.10-10.01.25:790][  0]LogConfig: Setting CVar [[r.SSR.Quality:3]]
[2025.07.10-10.01.25:790][  0]LogConfig: Setting CVar [[r.SSR.HalfResSceneColor:0]]
[2025.07.10-10.01.25:790][  0]LogConfig: Setting CVar [[r.SceneColorFormat:4]]
[2025.07.10-10.01.25:790][  0]LogConfig: Setting CVar [[r.DetailMode:2]]
[2025.07.10-10.01.25:790][  0]LogConfig: Setting CVar [[r.TranslucencyVolumeBlur:1]]
[2025.07.10-10.01.25:790][  0]LogConfig: Setting CVar [[r.MaterialQualityLevel:1 ; High quality]]
[2025.07.10-10.01.25:790][  0]LogConfig: Setting CVar [[r.AnisotropicMaterials:1]]
[2025.07.10-10.01.25:790][  0]LogConfig: Setting CVar [[r.SSS.Scale:1]]
[2025.07.10-10.01.25:790][  0]LogConfig: Setting CVar [[r.SSS.SampleSet:2]]
[2025.07.10-10.01.25:790][  0]LogConfig: Setting CVar [[r.SSS.Quality:1]]
[2025.07.10-10.01.25:790][  0]LogConfig: Setting CVar [[r.SSS.HalfRes:0]]
[2025.07.10-10.01.25:790][  0]LogConfig: Setting CVar [[r.SSGI.Quality:3]]
[2025.07.10-10.01.25:790][  0]LogConfig: Setting CVar [[r.EmitterSpawnRateScale:1.0]]
[2025.07.10-10.01.25:790][  0]LogConfig: Setting CVar [[r.ParticleLightQuality:2]]
[2025.07.10-10.01.25:790][  0]LogConfig: Setting CVar [[r.SkyAtmosphere.AerialPerspectiveLUT.FastApplyOnOpaque:1 ; Always have FastSkyLUT 1 in this case to avoid wrong sky]]
[2025.07.10-10.01.25:790][  0]LogConfig: Setting CVar [[r.SkyAtmosphere.AerialPerspectiveLUT.SampleCountMaxPerSlice:4]]
[2025.07.10-10.01.25:790][  0]LogConfig: Setting CVar [[r.SkyAtmosphere.AerialPerspectiveLUT.DepthResolution:16.0]]
[2025.07.10-10.01.25:790][  0]LogConfig: Setting CVar [[r.SkyAtmosphere.FastSkyLUT:1]]
[2025.07.10-10.01.25:790][  0]LogConfig: Setting CVar [[r.SkyAtmosphere.FastSkyLUT.SampleCountMin:4.0]]
[2025.07.10-10.01.25:790][  0]LogConfig: Setting CVar [[r.SkyAtmosphere.FastSkyLUT.SampleCountMax:128.0]]
[2025.07.10-10.01.25:790][  0]LogConfig: Setting CVar [[r.SkyAtmosphere.SampleCountMin:4.0]]
[2025.07.10-10.01.25:790][  0]LogConfig: Setting CVar [[r.SkyAtmosphere.SampleCountMax:128.0]]
[2025.07.10-10.01.25:790][  0]LogConfig: Setting CVar [[r.SkyAtmosphere.TransmittanceLUT.UseSmallFormat:0]]
[2025.07.10-10.01.25:790][  0]LogConfig: Setting CVar [[r.SkyAtmosphere.TransmittanceLUT.SampleCount:10.0]]
[2025.07.10-10.01.25:790][  0]LogConfig: Setting CVar [[r.SkyAtmosphere.MultiScatteringLUT.SampleCount:15.0]]
[2025.07.10-10.01.25:790][  0]LogConfig: Setting CVar [[r.SkyLight.RealTimeReflectionCapture:1]]
[2025.07.10-10.01.25:790][  0]LogConfig: Applying CVar settings from Section [FoliageQuality@3] File [D:/Games/NatureReserve/NatureReserve/Saved/Config/Windows/Scalability.ini]
[2025.07.10-10.01.25:790][  0]LogConfig: Setting CVar [[foliage.DensityScale:1.0]]
[2025.07.10-10.01.25:790][  0]LogConfig: Setting CVar [[grass.DensityScale:1.0]]
[2025.07.10-10.01.25:790][  0]LogConfig: Applying CVar settings from Section [ShadingQuality@3] File [D:/Games/NatureReserve/NatureReserve/Saved/Config/Windows/Scalability.ini]
[2025.07.10-10.01.25:790][  0]LogConfig: Setting CVar [[r.HairStrands.SkyLighting.IntegrationType:2]]
[2025.07.10-10.01.25:790][  0]LogConfig: Setting CVar [[r.HairStrands.SkyAO.SampleCount:4]]
[2025.07.10-10.01.25:790][  0]LogConfig: Setting CVar [[r.HairStrands.Visibility.MSAA.SamplePerPixel:4]]
[2025.07.10-10.01.25:790][  0]LogInit: Selected Device Profile: [Windows]
[2025.07.10-10.01.25:790][  0]LogInit: Applying CVar settings loaded from the selected device profile: [Windows]
[2025.07.10-10.01.25:790][  0]LogHAL: Display: Platform has ~ 16 GB [17104957440 / 17179869184 / 16], which maps to Larger [LargestMinGB=32, LargerMinGB=12, DefaultMinGB=8, SmallerMinGB=6, SmallestMinGB=0)
[2025.07.10-10.01.25:790][  0]LogInit: Going up to parent DeviceProfile []
[2025.07.10-10.01.25:790][  0]LogConfig: Applying CVar settings from Section [ViewDistanceQuality@3] File [D:/Games/NatureReserve/NatureReserve/Saved/Config/Windows/Scalability.ini]
[2025.07.10-10.01.25:790][  0]LogConfig: Setting CVar [[r.SkeletalMeshLODBias:0]]
[2025.07.10-10.01.25:790][  0]LogConfig: Setting CVar [[r.ViewDistanceScale:1.0]]
[2025.07.10-10.01.25:790][  0]LogConfig: Applying CVar settings from Section [AntiAliasingQuality@3] File [D:/Games/NatureReserve/NatureReserve/Saved/Config/Windows/Scalability.ini]
[2025.07.10-10.01.25:790][  0]LogConfig: Setting CVar [[r.PostProcessAAQuality:4]]
[2025.07.10-10.01.25:790][  0]LogConfig: Applying CVar settings from Section [ShadowQuality@3] File [D:/Games/NatureReserve/NatureReserve/Saved/Config/Windows/Scalability.ini]
[2025.07.10-10.01.25:790][  0]LogConfig: Setting CVar [[r.LightFunctionQuality:1]]
[2025.07.10-10.01.25:790][  0]LogConfig: Setting CVar [[r.ShadowQuality:5]]
[2025.07.10-10.01.25:790][  0]LogConfig: Setting CVar [[r.Shadow.CSM.MaxCascades:10]]
[2025.07.10-10.01.25:790][  0]LogConfig: Setting CVar [[r.Shadow.MaxResolution:2048]]
[2025.07.10-10.01.25:790][  0]LogConfig: Setting CVar [[r.Shadow.MaxCSMResolution:2048]]
[2025.07.10-10.01.25:790][  0]LogConfig: Setting CVar [[r.Shadow.RadiusThreshold:0.01]]
[2025.07.10-10.01.25:790][  0]LogConfig: Setting CVar [[r.Shadow.DistanceScale:1.0]]
[2025.07.10-10.01.25:790][  0]LogConfig: Setting CVar [[r.Shadow.CSM.TransitionScale:1.0]]
[2025.07.10-10.01.25:790][  0]LogConfig: Setting CVar [[r.Shadow.PreShadowResolutionFactor:1.0]]
[2025.07.10-10.01.25:790][  0]LogConfig: Setting CVar [[r.DistanceFieldShadowing:1]]
[2025.07.10-10.01.25:790][  0]LogConfig: Setting CVar [[r.DistanceFieldAO:1]]
[2025.07.10-10.01.25:790][  0]LogConfig: Setting CVar [[r.AOQuality:2]]
[2025.07.10-10.01.25:790][  0]LogConfig: Setting CVar [[r.VolumetricFog:1]]
[2025.07.10-10.01.25:790][  0]LogConfig: Setting CVar [[r.VolumetricFog.GridPixelSize:8]]
[2025.07.10-10.01.25:790][  0]LogConfig: Setting CVar [[r.VolumetricFog.GridSizeZ:128]]
[2025.07.10-10.01.25:790][  0]LogConfig: Setting CVar [[r.VolumetricFog.HistoryMissSupersampleCount:4]]
[2025.07.10-10.01.25:790][  0]LogConfig: Setting CVar [[r.LightMaxDrawDistanceScale:1]]
[2025.07.10-10.01.25:790][  0]LogConfig: Setting CVar [[r.CapsuleShadows:1]]
[2025.07.10-10.01.25:790][  0]LogConfig: Applying CVar settings from Section [PostProcessQuality@3] File [D:/Games/NatureReserve/NatureReserve/Saved/Config/Windows/Scalability.ini]
[2025.07.10-10.01.25:790][  0]LogConfig: Setting CVar [[r.MotionBlurQuality:4]]
[2025.07.10-10.01.25:790][  0]LogConfig: Setting CVar [[r.AmbientOcclusionMipLevelFactor:0.4]]
[2025.07.10-10.01.25:790][  0]LogConfig: Setting CVar [[r.AmbientOcclusionMaxQuality:100]]
[2025.07.10-10.01.25:790][  0]LogConfig: Setting CVar [[r.AmbientOcclusionLevels:-1]]
[2025.07.10-10.01.25:790][  0]LogConfig: Setting CVar [[r.AmbientOcclusionRadiusScale:1.0]]
[2025.07.10-10.01.25:790][  0]LogConfig: Setting CVar [[r.DepthOfFieldQuality:2]]
[2025.07.10-10.01.25:790][  0]LogConfig: Setting CVar [[r.RenderTargetPoolMin:400]]
[2025.07.10-10.01.25:790][  0]LogConfig: Setting CVar [[r.LensFlareQuality:2]]
[2025.07.10-10.01.25:790][  0]LogConfig: Setting CVar [[r.SceneColorFringeQuality:1]]
[2025.07.10-10.01.25:791][  0]LogConfig: Setting CVar [[r.EyeAdaptationQuality:2]]
[2025.07.10-10.01.25:791][  0]LogConfig: Setting CVar [[r.BloomQuality:5]]
[2025.07.10-10.01.25:791][  0]LogConfig: Setting CVar [[r.FastBlurThreshold:100]]
[2025.07.10-10.01.25:791][  0]LogConfig: Setting CVar [[r.Upscale.Quality:3]]
[2025.07.10-10.01.25:791][  0]LogConfig: Setting CVar [[r.Tonemapper.GrainQuantization:1]]
[2025.07.10-10.01.25:791][  0]LogConfig: Setting CVar [[r.LightShaftQuality:1]]
[2025.07.10-10.01.25:791][  0]LogConfig: Setting CVar [[r.Filter.SizeScale:1]]
[2025.07.10-10.01.25:791][  0]LogConfig: Setting CVar [[r.Tonemapper.Quality:5]]
[2025.07.10-10.01.25:791][  0]LogConfig: Setting CVar [[r.DOF.Gather.AccumulatorQuality:1        ; higher gathering accumulator quality]]
[2025.07.10-10.01.25:791][  0]LogConfig: Setting CVar [[r.DOF.Gather.PostfilterMethod:1          ; Median3x3 postfilering method]]
[2025.07.10-10.01.25:791][  0]LogConfig: Setting CVar [[r.DOF.Gather.EnableBokehSettings:0       ; no bokeh simulation when gathering]]
[2025.07.10-10.01.25:791][  0]LogConfig: Setting CVar [[r.DOF.Gather.RingCount:4                 ; medium number of samples when gathering]]
[2025.07.10-10.01.25:791][  0]LogConfig: Setting CVar [[r.DOF.Scatter.ForegroundCompositing:1    ; additive foreground scattering]]
[2025.07.10-10.01.25:791][  0]LogConfig: Setting CVar [[r.DOF.Scatter.BackgroundCompositing:2    ; additive background scattering]]
[2025.07.10-10.01.25:791][  0]LogConfig: Setting CVar [[r.DOF.Scatter.EnableBokehSettings:1      ; bokeh simulation when scattering]]
[2025.07.10-10.01.25:791][  0]LogConfig: Setting CVar [[r.DOF.Scatter.MaxSpriteRatio:0.1         ; only a maximum of 10% of scattered bokeh]]
[2025.07.10-10.01.25:791][  0]LogConfig: Setting CVar [[r.DOF.Recombine.Quality:1                ; cheap slight out of focus]]
[2025.07.10-10.01.25:791][  0]LogConfig: Setting CVar [[r.DOF.Recombine.EnableBokehSettings:0    ; no bokeh simulation on slight out of focus]]
[2025.07.10-10.01.25:791][  0]LogConfig: Setting CVar [[r.DOF.TemporalAAQuality:1                ; more stable temporal accumulation]]
[2025.07.10-10.01.25:791][  0]LogConfig: Setting CVar [[r.DOF.Kernel.MaxForegroundRadius:0.025]]
[2025.07.10-10.01.25:791][  0]LogConfig: Setting CVar [[r.DOF.Kernel.MaxBackgroundRadius:0.025]]
[2025.07.10-10.01.25:791][  0]LogConfig: Applying CVar settings from Section [TextureQuality@3] File [D:/Games/NatureReserve/NatureReserve/Saved/Config/Windows/Scalability.ini]
[2025.07.10-10.01.25:791][  0]LogConfig: Setting CVar [[r.Streaming.MipBias:0]]
[2025.07.10-10.01.25:791][  0]LogConfig: Setting CVar [[r.Streaming.AmortizeCPUToGPUCopy:0]]
[2025.07.10-10.01.25:791][  0]LogConfig: Setting CVar [[r.Streaming.MaxNumTexturesToStreamPerFrame:0]]
[2025.07.10-10.01.25:791][  0]LogConfig: Setting CVar [[r.Streaming.Boost:1]]
[2025.07.10-10.01.25:791][  0]LogConfig: Setting CVar [[r.MaxAnisotropy:8]]
[2025.07.10-10.01.25:791][  0]LogConfig: Setting CVar [[r.VT.MaxAnisotropy:8]]
[2025.07.10-10.01.25:791][  0]LogConfig: Setting CVar [[r.Streaming.LimitPoolSizeToVRAM:0]]
[2025.07.10-10.01.25:791][  0]LogConfig: Setting CVar [[r.Streaming.PoolSize:1000]]
[2025.07.10-10.01.25:791][  0]LogConfig: Setting CVar [[r.Streaming.MaxEffectiveScreenSize:0]]
[2025.07.10-10.01.25:791][  0]LogConfig: Applying CVar settings from Section [EffectsQuality@3] File [D:/Games/NatureReserve/NatureReserve/Saved/Config/Windows/Scalability.ini]
[2025.07.10-10.01.25:791][  0]LogConfig: Setting CVar [[r.TranslucencyLightingVolumeDim:64]]
[2025.07.10-10.01.25:791][  0]LogConfig: Setting CVar [[r.RefractionQuality:2]]
[2025.07.10-10.01.25:791][  0]LogConfig: Setting CVar [[r.SSR.Quality:3]]
[2025.07.10-10.01.25:791][  0]LogConfig: Setting CVar [[r.SSR.HalfResSceneColor:0]]
[2025.07.10-10.01.25:791][  0]LogConfig: Setting CVar [[r.SceneColorFormat:4]]
[2025.07.10-10.01.25:791][  0]LogConfig: Setting CVar [[r.DetailMode:2]]
[2025.07.10-10.01.25:791][  0]LogConfig: Setting CVar [[r.TranslucencyVolumeBlur:1]]
[2025.07.10-10.01.25:791][  0]LogConfig: Setting CVar [[r.MaterialQualityLevel:1 ; High quality]]
[2025.07.10-10.01.25:791][  0]LogConfig: Setting CVar [[r.AnisotropicMaterials:1]]
[2025.07.10-10.01.25:791][  0]LogConfig: Setting CVar [[r.SSS.Scale:1]]
[2025.07.10-10.01.25:791][  0]LogConfig: Setting CVar [[r.SSS.SampleSet:2]]
[2025.07.10-10.01.25:791][  0]LogConfig: Setting CVar [[r.SSS.Quality:1]]
[2025.07.10-10.01.25:791][  0]LogConfig: Setting CVar [[r.SSS.HalfRes:0]]
[2025.07.10-10.01.25:791][  0]LogConfig: Setting CVar [[r.SSGI.Quality:3]]
[2025.07.10-10.01.25:791][  0]LogConfig: Setting CVar [[r.EmitterSpawnRateScale:1.0]]
[2025.07.10-10.01.25:791][  0]LogConfig: Setting CVar [[r.ParticleLightQuality:2]]
[2025.07.10-10.01.25:791][  0]LogConfig: Setting CVar [[r.SkyAtmosphere.AerialPerspectiveLUT.FastApplyOnOpaque:1 ; Always have FastSkyLUT 1 in this case to avoid wrong sky]]
[2025.07.10-10.01.25:791][  0]LogConfig: Setting CVar [[r.SkyAtmosphere.AerialPerspectiveLUT.SampleCountMaxPerSlice:4]]
[2025.07.10-10.01.25:791][  0]LogConfig: Setting CVar [[r.SkyAtmosphere.AerialPerspectiveLUT.DepthResolution:16.0]]
[2025.07.10-10.01.25:791][  0]LogConfig: Setting CVar [[r.SkyAtmosphere.FastSkyLUT:1]]
[2025.07.10-10.01.25:791][  0]LogConfig: Setting CVar [[r.SkyAtmosphere.FastSkyLUT.SampleCountMin:4.0]]
[2025.07.10-10.01.25:791][  0]LogConfig: Setting CVar [[r.SkyAtmosphere.FastSkyLUT.SampleCountMax:128.0]]
[2025.07.10-10.01.25:791][  0]LogConfig: Setting CVar [[r.SkyAtmosphere.SampleCountMin:4.0]]
[2025.07.10-10.01.25:791][  0]LogConfig: Setting CVar [[r.SkyAtmosphere.SampleCountMax:128.0]]
[2025.07.10-10.01.25:791][  0]LogConfig: Setting CVar [[r.SkyAtmosphere.TransmittanceLUT.UseSmallFormat:0]]
[2025.07.10-10.01.25:791][  0]LogConfig: Setting CVar [[r.SkyAtmosphere.TransmittanceLUT.SampleCount:10.0]]
[2025.07.10-10.01.25:791][  0]LogConfig: Setting CVar [[r.SkyAtmosphere.MultiScatteringLUT.SampleCount:15.0]]
[2025.07.10-10.01.25:791][  0]LogConfig: Setting CVar [[r.SkyLight.RealTimeReflectionCapture:1]]
[2025.07.10-10.01.25:791][  0]LogConfig: Applying CVar settings from Section [FoliageQuality@3] File [D:/Games/NatureReserve/NatureReserve/Saved/Config/Windows/Scalability.ini]
[2025.07.10-10.01.25:791][  0]LogConfig: Setting CVar [[foliage.DensityScale:1.0]]
[2025.07.10-10.01.25:791][  0]LogConfig: Setting CVar [[grass.DensityScale:1.0]]
[2025.07.10-10.01.25:791][  0]LogConfig: Applying CVar settings from Section [ShadingQuality@3] File [D:/Games/NatureReserve/NatureReserve/Saved/Config/Windows/Scalability.ini]
[2025.07.10-10.01.25:791][  0]LogConfig: Setting CVar [[r.HairStrands.SkyLighting.IntegrationType:2]]
[2025.07.10-10.01.25:791][  0]LogConfig: Setting CVar [[r.HairStrands.SkyAO.SampleCount:4]]
[2025.07.10-10.01.25:791][  0]LogConfig: Setting CVar [[r.HairStrands.Visibility.MSAA.SamplePerPixel:4]]
[2025.07.10-10.01.25:791][  0]LogConfig: Applying CVar settings from Section [Startup] File [../../../Engine/Config/ConsoleVariables.ini]
[2025.07.10-10.01.25:791][  0]LogConfig: Setting CVar [[net.UseAdaptiveNetUpdateFrequency:0]]
[2025.07.10-10.01.25:791][  0]LogConfig: Setting CVar [[p.chaos.AllowCreatePhysxBodies:1]]
[2025.07.10-10.01.25:791][  0]LogConfig: Setting CVar [[fx.SkipVectorVMBackendOptimizations:1]]
[2025.07.10-10.01.25:791][  0]LogConfig: Applying CVar settings from Section [ConsoleVariables] File [D:/Games/NatureReserve/NatureReserve/Saved/Config/Windows/Engine.ini]
[2025.07.10-10.01.25:791][  0]LogConfig: Applying CVar settings from Section [ConsoleVariables] File [D:/Games/NatureReserve/NatureReserve/Saved/Config/Windows/Editor.ini]
[2025.07.10-10.01.25:791][  0]LogInit: Computer: DESKTOP-1LRC8FL
[2025.07.10-10.01.25:791][  0]LogInit: User: keyho
[2025.07.10-10.01.25:791][  0]LogInit: CPU Page size=4096, Cores=8
[2025.07.10-10.01.25:791][  0]LogInit: High frequency timer resolution =10.000000 MHz
[2025.07.10-10.01.25:791][  0]LogMemory: Memory total: Physical=15.9GB (16GB approx)
[2025.07.10-10.01.25:791][  0]LogMemory: Platform Memory Stats for Windows
[2025.07.10-10.01.25:792][  0]LogMemory: Process Physical Memory: 147.88 MB used, 147.88 MB peak
[2025.07.10-10.01.25:792][  0]LogMemory: Process Virtual Memory: 122.98 MB used, 122.98 MB peak
[2025.07.10-10.01.25:792][  0]LogMemory: Physical Memory: 7092.62 MB used,  9219.94 MB free, 16312.56 MB total
[2025.07.10-10.01.25:792][  0]LogMemory: Virtual Memory: 134207400.00 MB used,  10331.02 MB free, 134217728.00 MB total
[2025.07.10-10.01.25:795][  0]LogWindows: WindowsPlatformFeatures enabled
[2025.07.10-10.01.25:828][  0]LogInit: Physics initialised using underlying interface: PhysX
[2025.07.10-10.01.25:829][  0]LogInit: Using OS detected language (en-GB).
[2025.07.10-10.01.25:829][  0]LogInit: Using OS detected locale (en-GB).
[2025.07.10-10.01.25:833][  0]LogTextLocalizationManager: No specific localization for 'en-GB' exists, so the 'en' localization will be used.
[2025.07.10-10.01.25:970][  0]LogInit: Setting process to per monitor DPI aware
[2025.07.10-10.01.25:992][  0]LogWindowsTextInputMethodSystem: Display: IME system deactivated.
[2025.07.10-10.01.26:008][  0]LogSlate: New Slate User Created.  User Index 0, Is Virtual User: 0
[2025.07.10-10.01.26:009][  0]LogSlate: Slate User Registered.  User Index 0, Is Virtual User: 0
[2025.07.10-10.01.26:145][  0]LogD3D11RHI: Loaded GFSDK_Aftermath_Lib.x64.dll
[2025.07.10-10.01.26:148][  0]LogHMD: Failed to initialize OpenVR with code 100
[2025.07.10-10.01.26:148][  0]LogD3D11RHI: D3D11 min allowed feature level: 11_0
[2025.07.10-10.01.26:148][  0]LogD3D11RHI: D3D11 max allowed feature level: 11_0
[2025.07.10-10.01.26:148][  0]LogD3D11RHI: D3D11 adapters:
[2025.07.10-10.01.26:283][  0]LogD3D11RHI:    0. 'NVIDIA GeForce RTX 3060' (Feature Level 11_0)
[2025.07.10-10.01.26:283][  0]LogD3D11RHI:       12115/0/8156 MB DedicatedVideo/DedicatedSystem/SharedSystem, Outputs:2, VendorId:0x10de
[2025.07.10-10.01.26:285][  0]LogD3D11RHI:    1. 'Microsoft Basic Render Driver' (Feature Level 11_0)
[2025.07.10-10.01.26:285][  0]LogD3D11RHI:       0/0/8156 MB DedicatedVideo/DedicatedSystem/SharedSystem, Outputs:0, VendorId:0x1414
[2025.07.10-10.01.26:285][  0]LogD3D11RHI: Chosen D3D11 Adapter:
[2025.07.10-10.01.26:285][  0]LogD3D11RHI:     Description : NVIDIA GeForce RTX 3060
[2025.07.10-10.01.26:285][  0]LogD3D11RHI:     VendorId    : 10de
[2025.07.10-10.01.26:285][  0]LogD3D11RHI:     DeviceId    : 2503
[2025.07.10-10.01.26:285][  0]LogD3D11RHI:     SubSysId    : 39031462
[2025.07.10-10.01.26:285][  0]LogD3D11RHI:     Revision    : 00a1
[2025.07.10-10.01.26:285][  0]LogD3D11RHI:     DedicatedVideoMemory : 12703498240 bytes
[2025.07.10-10.01.26:285][  0]LogD3D11RHI:     DedicatedSystemMemory : 0 bytes
[2025.07.10-10.01.26:285][  0]LogD3D11RHI:     SharedSystemMemory : 8552478720 bytes
[2025.07.10-10.01.26:285][  0]LogD3D11RHI:     AdapterLuid : 0 50148
[2025.07.10-10.01.26:289][  0]LogD3D11RHI: Creating new Direct3DDevice
[2025.07.10-10.01.26:289][  0]LogD3D11RHI:     GPU DeviceId: 0x2503 (for the marketing name, search the web for "GPU Device Id")
[2025.07.10-10.01.26:289][  0]LogWindows: EnumDisplayDevices:
[2025.07.10-10.01.26:289][  0]LogWindows:    0. 'NVIDIA GeForce RTX 3060' (P:0 D:1)
[2025.07.10-10.01.26:289][  0]LogWindows:    1. 'NVIDIA GeForce RTX 3060' (P:1 D:1)
[2025.07.10-10.01.26:289][  0]LogWindows:    2. 'NVIDIA GeForce RTX 3060' (P:0 D:0)
[2025.07.10-10.01.26:290][  0]LogWindows:    3. 'NVIDIA GeForce RTX 3060' (P:0 D:0)
[2025.07.10-10.01.26:290][  0]LogWindows: DebugString: FoundDriverCount:4 
[2025.07.10-10.01.26:290][  0]LogD3D11RHI:     Adapter Name: NVIDIA GeForce RTX 3060
[2025.07.10-10.01.26:290][  0]LogD3D11RHI:   Driver Version: 560.94 (internal:32.0.15.6094, unified:560.94)
[2025.07.10-10.01.26:290][  0]LogD3D11RHI:      Driver Date: 8-14-2024
[2025.07.10-10.01.26:290][  0]LogRHI: Texture pool is 8480 MB (70% of 12115 MB)
[2025.07.10-10.01.26:290][  0]LogD3D11RHI: Creating D3DDevice using adapter:
[2025.07.10-10.01.26:290][  0]LogD3D11RHI:     Description : NVIDIA GeForce RTX 3060
[2025.07.10-10.01.26:290][  0]LogD3D11RHI:     VendorId    : 10de
[2025.07.10-10.01.26:290][  0]LogD3D11RHI:     DeviceId    : 2503
[2025.07.10-10.01.26:290][  0]LogD3D11RHI:     SubSysId    : 39031462
[2025.07.10-10.01.26:290][  0]LogD3D11RHI:     Revision    : 00a1
[2025.07.10-10.01.26:290][  0]LogD3D11RHI:     DedicatedVideoMemory : 12703498240 bytes
[2025.07.10-10.01.26:290][  0]LogD3D11RHI:     DedicatedSystemMemory : 0 bytes
[2025.07.10-10.01.26:290][  0]LogD3D11RHI:     SharedSystemMemory : 8552478720 bytes
[2025.07.10-10.01.26:290][  0]LogD3D11RHI:     AdapterLuid : 0 50148
[2025.07.10-10.01.26:379][  0]LogD3D11RHI: RHI has support for 64 bit atomics
[2025.07.10-10.01.26:380][  0]LogD3D11RHI: Async texture creation enabled
[2025.07.10-10.01.26:380][  0]LogD3D11RHI: Array index from any shader is supported
[2025.07.10-10.01.26:394][  0]LogD3D11RHI: GPU Timing Frequency: 1000.000000 (Debug: 2 1)
[2025.07.10-10.01.26:424][  0]LogRHI: GeForceNow SDK initialized: 1
[2025.07.10-10.01.26:655][  0]LogTargetPlatformManager: Display: Loaded TargetPlatform 'AllDesktop'
[2025.07.10-10.01.26:669][  0]LogTargetPlatformManager: Display: Loaded TargetPlatform 'Android'
[2025.07.10-10.01.26:669][  0]LogTargetPlatformManager: Display: Loaded TargetPlatform 'Android_ASTC'
[2025.07.10-10.01.26:669][  0]LogTargetPlatformManager: Display: Loaded TargetPlatform 'Android_DXT'
[2025.07.10-10.01.26:669][  0]LogTargetPlatformManager: Display: Loaded TargetPlatform 'Android_ETC2'
[2025.07.10-10.01.26:669][  0]LogTargetPlatformManager: Display: Loaded TargetPlatform 'AndroidClient'
[2025.07.10-10.01.26:669][  0]LogTargetPlatformManager: Display: Loaded TargetPlatform 'Android_ASTCClient'
[2025.07.10-10.01.26:669][  0]LogTargetPlatformManager: Display: Loaded TargetPlatform 'Android_DXTClient'
[2025.07.10-10.01.26:669][  0]LogTargetPlatformManager: Display: Loaded TargetPlatform 'Android_ETC2Client'
[2025.07.10-10.01.26:669][  0]LogTargetPlatformManager: Display: Loaded TargetPlatform 'Android_Multi'
[2025.07.10-10.01.26:669][  0]LogTargetPlatformManager: Display: Loaded TargetPlatform 'Android_MultiClient'
[2025.07.10-10.01.26:680][  0]LogTargetPlatformManager: Display: Loaded TargetPlatform 'IOSClient'
[2025.07.10-10.01.26:681][  0]LogTargetPlatformManager: Display: Loaded TargetPlatform 'IOS'
[2025.07.10-10.01.26:687][  0]LogTargetPlatformManager: Display: Loaded TargetPlatform 'Linux'
[2025.07.10-10.01.26:690][  0]LogTargetPlatformManager: Display: Loaded TargetPlatform 'LinuxNoEditor'
[2025.07.10-10.01.26:693][  0]LogTargetPlatformManager: Display: Loaded TargetPlatform 'LinuxClient'
[2025.07.10-10.01.26:696][  0]LogTargetPlatformManager: Display: Loaded TargetPlatform 'LinuxServer'
[2025.07.10-10.01.26:712][  0]LogTargetPlatformManager: Display: Loaded TargetPlatform 'LinuxAArch64NoEditor'
[2025.07.10-10.01.26:716][  0]LogTargetPlatformManager: Display: Loaded TargetPlatform 'LinuxAArch64Client'
[2025.07.10-10.01.26:720][  0]LogTargetPlatformManager: Display: Loaded TargetPlatform 'LinuxAArch64Server'
[2025.07.10-10.01.26:737][  0]LogTargetPlatformManager: Display: Loaded TargetPlatform 'Lumin'
[2025.07.10-10.01.26:737][  0]LogTargetPlatformManager: Display: Loaded TargetPlatform 'LuminClient'
[2025.07.10-10.01.26:743][  0]LogTargetPlatformManager: Display: Loaded TargetPlatform 'MacNoEditor'
[2025.07.10-10.01.26:746][  0]LogTargetPlatformManager: Display: Loaded TargetPlatform 'Mac'
[2025.07.10-10.01.26:748][  0]LogTargetPlatformManager: Display: Loaded TargetPlatform 'MacClient'
[2025.07.10-10.01.26:751][  0]LogTargetPlatformManager: Display: Loaded TargetPlatform 'MacServer'
[2025.07.10-10.01.26:758][  0]LogTargetPlatformManager: Display: Loaded TargetPlatform 'TVOSClient'
[2025.07.10-10.01.26:758][  0]LogTargetPlatformManager: Display: Loaded TargetPlatform 'TVOS'
[2025.07.10-10.01.26:764][  0]LogTargetPlatformManager: Display: Loaded TargetPlatform 'WindowsNoEditor'
[2025.07.10-10.01.26:767][  0]LogTargetPlatformManager: Display: Loaded TargetPlatform 'Windows'
[2025.07.10-10.01.26:770][  0]LogTargetPlatformManager: Display: Loaded TargetPlatform 'WindowsClient'
[2025.07.10-10.01.26:773][  0]LogTargetPlatformManager: Display: Loaded TargetPlatform 'WindowsServer'
[2025.07.10-10.01.26:773][  0]LogTargetPlatformManager: Display: Building Assets For Windows
[2025.07.10-10.01.26:778][  0]LogAudioDebug: Display: Lib vorbis DLL was dynamically loaded.
[2025.07.10-10.01.26:799][  0]LogTextureFormatOodle: Display: Oodle Texture 2.9.0 init RDO Off
[2025.07.10-10.01.26:818][  0]LogRendererCore: Ray tracing is disabled. Reason: r.RayTracing=0.
[2025.07.10-10.01.26:818][  0]LogShaderCompilers: Guid format shader working directory is 11 characters bigger than the processId version (D:/Games/NatureReserve/NatureReserve/Intermediate/Shaders/WorkingDirectory/944/).
[2025.07.10-10.01.26:818][  0]LogShaderCompilers: Cleaned the shader compiler working directory 'C:/Users/keyho/AppData/Local/Temp/UnrealShaderWorkingDir/96E714454EFB34914FC61C94020B93EC/'.
[2025.07.10-10.01.26:819][  0]LogXGEController: Cannot use XGE Controller as Incredibuild is not installed on this machine.
[2025.07.10-10.01.26:819][  0]LogShaderCompilers: Cannot use XGE Shader Compiler as Incredibuild is not installed on this machine.
[2025.07.10-10.01.26:819][  0]LogShaderCompilers: Display: Using Local Shader Compiler.
[2025.07.10-10.01.27:458][  0]LogDerivedDataCache: Display: Max Cache Size: 512 MB
[2025.07.10-10.01.27:498][  0]LogDerivedDataCache: Loaded boot cache 0.04s 94MB C:/Users/keyho/AppData/Local/UnrealEngine/4.27/DerivedDataCache/Boot.ddc.
[2025.07.10-10.01.27:498][  0]LogDerivedDataCache: Display: Loaded Boot cache: C:/Users/keyho/AppData/Local/UnrealEngine/4.27/DerivedDataCache/Boot.ddc
[2025.07.10-10.01.27:498][  0]LogDerivedDataCache: FDerivedDataBackendGraph:  Pak pak cache file D:/Games/NatureReserve/NatureReserve/DerivedDataCache/DDC.ddp not found, will not use a pak cache.
[2025.07.10-10.01.27:498][  0]LogDerivedDataCache: Unable to find inner node Pak for hierarchical cache Hierarchy.
[2025.07.10-10.01.27:498][  0]LogDerivedDataCache: FDerivedDataBackendGraph:  CompressedPak pak cache file D:/Games/NatureReserve/NatureReserve/DerivedDataCache/Compressed.ddp not found, will not use a pak cache.
[2025.07.10-10.01.27:498][  0]LogDerivedDataCache: Unable to find inner node CompressedPak for hierarchical cache Hierarchy.
[2025.07.10-10.01.27:511][  0]LogDerivedDataCache: Display: Pak cache opened for reading ../../../Engine/DerivedDataCache/Compressed.ddp.
[2025.07.10-10.01.27:511][  0]LogDerivedDataCache: FDerivedDataBackendGraph:  EnterprisePak pak cache file ../../../Enterprise/DerivedDataCache/Compressed.ddp not found, will not use a pak cache.
[2025.07.10-10.01.27:511][  0]LogDerivedDataCache: Unable to find inner node EnterprisePak for hierarchical cache Hierarchy.
[2025.07.10-10.01.27:516][  0]LogDerivedDataCache: Speed tests for C:/Users/keyho/AppData/Local/UnrealEngine/Common/DerivedDataCache took 0.01 seconds
[2025.07.10-10.01.27:517][  0]LogDerivedDataCache: Display: Performance to C:/Users/keyho/AppData/Local/UnrealEngine/Common/DerivedDataCache: Latency=0.03ms. RandomReadSpeed=1488.45MBs, RandomWriteSpeed=230.66MBs. Assigned SpeedClass 'Local'
[2025.07.10-10.01.27:517][  0]LogDerivedDataCache: Using Local data cache path C:/Users/keyho/AppData/Local/UnrealEngine/Common/DerivedDataCache: Writable
[2025.07.10-10.01.27:517][  0]LogDerivedDataCache: Shared data cache path not found in *engine.ini, will not use an Shared cache.
[2025.07.10-10.01.27:517][  0]LogDerivedDataCache: Unable to find inner node Shared for hierarchical cache Hierarchy.
[2025.07.10-10.01.27:555][  0]LogSlate: Using FreeType 2.10.0
[2025.07.10-10.01.27:555][  0]LogSlate: SlateFontServices - WITH_FREETYPE: 1, WITH_HARFBUZZ: 1
[2025.07.10-10.01.27:574][  0]LogAssetRegistry: FAssetRegistry took 0.0019 seconds to start up
[2025.07.10-10.01.27:745][  0]LogInit: Selected Device Profile: [Windows]
[2025.07.10-10.01.27:745][  0]LogInit: Active device profile: [0000019628A6BD00][0000019627D29240 49] Windows
[2025.07.10-10.01.27:745][  0]LogInit: Profiles: [0000019628A6BD00][0000019627D29240 49] Windows, [0000019628A20400][0000019624FC13C0 49] WindowsNoEditor, [0000019628A68400][0000019624FC5540 49] WindowsServer, [0000019628A23600][0000019624FC96C0 49] WindowsClient, [0000019628A6B500][0000019624FCD840 49] IOS, [0000019628A20E00][0000019624FD19C0 49] iPadAir, [0000019628A68D00][0000019624FD5B40 49] iPadAir2, [00000196289D8500][0000019624FDC280 49] IPadPro, [00000196289D8600][0000019624FD82C0 49] iPadAir3, [0000019628A6AE00][0000019624FE0440 49] iPadAir4, [00000196289DBA00][0000019627D2C580 49] iPadMini2, [0000019628A69200][0000019624FE46C0 49] iPadMini3, [00000196289D9500][0000019624FE8800 49] iPadMini4, [0000019628A6A600][0000019624FEC940 49] iPadMini5, [00000196289CBD00][0000019624FF8C00 49] iPhone6, [00000196289CBE00][0000019624FF4C40 49] iPodTouch6, [00000196289DB300][0000019625000F00 49] iPhone7, [00000196289DB400][0000019624FFCF40 49] iPodTouch7, [00000196289C8900][00000196250050C0 49] iPhone5S, [00000196289DA900][0000019625009240 49] iPhone6Plus, [00000196289CB000][000001962500D3C0 49] iPhone6S, [00000196289DBC00][0000019625011540 49] iPhone6SPlus, [00000196289C9100][00000196250156C0 49] iPhone7Plus, [00000196289DA600][0000019625019840 49] iPhoneSE, [00000196289CA800][000001962501D9C0 49] iPhone8, [00000196289D9A00][0000019625021B40 49] iPhone8Plus, [00000196289C9900][0000019625024140 49] iPhoneX, [00000196289D8100][00000196250282C0 49] iPhoneXS, [00000196289CBB00][000001962502C440 49] iPhoneXSMax, [00000196289DB100][00000196250305C0 49] iPhoneXR, [00000196289C9D00][0000019625034740 49] iPhone11, [00000196289D8E00][0000019624FF0880 49] iPhone11Pro, [00000196289CBC00][00000196250389C0 49] iPhone11ProMax, [00000196289DB200][000001962503CB00 49] iPhoneSE2, [00000196289C8600][0000019625044C80 49] iPhone12Mini, [00000196289DA300][0000019625048E00 49] iPhone12, [00000196289C9C00][000001962504CF80 49] iPhone12Pro, [00000196289D8200][0000019625051100 49] iPhone12ProMax, [00000196289C8F00][0000019625055280 49] iPadPro105, [00000196289DA500][0000019624DF5400 49] iPadPro129, [00000196289CA500][0000019624DF9580 49] iPadPro97, [00000196289D9400][0000019624DFD700 49] iPadPro2_129, [00000196289CA200][0000019624E01880 49] iPad5, [00000196289D9C00][0000019624E05A00 49] iPad6, [00000196289C9B00][0000019624E09B80 49] iPad7, [00000196289DBD00][0000019624E0C180 49] iPad8, [00000196289C9E00][0000019624E10300 49] iPadPro11, [00000196289DAB00][0000019624E14480 49] iPadPro2_11, [00000196289CAD00][0000019624E18600 49] iPadPro3_129, [00000196289D9300][0000019624E1C780 49] iPadPro4_129, [00000196289CA300][0000019624E20900 49] AppleTV, [00000196289D9700][0000019625040A40 49] AppleTV4K, [00000196289C9200][0000019624E24B80 49] TVOS, [00000196289DA100][0000019624E28CC0 49] Mac, [00000196289C8A00][0000019624E30E40 49] MacClient, [00000196289D8900][0000019624E34FC0 49] MacNoEditor, [00000196289C8700][0000019624E39140 49] MacServer, [00000196289DB600][0000019624E3D2C0 49] Linux, [00000196289CAF00][0000019624E41440 49] LinuxAArch64, [00000196289DBE00][0000019624E455C0 49] LinuxNoEditor, [00000196289C9500][0000019624E49740 49] LinuxAArch64NoEditor, [00000196289DBF00][0000019624E4D8C0 49] LinuxClient, [00000196289CB700][0000019624E51A40 49] LinuxAArch64Client, [00000196289D8B00][0000019624E55BC0 49] LinuxServer, [00000196289C9300][0000019624E581C0 49] LinuxAArch64Server, [00000196289DA700][0000019624E5C340 49] Android, [0000019628A23400][0000019624E604C0 49] Android_Low, [0000019628A98800][0000019624E64640 49] Android_Mid, [0000019628A22D00][0000019624E687C0 49] Android_High, [0000019628A98A00][0000019624E6C940 49] Android_Default, [0000019628A20A00][0000019624E70AC0 49] Android_Adreno4xx, [0000019628A98600][0000019624E2CC00 49] Android_Adreno5xx_Low, [0000019628A22B00][0000019624E74D40 49] Android_Adreno5xx, [0000019628A98F00][0000019624E78E80 49] Android_Adreno6xx, [0000019628A21000][0000019624E7CFC0 49] Android_Adreno6xx_Vulkan, [0000019628A9A000][0000019624E85140 49] Android_Mali_T6xx, [0000019628A21D00][0000019624E892C0 49] Android_Mali_T7xx, [0000019628A9A200][0000019624E8D440 49] Android_Mali_T8xx, [0000019628A23B00][0000019624E915C0 49] Android_Mali_G71, [0000019628A99100][0000019624E95740 49] Android_Mali_G72, [0000019628A21600][0000019624E998C0 49] Android_Mali_G72_Vulkan, [0000019628A99800][0000019628D41A40 49] Android_Mali_G76, [0000019628A20600][0000019628D45BC0 49] Android_Mali_G76_Vulkan, [0000019628A9A600][0000019628D481C0 49] Android_Mali_G77, [0000019628A22100][0000019628D4C340 49] Android_Mali_G77_Vulkan, [0000019628A99200][0000019628D504C0 49] Android_Mali_G78, [0000019628A20900][0000019628D54640 49] Android_Mali_G78_Vulkan, [0000019628A9A100][0000019628D587C0 49] Android_Mali_G710, [0000019628A23300][0000019628D5C940 49] Android_Mali_G710_Vulkan, [0000019628A99F00][0000019628D60AC0 49] Android_Vulkan_SM5, [0000019628A23700][0000019628D64C40 49] Android_PowerVR_G6xxx, [0000019628A99C00][0000019624E80D80 49] Android_PowerVR_GT7xxx, [0000019628A22500][0000019628D68EC0 49] Android_PowerVR_GE8xxx, [0000019628A99900][0000019628D6D000 49] Android_PowerVR_GM9xxx, [00000196289DAE00][0000019628D71140 49] Android_PowerVR_GM9xxx_Vulkan, [0000019628A9A300][0000019628D792C0 49] Android_TegraK1, [00000196289D9F00][0000019628D7D440 49] Android_Unknown_Vulkan, [0000019628A98B00][0000019628D815C0 49] Lumin, [00000196289DB700][0000019628D85740 49] Lumin_Desktop, [0000019628A98100][0000019628D898C0 49] HoloLens, 
[2025.07.10-10.01.27:839][  0]LogMeshReduction: Using QuadricMeshReduction for automatic static mesh reduction
[2025.07.10-10.01.27:839][  0]LogMeshReduction: Using SimplygonMeshReduction for automatic skeletal mesh reduction
[2025.07.10-10.01.27:839][  0]LogMeshReduction: Using ProxyLODMeshReduction for automatic mesh merging
[2025.07.10-10.01.27:839][  0]LogMeshReduction: No distributed automatic mesh merging module available
[2025.07.10-10.01.27:839][  0]LogMeshMerging: No distributed automatic mesh merging module available
[2025.07.10-10.01.27:851][  0]LogNetVersion: NatureReserve 1.0.0, NetCL: 17155196, EngineNetVer: 17, GameNetVer: 0 (Checksum: 1852848032)
[2025.07.10-10.01.28:147][  0]LogTexture: Default maximum texture size for cubemaps generated from long-lat sources has been changed from 512 to unlimited. In order to preserve old behaiour for '/Engine/MapTemplates/Sky/DaylightAmbientCubemap.DaylightAmbientCubemap', its maximum texture size has been explicitly set to 512.
[2025.07.10-10.01.28:189][  0]LogHMD: PokeAHoleMaterial loaded successfully
[2025.07.10-10.01.28:193][  0]LogUObjectArray: 17178 objects as part of root set at end of initial load.
[2025.07.10-10.01.28:193][  0]LogUObjectAllocator: 4302048 out of 0 bytes used by permanent object pool.
[2025.07.10-10.01.28:193][  0]LogUObjectArray: CloseDisregardForGC: 0/0 objects in disregard for GC pool
[2025.07.10-10.01.28:410][  0]LogNiagaraDebuggerClient: Niagara Debugger Client Initialized | Session: AC10133E44842ECC0F6D0AADB0B33AD7 | Instance: 5E9E10544B5F99BB583223A210ABA70F (DESKTOP-1LRC8FL-944).
[2025.07.10-10.01.28:499][  0]LogPython: Using Python 3.7.7
[2025.07.10-10.01.28:899][  0]LogTcpMessaging: Initializing TcpMessaging bridge
[2025.07.10-10.01.28:902][  0]LogUdpMessaging: Initializing bridge on interface 0.0.0.0:0 to multicast group 230.0.0.1:6666.
[2025.07.10-10.01.29:004][  0]SourceControl: Source control is disabled
[2025.07.10-10.01.29:004][  0]SourceControl: Source control is disabled
[2025.07.10-10.01.29:006][  0]SourceControl: Source control is disabled
[2025.07.10-10.01.29:010][  0]SourceControl: Source control is disabled
[2025.07.10-10.01.29:012][  0]SourceControl: Source control is disabled
[2025.07.10-10.01.29:034][  0]LogUProjectInfo: Found projects:
[2025.07.10-10.01.29:163][  0]LogOpenImageDenoise: OIDN starting up
[2025.07.10-10.01.29:192][  0]LogAndroidPermission: UAndroidPermissionCallbackProxy::GetInstance
[2025.07.10-10.01.29:210][  0]LogAudioCaptureCore: Display: No Audio Capture implementations found. Audio input will be silent.
[2025.07.10-10.01.29:210][  0]LogAudioCaptureCore: Display: No Audio Capture implementations found. Audio input will be silent.
[2025.07.10-10.01.29:300][  0]LogCollectionManager: Loaded 0 collections in 0.001119 seconds
[2025.07.10-10.01.29:316][  0]LogFileCache: Scanning file cache for directory 'D:/Games/NatureReserve/NatureReserve/Saved/Collections/' took 0.00s
[2025.07.10-10.01.29:316][  0]LogFileCache: Scanning file cache for directory 'D:/Games/NatureReserve/NatureReserve/Content/Developers/keyho/Collections/' took 0.00s
[2025.07.10-10.01.29:316][  0]LogFileCache: Scanning file cache for directory 'D:/Games/NatureReserve/NatureReserve/Content/Collections/' took 0.00s
[2025.07.10-10.01.29:316][  0]LogOcInput: OculusInput pre-init called
[2025.07.10-10.01.29:530][  0]LogEngine: Initializing Engine...
[2025.07.10-10.01.29:540][  0]LogHMD: Failed to enumerate extensions. Please check that you have a valid OpenXR runtime installed.
[2025.07.10-10.01.29:540][  0]LogHMD: Failed to initialize OpenVR with code 100
[2025.07.10-10.01.29:540][  0]LogMagicLeap: Warning: VR disabled because ZI is not enabled.  To enable, in the editor, Edit -> Project Settings -> Plugins -> Magic Leap Plugin -> Enable Zero Iteration
[2025.07.10-10.01.29:541][  0]LogStats: UGameplayTagsManager::InitializeManager -  0.000 s
[2025.07.10-10.01.29:639][  0]LogInit: Initializing FReadOnlyCVARCache
[2025.07.10-10.01.29:644][  0]LogAIModule: Creating AISystem for world Untitled
[2025.07.10-10.01.29:644][  0]LogAudio: Display: Initializing Audio Device Manager...
[2025.07.10-10.01.29:646][  0]LogAudio: Display: Loading Default Audio Settings Objects...
[2025.07.10-10.01.29:647][  0]LogAudio: Display: No default SoundConcurrencyObject specified (or failed to load).
[2025.07.10-10.01.29:647][  0]LogAudio: Display: Audio Device Manager Initialized
[2025.07.10-10.01.29:647][  0]LogAudio: Display: Creating Audio Device:                 Id: 1, Scope: Shared, Realtime: True
[2025.07.10-10.01.29:647][  0]LogAudioMixer: Display: Audio Mixer Platform Settings:
[2025.07.10-10.01.29:647][  0]LogAudioMixer: Display: 	Sample Rate:						  48000
[2025.07.10-10.01.29:647][  0]LogAudioMixer: Display: 	Callback Buffer Frame Size Requested: 1024
[2025.07.10-10.01.29:647][  0]LogAudioMixer: Display: 	Callback Buffer Frame Size To Use:	  1024
[2025.07.10-10.01.29:647][  0]LogAudioMixer: Display: 	Number of buffers to queue:			  2
[2025.07.10-10.01.29:647][  0]LogAudioMixer: Display: 	Max Channels (voices):				  32
[2025.07.10-10.01.29:647][  0]LogAudioMixer: Display: 	Number of Async Source Workers:		  0
[2025.07.10-10.01.29:647][  0]LogAudio: Display: AudioDevice MaxSources: 32
[2025.07.10-10.01.29:647][  0]LogAudio: Display: Audio Spatialization Plugin: None (built-in).
[2025.07.10-10.01.29:647][  0]LogAudio: Display: Audio Reverb Plugin: None (built-in).
[2025.07.10-10.01.29:647][  0]LogAudio: Display: Audio Occlusion Plugin: None (built-in).
[2025.07.10-10.01.29:647][  0]LogAudioMixer: Display: Initializing audio mixer.
[2025.07.10-10.01.29:657][  0]LogAudioMixer: Display: 0: FrontLeft
[2025.07.10-10.01.29:657][  0]LogAudioMixer: Display: 1: FrontRight
[2025.07.10-10.01.29:673][  0]LogAudioMixer: Display: Using Audio Device Speakers (2- USB Audio Device)
[2025.07.10-10.01.29:676][  0]LogAudioMixer: Display: Initializing Sound Submixes...
[2025.07.10-10.01.29:678][  0]LogAudioMixer: Display: Creating Master Submix 'MasterSubmixDefault'
[2025.07.10-10.01.29:678][  0]LogAudioMixer: Display: Creating Master Submix 'MasterReverbSubmixDefault'
[2025.07.10-10.01.29:678][  0]LogAudioMixer: Display: Creating Master Submix 'MasterEQSubmixDefault'
[2025.07.10-10.01.29:678][  0]LogAudioMixer: FMixerPlatformXAudio2::StartAudioStream() called
[2025.07.10-10.01.29:678][  0]LogAudioMixer: Display: Output buffers initialized: Frames=1024, Channels=2, Samples=2048
[2025.07.10-10.01.29:679][  0]LogAudioMixer: Display: Starting AudioMixerPlatformInterface::RunInternal()
[2025.07.10-10.01.29:679][  0]LogAudioMixer: Display: FMixerPlatformXAudio2::SubmitBuffer() called for the first time
[2025.07.10-10.01.29:679][  0]LogInit: FAudioDevice initialized.
[2025.07.10-10.01.29:679][  0]LogAudio: Display: Audio Device (ID: 1) registered with world 'Untitled'.
[2025.07.10-10.01.29:679][  0]LogNetVersion: Set ProjectVersion to 1.0.0.0. Version Checksum will be recalculated on next use.
[2025.07.10-10.01.29:720][  0]LogDerivedDataCache: Saved boot cache 0.04s 94MB C:/Users/keyho/AppData/Local/UnrealEngine/4.27/DerivedDataCache/Boot.ddc.
[2025.07.10-10.01.29:722][  0]LogInit: Texture streaming: Enabled
[2025.07.10-10.01.29:731][  0]LogAnalytics: Display: [UEEditor.Rocket.Release] APIServer = https://datarouter.ol.epicgames.com/. AppVersion = 4.27.2-18319896+++UE4+Release-4.27
[2025.07.10-10.01.29:733][  0]LogEngineSessionManager: EngineSessionManager initialized
[2025.07.10-10.01.29:733][  0]LogEditorSessionSummary: Verbose: Initializing EditorSessionSummaryWriter for editor session tracking
[2025.07.10-10.01.29:734][  0]LogEditorSessionSummary: EditorSessionSummaryWriter initialized
[2025.07.10-10.01.29:751][  0]LogInit: Transaction tracking system initialized
[2025.07.10-10.01.29:766][  0]BlueprintLog: New page: Editor Load
[2025.07.10-10.01.29:808][  0]LocalizationService: Localization service is disabled
[2025.07.10-10.01.29:824][  0]TimingProfiler: Initialize
[2025.07.10-10.01.29:824][  0]TimingProfiler: OnSessionChanged
[2025.07.10-10.01.29:824][  0]LoadingProfiler: Initialize
[2025.07.10-10.01.29:824][  0]LoadingProfiler: OnSessionChanged
[2025.07.10-10.01.29:824][  0]NetworkingProfiler: Initialize
[2025.07.10-10.01.29:824][  0]NetworkingProfiler: OnSessionChanged
[2025.07.10-10.01.29:824][  0]MemoryProfiler: Initialize
[2025.07.10-10.01.29:824][  0]MemoryProfiler: OnSessionChanged
[2025.07.10-10.01.29:934][  0]LogCook: Display: CookSettings for Memory: MemoryMaxUsedVirtual 0MiB, MemoryMaxUsedPhysical 16384MiB, MemoryMinFreeVirtual 0MiB, MemoryMinFreePhysical 1024MiB
[2025.07.10-10.01.29:934][  0]LogCook: Display: Mobile HDR setting 1
[2025.07.10-10.01.30:063][  0]LogFileCache: Scanning file cache for directory 'D:/Games/NatureReserve/NatureReserve/Content/' took 0.01s
[2025.07.10-10.01.30:218][  0]LogInit: Display: Engine is initialized. Leaving FEngineLoop::Init()
[2025.07.10-10.01.30:220][  0]SourceControl: Source control is disabled
[2025.07.10-10.01.30:221][  0]LogUnrealEdMisc: Loading editor; pre map load, took 5.388
[2025.07.10-10.01.30:221][  0]Cmd: MAP LOAD FILE="D:/Games/NatureReserve/NatureReserve/Content/ThirdPersonBP/Maps/ThirdPersonExampleMap.umap" TEMPLATE=0 SHOWPROGRESS=1 FEATURELEVEL=3
[2025.07.10-10.01.30:221][  0]LightingResults: New page: Lighting Build
[2025.07.10-10.01.30:222][  0]LogWorld: UWorld::CleanupWorld for Untitled, bSessionEnded=true, bCleanupResources=true
[2025.07.10-10.01.30:222][  0]LogSlate: InvalidateAllWidgets triggered.  All widgets were invalidated
[2025.07.10-10.01.30:222][  0]MapCheck: New page: Map Check
[2025.07.10-10.01.30:222][  0]LightingResults: New page: Lighting Build
[2025.07.10-10.01.30:226][  0]LogAudio: Display: Audio Device unregistered from world 'None'.
[2025.07.10-10.01.30:228][  0]LogUObjectHash: Compacting FUObjectHashTables data took   0.58ms
[2025.07.10-10.01.31:135][  0]LogTexture: Display: Building textures: HQ_Lightmap1_2 (OODLE_AutoDXT, 64X64)
[2025.07.10-10.01.31:135][  0]LogTexture: Display: Building textures: SkyOcclusion1_2 (OODLE_AutoDXT, 64X32)
[2025.07.10-10.01.31:135][  0]LogTexture: Display: Building textures: SkyOcclusion1_1 (OODLE_AutoDXT, 1024X512)
[2025.07.10-10.01.31:136][  0]LogTexture: Display: Building textures: ShadowMapTexture2D_2 (G8, 1024X512)
[2025.07.10-10.01.31:136][  0]LogTextureFormatOodle: Display: non-RDO encode 1024 x 512 x 1 to format OODLE_AutoDXT (Oodle OodleTex_BC3) lambda=0 effort=20 
[2025.07.10-10.01.31:136][  0]LogTexture: Display: Building textures: LQ_Lightmap_1_1 (OODLE_DXT1, 1024X1024)
[2025.07.10-10.01.31:136][  0]LogTexture: Display: Building textures: HQ_Lightmap1_1 (OODLE_AutoDXT, 1024X1024)
[2025.07.10-10.01.31:136][  0]LogTextureFormatOodle: Display: non-RDO encode 1024 x 1024 x 1 to format OODLE_AutoDXT (Oodle OodleTex_BC3) lambda=0 effort=20 
[2025.07.10-10.01.31:136][  0]LogTextureFormatOodle: Display: non-RDO encode 1024 x 1024 x 1 to format OODLE_DXT1 (Oodle OodleTex_BC1_WithTransparency) lambda=0 effort=20 
[2025.07.10-10.01.31:157][  0]LogAudio: Display: Audio Device (ID: 1) registered with world 'ThirdPersonExampleMap'.
[2025.07.10-10.01.31:159][  0]LogAIModule: Creating AISystem for world ThirdPersonExampleMap
[2025.07.10-10.01.31:185][  0]LogEditorServer: Finished looking for orphan Actors (0.000 secs)
[2025.07.10-10.01.31:192][  0]LogUObjectHash: Compacting FUObjectHashTables data took   0.96ms
[2025.07.10-10.01.31:195][  0]Cmd: MAP CHECKDEP NOCLEARLOG
[2025.07.10-10.01.31:195][  0]MapCheck: Map check complete: 0 Error(s), 0 Warning(s), took 0.137ms to complete.
[2025.07.10-10.01.31:195][  0]LogFileHelpers: Loading map 'ThirdPersonExampleMap' took 0.975
[2025.07.10-10.01.31:197][  0]LogUnrealEdMisc: Total Editor Startup Time, took 6.365
[2025.07.10-10.01.31:387][  0]LogSlate: Updating window title bar state: overlay mode, drag disabled, window buttons hidden, title bar hidden
[2025.07.10-10.01.31:395][  0]LogSlate: Updating window title bar state: overlay mode, drag disabled, window buttons hidden, title bar hidden
[2025.07.10-10.01.31:401][  0]LogSlate: Updating window title bar state: overlay mode, drag disabled, window buttons hidden, title bar hidden
[2025.07.10-10.01.31:407][  0]LogSlate: Updating window title bar state: overlay mode, drag disabled, window buttons hidden, title bar hidden
[2025.07.10-10.01.31:454][  0]LogNativeClassHierarchy: Verbose: Native class hierarchy populated in 0.0221 seconds. Added 3822 classes and 928 folders.
[2025.07.10-10.01.31:460][  0]LogNativeClassHierarchy: Verbose: Native class hierarchy updated for 'WidgetCarousel' in 0.0003 seconds. Added 0 classes and 0 folders.
[2025.07.10-10.01.31:474][  0]LogPakFile: PakFile PrimaryIndexSize=187
[2025.07.10-10.01.31:474][  0]LogPakFile: PakFile PathHashIndexSize=101
[2025.07.10-10.01.31:474][  0]LogPakFile: PakFile FullDirectoryIndexSize=148
[2025.07.10-10.01.31:474][  0]LogShaderLibrary: Display: ShaderCodeLibraryPakFileMountedCallback: PakFile 'C:/Program Files/Epic Games/UE_4.27/FeaturePacks/FP_FirstPerson.upack' (chunk index -1, root 'root:/') mounted
[2025.07.10-10.01.31:474][  0]LogShaderLibrary: Display: ShaderCodeLibraryPakFileMountedCallback: pending pak file info (ChunkID:-1 Root:root:/ File:C:/Program Files/Epic Games/UE_4.27/FeaturePacks/FP_FirstPerson.upack)
[2025.07.10-10.01.31:474][  0]LogPakFile: OnPakFileMounted2Time == 0.000054
[2025.07.10-10.01.31:483][  0]LogPakFile: PakFile PrimaryIndexSize=189
[2025.07.10-10.01.31:483][  0]LogPakFile: PakFile PathHashIndexSize=101
[2025.07.10-10.01.31:483][  0]LogPakFile: PakFile FullDirectoryIndexSize=152
[2025.07.10-10.01.31:483][  0]LogShaderLibrary: Display: ShaderCodeLibraryPakFileMountedCallback: PakFile 'C:/Program Files/Epic Games/UE_4.27/FeaturePacks/FP_FirstPersonBP.upack' (chunk index -1, root 'root:/') mounted
[2025.07.10-10.01.31:483][  0]LogShaderLibrary: Display: ShaderCodeLibraryPakFileMountedCallback: pending pak file info (ChunkID:-1 Root:root:/ File:C:/Program Files/Epic Games/UE_4.27/FeaturePacks/FP_FirstPersonBP.upack)
[2025.07.10-10.01.31:483][  0]LogPakFile: OnPakFileMounted2Time == 0.000043
[2025.07.10-10.01.31:489][  0]LogPakFile: PakFile PrimaryIndexSize=191
[2025.07.10-10.01.31:489][  0]LogPakFile: PakFile PathHashIndexSize=101
[2025.07.10-10.01.31:489][  0]LogPakFile: PakFile FullDirectoryIndexSize=160
[2025.07.10-10.01.31:489][  0]LogShaderLibrary: Display: ShaderCodeLibraryPakFileMountedCallback: PakFile 'C:/Program Files/Epic Games/UE_4.27/FeaturePacks/MobileStarterContent.upack' (chunk index -1, root 'root:/') mounted
[2025.07.10-10.01.31:489][  0]LogShaderLibrary: Display: ShaderCodeLibraryPakFileMountedCallback: pending pak file info (ChunkID:-1 Root:root:/ File:C:/Program Files/Epic Games/UE_4.27/FeaturePacks/MobileStarterContent.upack)
[2025.07.10-10.01.31:489][  0]LogPakFile: OnPakFileMounted2Time == 0.000035
[2025.07.10-10.01.31:495][  0]LogPakFile: PakFile PrimaryIndexSize=185
[2025.07.10-10.01.31:495][  0]LogPakFile: PakFile PathHashIndexSize=101
[2025.07.10-10.01.31:495][  0]LogPakFile: PakFile FullDirectoryIndexSize=148
[2025.07.10-10.01.31:495][  0]LogShaderLibrary: Display: ShaderCodeLibraryPakFileMountedCallback: PakFile 'C:/Program Files/Epic Games/UE_4.27/FeaturePacks/StarterContent.upack' (chunk index -1, root 'root:/') mounted
[2025.07.10-10.01.31:495][  0]LogShaderLibrary: Display: ShaderCodeLibraryPakFileMountedCallback: pending pak file info (ChunkID:-1 Root:root:/ File:C:/Program Files/Epic Games/UE_4.27/FeaturePacks/StarterContent.upack)
[2025.07.10-10.01.31:495][  0]LogPakFile: OnPakFileMounted2Time == 0.000029
[2025.07.10-10.01.31:500][  0]LogPakFile: PakFile PrimaryIndexSize=190
[2025.07.10-10.01.31:500][  0]LogPakFile: PakFile PathHashIndexSize=101
[2025.07.10-10.01.31:500][  0]LogPakFile: PakFile FullDirectoryIndexSize=154
[2025.07.10-10.01.31:500][  0]LogShaderLibrary: Display: ShaderCodeLibraryPakFileMountedCallback: PakFile 'C:/Program Files/Epic Games/UE_4.27/FeaturePacks/TP_2DSideScroller.upack' (chunk index -1, root 'root:/') mounted
[2025.07.10-10.01.31:500][  0]LogShaderLibrary: Display: ShaderCodeLibraryPakFileMountedCallback: pending pak file info (ChunkID:-1 Root:root:/ File:C:/Program Files/Epic Games/UE_4.27/FeaturePacks/TP_2DSideScroller.upack)
[2025.07.10-10.01.31:500][  0]LogPakFile: OnPakFileMounted2Time == 0.000029
[2025.07.10-10.01.31:507][  0]LogPakFile: PakFile PrimaryIndexSize=192
[2025.07.10-10.01.31:507][  0]LogPakFile: PakFile PathHashIndexSize=101
[2025.07.10-10.01.31:507][  0]LogPakFile: PakFile FullDirectoryIndexSize=158
[2025.07.10-10.01.31:507][  0]LogShaderLibrary: Display: ShaderCodeLibraryPakFileMountedCallback: PakFile 'C:/Program Files/Epic Games/UE_4.27/FeaturePacks/TP_2DSideScrollerBP.upack' (chunk index -1, root 'root:/') mounted
[2025.07.10-10.01.31:507][  0]LogShaderLibrary: Display: ShaderCodeLibraryPakFileMountedCallback: pending pak file info (ChunkID:-1 Root:root:/ File:C:/Program Files/Epic Games/UE_4.27/FeaturePacks/TP_2DSideScrollerBP.upack)
[2025.07.10-10.01.31:507][  0]LogPakFile: OnPakFileMounted2Time == 0.000032
[2025.07.10-10.01.31:512][  0]LogPakFile: PakFile PrimaryIndexSize=182
[2025.07.10-10.01.31:512][  0]LogPakFile: PakFile PathHashIndexSize=101
[2025.07.10-10.01.31:512][  0]LogPakFile: PakFile FullDirectoryIndexSize=138
[2025.07.10-10.01.31:512][  0]LogShaderLibrary: Display: ShaderCodeLibraryPakFileMountedCallback: PakFile 'C:/Program Files/Epic Games/UE_4.27/FeaturePacks/TP_Flying.upack' (chunk index -1, root 'root:/') mounted
[2025.07.10-10.01.31:512][  0]LogShaderLibrary: Display: ShaderCodeLibraryPakFileMountedCallback: pending pak file info (ChunkID:-1 Root:root:/ File:C:/Program Files/Epic Games/UE_4.27/FeaturePacks/TP_Flying.upack)
[2025.07.10-10.01.31:512][  0]LogPakFile: OnPakFileMounted2Time == 0.000029
[2025.07.10-10.01.31:517][  0]LogPakFile: PakFile PrimaryIndexSize=184
[2025.07.10-10.01.31:517][  0]LogPakFile: PakFile PathHashIndexSize=101
[2025.07.10-10.01.31:517][  0]LogPakFile: PakFile FullDirectoryIndexSize=142
[2025.07.10-10.01.31:517][  0]LogShaderLibrary: Display: ShaderCodeLibraryPakFileMountedCallback: PakFile 'C:/Program Files/Epic Games/UE_4.27/FeaturePacks/TP_FlyingBP.upack' (chunk index -1, root 'root:/') mounted
[2025.07.10-10.01.31:517][  0]LogShaderLibrary: Display: ShaderCodeLibraryPakFileMountedCallback: pending pak file info (ChunkID:-1 Root:root:/ File:C:/Program Files/Epic Games/UE_4.27/FeaturePacks/TP_FlyingBP.upack)
[2025.07.10-10.01.31:517][  0]LogPakFile: OnPakFileMounted2Time == 0.000027
[2025.07.10-10.01.31:525][  0]LogPakFile: PakFile PrimaryIndexSize=188
[2025.07.10-10.01.31:525][  0]LogPakFile: PakFile PathHashIndexSize=101
[2025.07.10-10.01.31:525][  0]LogPakFile: PakFile FullDirectoryIndexSize=150
[2025.07.10-10.01.31:525][  0]LogShaderLibrary: Display: ShaderCodeLibraryPakFileMountedCallback: PakFile 'C:/Program Files/Epic Games/UE_4.27/FeaturePacks/TP_HandheldARBP.upack' (chunk index -1, root 'root:/') mounted
[2025.07.10-10.01.31:525][  0]LogShaderLibrary: Display: ShaderCodeLibraryPakFileMountedCallback: pending pak file info (ChunkID:-1 Root:root:/ File:C:/Program Files/Epic Games/UE_4.27/FeaturePacks/TP_HandheldARBP.upack)
[2025.07.10-10.01.31:525][  0]LogPakFile: OnPakFileMounted2Time == 0.000032
[2025.07.10-10.01.31:532][  0]LogPakFile: PakFile PrimaryIndexSize=182
[2025.07.10-10.01.31:532][  0]LogPakFile: PakFile PathHashIndexSize=101
[2025.07.10-10.01.31:532][  0]LogPakFile: PakFile FullDirectoryIndexSize=138
[2025.07.10-10.01.31:532][  0]LogShaderLibrary: Display: ShaderCodeLibraryPakFileMountedCallback: PakFile 'C:/Program Files/Epic Games/UE_4.27/FeaturePacks/TP_Puzzle.upack' (chunk index -1, root 'root:/') mounted
[2025.07.10-10.01.31:532][  0]LogShaderLibrary: Display: ShaderCodeLibraryPakFileMountedCallback: pending pak file info (ChunkID:-1 Root:root:/ File:C:/Program Files/Epic Games/UE_4.27/FeaturePacks/TP_Puzzle.upack)
[2025.07.10-10.01.31:532][  0]LogPakFile: OnPakFileMounted2Time == 0.000029
[2025.07.10-10.01.31:538][  0]LogPakFile: PakFile PrimaryIndexSize=184
[2025.07.10-10.01.31:538][  0]LogPakFile: PakFile PathHashIndexSize=101
[2025.07.10-10.01.31:538][  0]LogPakFile: PakFile FullDirectoryIndexSize=142
[2025.07.10-10.01.31:538][  0]LogShaderLibrary: Display: ShaderCodeLibraryPakFileMountedCallback: PakFile 'C:/Program Files/Epic Games/UE_4.27/FeaturePacks/TP_PuzzleBP.upack' (chunk index -1, root 'root:/') mounted
[2025.07.10-10.01.31:538][  0]LogShaderLibrary: Display: ShaderCodeLibraryPakFileMountedCallback: pending pak file info (ChunkID:-1 Root:root:/ File:C:/Program Files/Epic Games/UE_4.27/FeaturePacks/TP_PuzzleBP.upack)
[2025.07.10-10.01.31:538][  0]LogPakFile: OnPakFileMounted2Time == 0.000033
[2025.07.10-10.01.31:544][  0]LogPakFile: PakFile PrimaryIndexSize=183
[2025.07.10-10.01.31:544][  0]LogPakFile: PakFile PathHashIndexSize=101
[2025.07.10-10.01.31:544][  0]LogPakFile: PakFile FullDirectoryIndexSize=140
[2025.07.10-10.01.31:544][  0]LogShaderLibrary: Display: ShaderCodeLibraryPakFileMountedCallback: PakFile 'C:/Program Files/Epic Games/UE_4.27/FeaturePacks/TP_Rolling.upack' (chunk index -1, root 'root:/') mounted
[2025.07.10-10.01.31:544][  0]LogShaderLibrary: Display: ShaderCodeLibraryPakFileMountedCallback: pending pak file info (ChunkID:-1 Root:root:/ File:C:/Program Files/Epic Games/UE_4.27/FeaturePacks/TP_Rolling.upack)
[2025.07.10-10.01.31:544][  0]LogPakFile: OnPakFileMounted2Time == 0.000032
[2025.07.10-10.01.31:551][  0]LogPakFile: PakFile PrimaryIndexSize=185
[2025.07.10-10.01.31:551][  0]LogPakFile: PakFile PathHashIndexSize=101
[2025.07.10-10.01.31:551][  0]LogPakFile: PakFile FullDirectoryIndexSize=144
[2025.07.10-10.01.31:551][  0]LogShaderLibrary: Display: ShaderCodeLibraryPakFileMountedCallback: PakFile 'C:/Program Files/Epic Games/UE_4.27/FeaturePacks/TP_RollingBP.upack' (chunk index -1, root 'root:/') mounted
[2025.07.10-10.01.31:551][  0]LogShaderLibrary: Display: ShaderCodeLibraryPakFileMountedCallback: pending pak file info (ChunkID:-1 Root:root:/ File:C:/Program Files/Epic Games/UE_4.27/FeaturePacks/TP_RollingBP.upack)
[2025.07.10-10.01.31:551][  0]LogPakFile: OnPakFileMounted2Time == 0.000029
[2025.07.10-10.01.31:556][  0]LogPakFile: PakFile PrimaryIndexSize=188
[2025.07.10-10.01.31:556][  0]LogPakFile: PakFile PathHashIndexSize=101
[2025.07.10-10.01.31:556][  0]LogPakFile: PakFile FullDirectoryIndexSize=150
[2025.07.10-10.01.31:556][  0]LogShaderLibrary: Display: ShaderCodeLibraryPakFileMountedCallback: PakFile 'C:/Program Files/Epic Games/UE_4.27/FeaturePacks/TP_SideScroller.upack' (chunk index -1, root 'root:/') mounted
[2025.07.10-10.01.31:556][  0]LogShaderLibrary: Display: ShaderCodeLibraryPakFileMountedCallback: pending pak file info (ChunkID:-1 Root:root:/ File:C:/Program Files/Epic Games/UE_4.27/FeaturePacks/TP_SideScroller.upack)
[2025.07.10-10.01.31:556][  0]LogPakFile: OnPakFileMounted2Time == 0.000032
[2025.07.10-10.01.31:561][  0]LogPakFile: PakFile PrimaryIndexSize=190
[2025.07.10-10.01.31:561][  0]LogPakFile: PakFile PathHashIndexSize=101
[2025.07.10-10.01.31:561][  0]LogPakFile: PakFile FullDirectoryIndexSize=154
[2025.07.10-10.01.31:561][  0]LogShaderLibrary: Display: ShaderCodeLibraryPakFileMountedCallback: PakFile 'C:/Program Files/Epic Games/UE_4.27/FeaturePacks/TP_SideScrollerBP.upack' (chunk index -1, root 'root:/') mounted
[2025.07.10-10.01.31:561][  0]LogShaderLibrary: Display: ShaderCodeLibraryPakFileMountedCallback: pending pak file info (ChunkID:-1 Root:root:/ File:C:/Program Files/Epic Games/UE_4.27/FeaturePacks/TP_SideScrollerBP.upack)
[2025.07.10-10.01.31:561][  0]LogPakFile: OnPakFileMounted2Time == 0.000030
[2025.07.10-10.01.31:567][  0]LogPakFile: PakFile PrimaryIndexSize=187
[2025.07.10-10.01.31:567][  0]LogPakFile: PakFile PathHashIndexSize=101
[2025.07.10-10.01.31:567][  0]LogPakFile: PakFile FullDirectoryIndexSize=148
[2025.07.10-10.01.31:567][  0]LogShaderLibrary: Display: ShaderCodeLibraryPakFileMountedCallback: PakFile 'C:/Program Files/Epic Games/UE_4.27/FeaturePacks/TP_ThirdPerson.upack' (chunk index -1, root 'root:/') mounted
[2025.07.10-10.01.31:567][  0]LogShaderLibrary: Display: ShaderCodeLibraryPakFileMountedCallback: pending pak file info (ChunkID:-1 Root:root:/ File:C:/Program Files/Epic Games/UE_4.27/FeaturePacks/TP_ThirdPerson.upack)
[2025.07.10-10.01.31:567][  0]LogPakFile: OnPakFileMounted2Time == 0.000030
[2025.07.10-10.01.31:572][  0]LogPakFile: PakFile PrimaryIndexSize=189
[2025.07.10-10.01.31:572][  0]LogPakFile: PakFile PathHashIndexSize=101
[2025.07.10-10.01.31:572][  0]LogPakFile: PakFile FullDirectoryIndexSize=152
[2025.07.10-10.01.31:572][  0]LogShaderLibrary: Display: ShaderCodeLibraryPakFileMountedCallback: PakFile 'C:/Program Files/Epic Games/UE_4.27/FeaturePacks/TP_ThirdPersonBP.upack' (chunk index -1, root 'root:/') mounted
[2025.07.10-10.01.31:572][  0]LogShaderLibrary: Display: ShaderCodeLibraryPakFileMountedCallback: pending pak file info (ChunkID:-1 Root:root:/ File:C:/Program Files/Epic Games/UE_4.27/FeaturePacks/TP_ThirdPersonBP.upack)
[2025.07.10-10.01.31:572][  0]LogPakFile: OnPakFileMounted2Time == 0.000033
[2025.07.10-10.01.31:578][  0]LogPakFile: PakFile PrimaryIndexSize=183
[2025.07.10-10.01.31:578][  0]LogPakFile: PakFile PathHashIndexSize=101
[2025.07.10-10.01.31:578][  0]LogPakFile: PakFile FullDirectoryIndexSize=140
[2025.07.10-10.01.31:578][  0]LogShaderLibrary: Display: ShaderCodeLibraryPakFileMountedCallback: PakFile 'C:/Program Files/Epic Games/UE_4.27/FeaturePacks/TP_TopDown.upack' (chunk index -1, root 'root:/') mounted
[2025.07.10-10.01.31:578][  0]LogShaderLibrary: Display: ShaderCodeLibraryPakFileMountedCallback: pending pak file info (ChunkID:-1 Root:root:/ File:C:/Program Files/Epic Games/UE_4.27/FeaturePacks/TP_TopDown.upack)
[2025.07.10-10.01.31:578][  0]LogPakFile: OnPakFileMounted2Time == 0.000036
[2025.07.10-10.01.31:583][  0]LogPakFile: PakFile PrimaryIndexSize=185
[2025.07.10-10.01.31:583][  0]LogPakFile: PakFile PathHashIndexSize=101
[2025.07.10-10.01.31:583][  0]LogPakFile: PakFile FullDirectoryIndexSize=144
[2025.07.10-10.01.31:583][  0]LogShaderLibrary: Display: ShaderCodeLibraryPakFileMountedCallback: PakFile 'C:/Program Files/Epic Games/UE_4.27/FeaturePacks/TP_TopDownBP.upack' (chunk index -1, root 'root:/') mounted
[2025.07.10-10.01.31:583][  0]LogShaderLibrary: Display: ShaderCodeLibraryPakFileMountedCallback: pending pak file info (ChunkID:-1 Root:root:/ File:C:/Program Files/Epic Games/UE_4.27/FeaturePacks/TP_TopDownBP.upack)
[2025.07.10-10.01.31:583][  0]LogPakFile: OnPakFileMounted2Time == 0.000031
[2025.07.10-10.01.31:591][  0]LogPakFile: PakFile PrimaryIndexSize=185
[2025.07.10-10.01.31:591][  0]LogPakFile: PakFile PathHashIndexSize=101
[2025.07.10-10.01.31:591][  0]LogPakFile: PakFile FullDirectoryIndexSize=144
[2025.07.10-10.01.31:591][  0]LogShaderLibrary: Display: ShaderCodeLibraryPakFileMountedCallback: PakFile 'C:/Program Files/Epic Games/UE_4.27/FeaturePacks/TP_TwinStick.upack' (chunk index -1, root 'root:/') mounted
[2025.07.10-10.01.31:591][  0]LogShaderLibrary: Display: ShaderCodeLibraryPakFileMountedCallback: pending pak file info (ChunkID:-1 Root:root:/ File:C:/Program Files/Epic Games/UE_4.27/FeaturePacks/TP_TwinStick.upack)
[2025.07.10-10.01.31:591][  0]LogPakFile: OnPakFileMounted2Time == 0.000034
[2025.07.10-10.01.31:596][  0]LogPakFile: PakFile PrimaryIndexSize=187
[2025.07.10-10.01.31:596][  0]LogPakFile: PakFile PathHashIndexSize=101
[2025.07.10-10.01.31:596][  0]LogPakFile: PakFile FullDirectoryIndexSize=148
[2025.07.10-10.01.31:596][  0]LogShaderLibrary: Display: ShaderCodeLibraryPakFileMountedCallback: PakFile 'C:/Program Files/Epic Games/UE_4.27/FeaturePacks/TP_TwinStickBP.upack' (chunk index -1, root 'root:/') mounted
[2025.07.10-10.01.31:596][  0]LogShaderLibrary: Display: ShaderCodeLibraryPakFileMountedCallback: pending pak file info (ChunkID:-1 Root:root:/ File:C:/Program Files/Epic Games/UE_4.27/FeaturePacks/TP_TwinStickBP.upack)
[2025.07.10-10.01.31:596][  0]LogPakFile: OnPakFileMounted2Time == 0.000031
[2025.07.10-10.01.31:601][  0]LogPakFile: PakFile PrimaryIndexSize=183
[2025.07.10-10.01.31:601][  0]LogPakFile: PakFile PathHashIndexSize=101
[2025.07.10-10.01.31:601][  0]LogPakFile: PakFile FullDirectoryIndexSize=140
[2025.07.10-10.01.31:601][  0]LogShaderLibrary: Display: ShaderCodeLibraryPakFileMountedCallback: PakFile 'C:/Program Files/Epic Games/UE_4.27/FeaturePacks/TP_Vehicle.upack' (chunk index -1, root 'root:/') mounted
[2025.07.10-10.01.31:601][  0]LogShaderLibrary: Display: ShaderCodeLibraryPakFileMountedCallback: pending pak file info (ChunkID:-1 Root:root:/ File:C:/Program Files/Epic Games/UE_4.27/FeaturePacks/TP_Vehicle.upack)
[2025.07.10-10.01.31:601][  0]LogPakFile: OnPakFileMounted2Time == 0.000030
[2025.07.10-10.01.31:607][  0]LogPakFile: PakFile PrimaryIndexSize=186
[2025.07.10-10.01.31:607][  0]LogPakFile: PakFile PathHashIndexSize=101
[2025.07.10-10.01.31:607][  0]LogPakFile: PakFile FullDirectoryIndexSize=146
[2025.07.10-10.01.31:607][  0]LogShaderLibrary: Display: ShaderCodeLibraryPakFileMountedCallback: PakFile 'C:/Program Files/Epic Games/UE_4.27/FeaturePacks/TP_VehicleAdv.upack' (chunk index -1, root 'root:/') mounted
[2025.07.10-10.01.31:607][  0]LogShaderLibrary: Display: ShaderCodeLibraryPakFileMountedCallback: pending pak file info (ChunkID:-1 Root:root:/ File:C:/Program Files/Epic Games/UE_4.27/FeaturePacks/TP_VehicleAdv.upack)
[2025.07.10-10.01.31:607][  0]LogPakFile: OnPakFileMounted2Time == 0.000033
[2025.07.10-10.01.31:613][  0]LogPakFile: PakFile PrimaryIndexSize=188
[2025.07.10-10.01.31:613][  0]LogPakFile: PakFile PathHashIndexSize=101
[2025.07.10-10.01.31:613][  0]LogPakFile: PakFile FullDirectoryIndexSize=150
[2025.07.10-10.01.31:613][  0]LogShaderLibrary: Display: ShaderCodeLibraryPakFileMountedCallback: PakFile 'C:/Program Files/Epic Games/UE_4.27/FeaturePacks/TP_VehicleAdvBP.upack' (chunk index -1, root 'root:/') mounted
[2025.07.10-10.01.31:613][  0]LogShaderLibrary: Display: ShaderCodeLibraryPakFileMountedCallback: pending pak file info (ChunkID:-1 Root:root:/ File:C:/Program Files/Epic Games/UE_4.27/FeaturePacks/TP_VehicleAdvBP.upack)
[2025.07.10-10.01.31:613][  0]LogPakFile: OnPakFileMounted2Time == 0.000032
[2025.07.10-10.01.31:618][  0]LogPakFile: PakFile PrimaryIndexSize=185
[2025.07.10-10.01.31:618][  0]LogPakFile: PakFile PathHashIndexSize=101
[2025.07.10-10.01.31:618][  0]LogPakFile: PakFile FullDirectoryIndexSize=144
[2025.07.10-10.01.31:618][  0]LogShaderLibrary: Display: ShaderCodeLibraryPakFileMountedCallback: PakFile 'C:/Program Files/Epic Games/UE_4.27/FeaturePacks/TP_VehicleBP.upack' (chunk index -1, root 'root:/') mounted
[2025.07.10-10.01.31:618][  0]LogShaderLibrary: Display: ShaderCodeLibraryPakFileMountedCallback: pending pak file info (ChunkID:-1 Root:root:/ File:C:/Program Files/Epic Games/UE_4.27/FeaturePacks/TP_VehicleBP.upack)
[2025.07.10-10.01.31:618][  0]LogPakFile: OnPakFileMounted2Time == 0.000028
[2025.07.10-10.01.31:625][  0]LogPakFile: PakFile PrimaryIndexSize=192
[2025.07.10-10.01.31:625][  0]LogPakFile: PakFile PathHashIndexSize=101
[2025.07.10-10.01.31:625][  0]LogPakFile: PakFile FullDirectoryIndexSize=158
[2025.07.10-10.01.31:625][  0]LogShaderLibrary: Display: ShaderCodeLibraryPakFileMountedCallback: PakFile 'C:/Program Files/Epic Games/UE_4.27/FeaturePacks/TP_VirtualRealityBP.upack' (chunk index -1, root 'root:/') mounted
[2025.07.10-10.01.31:625][  0]LogShaderLibrary: Display: ShaderCodeLibraryPakFileMountedCallback: pending pak file info (ChunkID:-1 Root:root:/ File:C:/Program Files/Epic Games/UE_4.27/FeaturePacks/TP_VirtualRealityBP.upack)
[2025.07.10-10.01.31:625][  0]LogPakFile: OnPakFileMounted2Time == 0.000033
[2025.07.10-10.01.31:810][  0]LogNativeClassHierarchy: Verbose: Native class hierarchy updated for 'AddContentDialog' in 0.0002 seconds. Added 0 classes and 0 folders.
[2025.07.10-10.01.31:814][  0]LogNativeClassHierarchy: Verbose: Native class hierarchy updated for 'SceneOutliner' in 0.0002 seconds. Added 2 classes and 0 folders.
[2025.07.10-10.01.31:971][  0]LogSlate: Took 0.000215 seconds to synchronously load lazily loaded font '../../../Engine/Content/Slate/Fonts/Roboto-Regular.ttf' (155K)
[2025.07.10-10.01.31:977][  0]LogSlate: Took 0.005237 seconds to synchronously load lazily loaded font '../../../Engine/Content/Editor/Slate/Fonts/FontAwesome.ttf' (139K)
[2025.07.10-10.01.31:978][  0]LogSlate: Took 0.000111 seconds to synchronously load lazily loaded font '../../../Engine/Content/Slate/Fonts/Roboto-Bold.ttf' (160K)
[2025.07.10-10.01.32:110][  0]LogRenderer: Reallocating scene render targets to support 1084x552 Format 10 NumSamples 1 (Frame:1).
[2025.07.10-10.01.32:192][  0]LogNativeClassHierarchy: Verbose: Native class hierarchy updated for 'HierarchicalLODOutliner' in 0.0002 seconds. Added 0 classes and 0 folders.
[2025.07.10-10.01.32:192][  0]LogInput: Warning: Action Jump uses invalid key OculusGo_Left_Trigger_Click.
[2025.07.10-10.01.32:192][  0]LogInput: Warning: Action ResetVR uses invalid key OculusGo_Left_Trackpad_Click.
[2025.07.10-10.01.32:192][  0]LogInput: Warning: Use -RemoveInvalidKeys to remove instances of these keys from the action mapping.
[2025.07.10-10.01.32:192][  0]LogLoad: (Engine Initialization) Total time: 7.36 seconds
[2025.07.10-10.01.32:192][  0]LogLoad: (Engine Initialization) Total Blueprint compile time: 0.00 seconds
[2025.07.10-10.01.32:227][  0]LogAssetRegistry: Asset discovery search completed in 4.6536 seconds
[2025.07.10-10.01.32:231][  0]LogCollectionManager: Fixed up redirectors for 0 collections in 0.000002 seconds (updated 0 objects)
[2025.07.10-10.01.32:234][  0]LogContentStreaming: Texture pool size now 1000 MB
[2025.07.10-10.01.32:312][  4]LogSlate: Took 0.006363 seconds to synchronously load lazily loaded font '../../../Engine/Content/Slate/Fonts/Roboto-Light.ttf' (167K)
[2025.07.10-10.01.33:211][103]LogSlate: Took 0.000170 seconds to synchronously load lazily loaded font '../../../Engine/Content/Slate/Fonts/Roboto-Light.ttf' (167K)
[2025.07.10-10.22.10:794][377]LogAssetEditorSubsystem: Opening Asset editor for Blueprint /Game/ThirdPersonBP/Blueprints/ThirdPersonCharacter.ThirdPersonCharacter
[2025.07.10-10.22.11:433][377]LogNativeClassHierarchy: Verbose: Native class hierarchy updated for 'BlueprintGraph' in 0.0004 seconds. Added 126 classes and 0 folders.
[2025.07.10-10.22.12:212][377]LogAssetEditorSubsystem: Opening Asset editor for Blueprint /Game/MyStuff/BP_Flashlight.BP_Flashlight
[2025.07.10-10.22.12:536][377]LogSlate: Took 0.000254 seconds to synchronously load lazily loaded font '../../../Engine/Content/Slate/Fonts/Roboto-BoldCondensed.ttf' (158K)
[2025.07.10-10.22.12:720][378]LogSlate: Took 0.005252 seconds to synchronously load lazily loaded font '../../../Engine/Content/Slate/Fonts/Roboto-Italic.ttf' (157K)
[2025.07.10-10.22.24:467][818]LogSlate: Window 'BP_Flashlight' being destroyed
[2025.07.10-10.22.24:478][818]LogWorld: UWorld::CleanupWorld for World_2, bSessionEnded=true, bCleanupResources=true
[2025.07.10-10.22.24:478][818]LogSlate: InvalidateAllWidgets triggered.  All widgets were invalidated
[2025.07.10-10.22.31:570][647]LogActorComponent: UnregisterComponent: (/Engine/Transient.EditorFloorComp) Not registered. Aborting.
[2025.07.10-10.22.31:570][647]LogWorld: UWorld::CleanupWorld for World_1, bSessionEnded=true, bCleanupResources=true
[2025.07.10-10.22.31:570][647]LogSlate: InvalidateAllWidgets triggered.  All widgets were invalidated
[2025.07.10-10.22.33:507][873]LogEditorViewport: Clicking on Actor (LMB): StaticMeshActor (Floor)
[2025.07.10-10.22.34:081][929]LogTemp: Repeating last play command: Selected Viewport
[2025.07.10-10.22.34:086][929]LogPlayLevel: PlayLevel: No blueprints needed recompiling
[2025.07.10-10.22.34:088][929]PIE: New page: PIE session: ThirdPersonExampleMap (10 Jul 2025, 12:22:34)
[2025.07.10-10.22.34:089][929]LogOnline: OSS: Creating online subsystem instance for: NULL
[2025.07.10-10.22.34:090][929]LogOnline: OSS: TryLoadSubsystemAndSetDefault: Loaded subsystem for module [NULL]
[2025.07.10-10.22.34:091][929]LogPlayLevel: Creating play world package: /Game/ThirdPersonBP/Maps/UEDPIE_0_ThirdPersonExampleMap
[2025.07.10-10.22.34:104][929]LogPlayLevel: PIE: StaticDuplicateObject took: (0.013569s)
[2025.07.10-10.22.34:106][929]LogAIModule: Creating AISystem for world ThirdPersonExampleMap
[2025.07.10-10.22.34:106][929]LogPlayLevel: PIE: World Init took: (0.001426s)
[2025.07.10-10.22.34:107][929]LogPlayLevel: PIE: Created PIE world by copying editor world from /Game/ThirdPersonBP/Maps/ThirdPersonExampleMap.ThirdPersonExampleMap to /Game/ThirdPersonBP/Maps/UEDPIE_0_ThirdPersonExampleMap.ThirdPersonExampleMap (0.015653s)
[2025.07.10-10.22.34:130][929]LogUObjectHash: Compacting FUObjectHashTables data took   1.71ms
[2025.07.10-10.22.34:131][929]LogAudio: Display: Creating Audio Device:                 Id: 2, Scope: Unique, Realtime: True
[2025.07.10-10.22.34:131][929]LogAudioMixer: Display: Audio Mixer Platform Settings:
[2025.07.10-10.22.34:131][929]LogAudioMixer: Display: 	Sample Rate:						  48000
[2025.07.10-10.22.34:131][929]LogAudioMixer: Display: 	Callback Buffer Frame Size Requested: 1024
[2025.07.10-10.22.34:131][929]LogAudioMixer: Display: 	Callback Buffer Frame Size To Use:	  1024
[2025.07.10-10.22.34:131][929]LogAudioMixer: Display: 	Number of buffers to queue:			  2
[2025.07.10-10.22.34:131][929]LogAudioMixer: Display: 	Max Channels (voices):				  32
[2025.07.10-10.22.34:131][929]LogAudioMixer: Display: 	Number of Async Source Workers:		  0
[2025.07.10-10.22.34:131][929]LogAudio: Display: AudioDevice MaxSources: 32
[2025.07.10-10.22.34:132][929]LogAudio: Display: Audio Spatialization Plugin: None (built-in).
[2025.07.10-10.22.34:132][929]LogAudio: Display: Audio Reverb Plugin: None (built-in).
[2025.07.10-10.22.34:132][929]LogAudio: Display: Audio Occlusion Plugin: None (built-in).
[2025.07.10-10.22.34:132][929]LogAudioMixer: Display: Initializing audio mixer.
[2025.07.10-10.22.34:134][929]LogAudioMixer: Display: 0: FrontLeft
[2025.07.10-10.22.34:134][929]LogAudioMixer: Display: 1: FrontRight
[2025.07.10-10.22.34:141][929]LogAudioMixer: Display: Using Audio Device Speakers (2- USB Audio Device)
[2025.07.10-10.22.34:141][929]LogAudioMixer: Display: Initializing Sound Submixes...
[2025.07.10-10.22.34:141][929]LogAudioMixer: Display: Creating Master Submix 'MasterSubmixDefault'
[2025.07.10-10.22.34:141][929]LogAudioMixer: Display: Creating Master Submix 'MasterReverbSubmixDefault'
[2025.07.10-10.22.34:141][929]LogAudioMixer: Display: Creating Master Submix 'MasterEQSubmixDefault'
[2025.07.10-10.22.34:141][929]LogAudioMixer: FMixerPlatformXAudio2::StartAudioStream() called
[2025.07.10-10.22.34:141][929]LogAudioMixer: Display: Output buffers initialized: Frames=1024, Channels=2, Samples=2048
[2025.07.10-10.22.34:142][929]LogAudioMixer: Display: Starting AudioMixerPlatformInterface::RunInternal()
[2025.07.10-10.22.34:142][929]LogAudioMixer: Display: FMixerPlatformXAudio2::SubmitBuffer() called for the first time
[2025.07.10-10.22.34:142][929]LogInit: FAudioDevice initialized.
[2025.07.10-10.22.34:142][929]LogAudio: Display: Audio Device (ID: 2) registered with world 'ThirdPersonExampleMap'.
[2025.07.10-10.22.34:173][929]LogLoad: Game class is 'ThirdPersonGameMode_C'
[2025.07.10-10.22.34:177][929]LogWorld: Bringing World /Game/ThirdPersonBP/Maps/UEDPIE_0_ThirdPersonExampleMap.ThirdPersonExampleMap up for play (max tick rate 0) at 2025.07.10-11.22.34
[2025.07.10-10.22.34:178][929]LogWorld: Bringing up level for play took: 0.002271
[2025.07.10-10.22.34:178][929]LogOnline: OSS: Creating online subsystem instance for: :Context_6
[2025.07.10-10.22.34:187][929]LogNativeClassHierarchy: Verbose: Native class hierarchy updated for 'MovieSceneCapture' in 0.0005 seconds. Added 20 classes and 0 folders.
[2025.07.10-10.22.34:188][929]PIE: Server logged in
[2025.07.10-10.22.34:190][929]PIE: Play in editor total start time 0.105 seconds.
[2025.07.10-10.23.22:871][735]LogSlate: Updating window title bar state: overlay mode, drag disabled, window buttons hidden, title bar hidden
[2025.07.10-10.23.22:871][735]LogWorld: BeginTearingDown for /Game/ThirdPersonBP/Maps/UEDPIE_0_ThirdPersonExampleMap
[2025.07.10-10.23.22:871][735]LogWorld: UWorld::CleanupWorld for ThirdPersonExampleMap, bSessionEnded=true, bCleanupResources=true
[2025.07.10-10.23.22:872][735]LogSlate: InvalidateAllWidgets triggered.  All widgets were invalidated
[2025.07.10-10.23.22:886][735]LogPlayLevel: Display: Shutting down PIE online subsystems
[2025.07.10-10.23.22:904][735]LogSlate: InvalidateAllWidgets triggered.  All widgets were invalidated
[2025.07.10-10.23.22:928][735]LogAudio: Display: Audio Device unregistered from world 'None'.
[2025.07.10-10.23.22:928][735]LogAudioMixer: FMixerPlatformXAudio2::StopAudioStream() called
[2025.07.10-10.23.22:929][735]LogAudioMixer: FMixerPlatformXAudio2::StopAudioStream() called
[2025.07.10-10.23.22:930][735]LogSlate: Updating window title bar state: overlay mode, drag disabled, window buttons hidden, title bar hidden
[2025.07.10-10.23.22:959][735]LogUObjectHash: Compacting FUObjectHashTables data took   2.71ms
[2025.07.10-10.23.22:984][736]LogPlayLevel: Display: Destroying online subsystem :Context_6
[2025.07.10-10.28.44:596][883]LogEditorViewport: Clicking on Actor (LMB): StaticMeshActor (Floor)
[2025.07.10-10.28.48:348][330]LogTemp: Repeating last play command: Selected Viewport
[2025.07.10-10.28.48:353][330]LogPlayLevel: PlayLevel: No blueprints needed recompiling
[2025.07.10-10.28.48:353][330]PIE: New page: PIE session: ThirdPersonExampleMap (10 Jul 2025, 12:28:48)
[2025.07.10-10.28.48:377][330]LogPlayLevel: Creating play world package: /Game/ThirdPersonBP/Maps/UEDPIE_0_ThirdPersonExampleMap
[2025.07.10-10.28.48:387][330]LogPlayLevel: PIE: StaticDuplicateObject took: (0.009698s)
[2025.07.10-10.28.48:388][330]LogAIModule: Creating AISystem for world ThirdPersonExampleMap
[2025.07.10-10.28.48:388][330]LogPlayLevel: PIE: World Init took: (0.001232s)
[2025.07.10-10.28.48:388][330]LogPlayLevel: PIE: Created PIE world by copying editor world from /Game/ThirdPersonBP/Maps/ThirdPersonExampleMap.ThirdPersonExampleMap to /Game/ThirdPersonBP/Maps/UEDPIE_0_ThirdPersonExampleMap.ThirdPersonExampleMap (0.011099s)
[2025.07.10-10.28.48:439][330]LogUObjectHash: Compacting FUObjectHashTables data took   2.60ms
[2025.07.10-10.28.48:442][330]LogAudio: Display: Creating Audio Device:                 Id: 3, Scope: Unique, Realtime: True
[2025.07.10-10.28.48:442][330]LogAudioMixer: Display: Audio Mixer Platform Settings:
[2025.07.10-10.28.48:442][330]LogAudioMixer: Display: 	Sample Rate:						  48000
[2025.07.10-10.28.48:442][330]LogAudioMixer: Display: 	Callback Buffer Frame Size Requested: 1024
[2025.07.10-10.28.48:442][330]LogAudioMixer: Display: 	Callback Buffer Frame Size To Use:	  1024
[2025.07.10-10.28.48:442][330]LogAudioMixer: Display: 	Number of buffers to queue:			  2
[2025.07.10-10.28.48:442][330]LogAudioMixer: Display: 	Max Channels (voices):				  32
[2025.07.10-10.28.48:442][330]LogAudioMixer: Display: 	Number of Async Source Workers:		  0
[2025.07.10-10.28.48:442][330]LogAudio: Display: AudioDevice MaxSources: 32
[2025.07.10-10.28.48:443][330]LogAudio: Display: Audio Spatialization Plugin: None (built-in).
[2025.07.10-10.28.48:443][330]LogAudio: Display: Audio Reverb Plugin: None (built-in).
[2025.07.10-10.28.48:443][330]LogAudio: Display: Audio Occlusion Plugin: None (built-in).
[2025.07.10-10.28.48:443][330]LogAudioMixer: Display: Initializing audio mixer.
[2025.07.10-10.28.48:446][330]LogAudioMixer: Display: 0: FrontLeft
[2025.07.10-10.28.48:446][330]LogAudioMixer: Display: 1: FrontRight
[2025.07.10-10.28.48:452][330]LogAudioMixer: Display: Using Audio Device Speakers (2- USB Audio Device)
[2025.07.10-10.28.48:452][330]LogAudioMixer: Display: Initializing Sound Submixes...
[2025.07.10-10.28.48:452][330]LogAudioMixer: Display: Creating Master Submix 'MasterSubmixDefault'
[2025.07.10-10.28.48:452][330]LogAudioMixer: Display: Creating Master Submix 'MasterReverbSubmixDefault'
[2025.07.10-10.28.48:452][330]LogAudioMixer: Display: Creating Master Submix 'MasterEQSubmixDefault'
[2025.07.10-10.28.48:452][330]LogAudioMixer: FMixerPlatformXAudio2::StartAudioStream() called
[2025.07.10-10.28.48:452][330]LogAudioMixer: Display: Output buffers initialized: Frames=1024, Channels=2, Samples=2048
[2025.07.10-10.28.48:454][330]LogAudioMixer: Display: Starting AudioMixerPlatformInterface::RunInternal()
[2025.07.10-10.28.48:454][330]LogAudioMixer: Display: FMixerPlatformXAudio2::SubmitBuffer() called for the first time
[2025.07.10-10.28.48:454][330]LogInit: FAudioDevice initialized.
[2025.07.10-10.28.48:454][330]LogAudio: Display: Audio Device (ID: 3) registered with world 'ThirdPersonExampleMap'.
[2025.07.10-10.28.48:459][330]LogLoad: Game class is 'ThirdPersonGameMode_C'
[2025.07.10-10.28.48:460][330]LogWorld: Bringing World /Game/ThirdPersonBP/Maps/UEDPIE_0_ThirdPersonExampleMap.ThirdPersonExampleMap up for play (max tick rate 0) at 2025.07.10-11.28.48
[2025.07.10-10.28.48:461][330]LogWorld: Bringing up level for play took: 0.000985
[2025.07.10-10.28.48:461][330]LogOnline: OSS: Creating online subsystem instance for: :Context_7
[2025.07.10-10.28.48:463][330]PIE: Server logged in
[2025.07.10-10.28.48:463][330]PIE: Play in editor total start time 0.112 seconds.
[2025.07.10-10.30.05:798][461]LogAssetEditorSubsystem: Opening Asset editor for Blueprint /Game/ThirdPersonBP/Blueprints/ThirdPersonCharacter.ThirdPersonCharacter
[2025.07.10-10.32.24:102][836]LogSlate: Only BGRA pngs, bmps or icos are supported in by External Image Picker
[2025.07.10-10.32.37:534][238]LogSlate: Window 'Project Settings' being destroyed
[2025.07.10-10.32.37:545][238]LogSlate: Window 'Project Settings' being destroyed
[2025.07.10-10.33.05:994][552]LogSlate: Only BGRA pngs, bmps or icos are supported in by External Image Picker
[2025.07.10-10.33.13:277][394]LogSlate: Window 'Project Settings' being destroyed
[2025.07.10-10.33.13:284][394]LogSlate: Window 'Project Settings' being destroyed
[2025.07.10-10.35.18:661][572]LogSelectionDetails: Warning: NavigateToFunctionSource:  Unable to find symbols for 'UActorComponent::SetComponentTickEnabled' [The specified module could not be found.]
[2025.07.10-10.35.53:307][347]LogSlate: Updating window title bar state: overlay mode, drag disabled, window buttons hidden, title bar hidden
[2025.07.10-10.35.53:307][347]LogWorld: BeginTearingDown for /Game/ThirdPersonBP/Maps/UEDPIE_0_ThirdPersonExampleMap
[2025.07.10-10.35.53:307][347]LogWorld: UWorld::CleanupWorld for ThirdPersonExampleMap, bSessionEnded=true, bCleanupResources=true
[2025.07.10-10.35.53:308][347]LogSlate: InvalidateAllWidgets triggered.  All widgets were invalidated
[2025.07.10-10.35.53:315][347]LogPlayLevel: Display: Shutting down PIE online subsystems
[2025.07.10-10.35.53:332][347]LogSlate: InvalidateAllWidgets triggered.  All widgets were invalidated
[2025.07.10-10.35.53:350][347]LogAudio: Display: Audio Device unregistered from world 'None'.
[2025.07.10-10.35.53:350][347]LogAudioMixer: FMixerPlatformXAudio2::StopAudioStream() called
[2025.07.10-10.35.53:351][347]LogAudioMixer: FMixerPlatformXAudio2::StopAudioStream() called
[2025.07.10-10.35.53:353][347]LogSlate: Updating window title bar state: overlay mode, drag disabled, window buttons hidden, title bar hidden
[2025.07.10-10.35.53:356][347]LogUObjectHash: Compacting FUObjectHashTables data took   2.88ms
[2025.07.10-10.35.53:387][349]LogPlayLevel: Display: Destroying online subsystem :Context_7
[2025.07.10-10.36.26:739][474]BlueprintLog: New page: Collapse to Function
[2025.07.10-10.36.33:676][292]LogEditorTransaction: Undo Move Node
[2025.07.10-10.36.34:923][393]LogEditorTransaction: Undo Collapses selected nodes into a single node
[2025.07.10-10.37.15:547][ 46]BlueprintLog: New page: Collapse to Function
[2025.07.10-10.37.23:395][926]BlueprintLog: New page: Collapse to Function
[2025.07.10-10.37.35:613][332]BlueprintLog: New page: Compile ThirdPersonCharacter
[2025.07.10-10.37.35:662][332]LogUObjectHash: Compacting FUObjectHashTables data took   2.50ms
[2025.07.10-10.37.35:730][332]LogSlate: Took 0.007618 seconds to synchronously load lazily loaded font '../../../Engine/Content/Slate/Fonts/DroidSansMono.ttf' (77K)
[2025.07.10-10.38.24:989][772]BlueprintLog: New page: Compile ThirdPersonCharacter
[2025.07.10-10.38.25:034][772]LogUObjectHash: Compacting FUObjectHashTables data took   2.45ms
[2025.07.10-10.38.28:680][990]LogTemp: Repeating last play command: Selected Viewport
[2025.07.10-10.38.28:684][990]LogPlayLevel: PlayLevel: No blueprints needed recompiling
[2025.07.10-10.38.28:684][990]PIE: New page: PIE session: ThirdPersonExampleMap (10 Jul 2025, 12:38:28)
[2025.07.10-10.38.28:684][990]LogPlayLevel: Creating play world package: /Game/ThirdPersonBP/Maps/UEDPIE_0_ThirdPersonExampleMap
[2025.07.10-10.38.28:695][990]LogPlayLevel: PIE: StaticDuplicateObject took: (0.010956s)
[2025.07.10-10.38.28:696][990]LogAIModule: Creating AISystem for world ThirdPersonExampleMap
[2025.07.10-10.38.28:696][990]LogPlayLevel: PIE: World Init took: (0.001171s)
[2025.07.10-10.38.28:696][990]LogPlayLevel: PIE: Created PIE world by copying editor world from /Game/ThirdPersonBP/Maps/ThirdPersonExampleMap.ThirdPersonExampleMap to /Game/ThirdPersonBP/Maps/UEDPIE_0_ThirdPersonExampleMap.ThirdPersonExampleMap (0.012229s)
[2025.07.10-10.38.28:717][990]LogUObjectHash: Compacting FUObjectHashTables data took   2.45ms
[2025.07.10-10.38.28:719][990]LogAudio: Display: Creating Audio Device:                 Id: 4, Scope: Unique, Realtime: True
[2025.07.10-10.38.28:719][990]LogAudioMixer: Display: Audio Mixer Platform Settings:
[2025.07.10-10.38.28:719][990]LogAudioMixer: Display: 	Sample Rate:						  48000
[2025.07.10-10.38.28:719][990]LogAudioMixer: Display: 	Callback Buffer Frame Size Requested: 1024
[2025.07.10-10.38.28:719][990]LogAudioMixer: Display: 	Callback Buffer Frame Size To Use:	  1024
[2025.07.10-10.38.28:719][990]LogAudioMixer: Display: 	Number of buffers to queue:			  2
[2025.07.10-10.38.28:719][990]LogAudioMixer: Display: 	Max Channels (voices):				  32
[2025.07.10-10.38.28:719][990]LogAudioMixer: Display: 	Number of Async Source Workers:		  0
[2025.07.10-10.38.28:719][990]LogAudio: Display: AudioDevice MaxSources: 32
[2025.07.10-10.38.28:719][990]LogAudio: Display: Audio Spatialization Plugin: None (built-in).
[2025.07.10-10.38.28:719][990]LogAudio: Display: Audio Reverb Plugin: None (built-in).
[2025.07.10-10.38.28:719][990]LogAudio: Display: Audio Occlusion Plugin: None (built-in).
[2025.07.10-10.38.28:719][990]LogAudioMixer: Display: Initializing audio mixer.
[2025.07.10-10.38.28:722][990]LogAudioMixer: Display: 0: FrontLeft
[2025.07.10-10.38.28:722][990]LogAudioMixer: Display: 1: FrontRight
[2025.07.10-10.38.28:729][990]LogAudioMixer: Display: Using Audio Device Speakers (2- USB Audio Device)
[2025.07.10-10.38.28:729][990]LogAudioMixer: Display: Initializing Sound Submixes...
[2025.07.10-10.38.28:729][990]LogAudioMixer: Display: Creating Master Submix 'MasterSubmixDefault'
[2025.07.10-10.38.28:729][990]LogAudioMixer: Display: Creating Master Submix 'MasterReverbSubmixDefault'
[2025.07.10-10.38.28:729][990]LogAudioMixer: Display: Creating Master Submix 'MasterEQSubmixDefault'
[2025.07.10-10.38.28:729][990]LogAudioMixer: FMixerPlatformXAudio2::StartAudioStream() called
[2025.07.10-10.38.28:729][990]LogAudioMixer: Display: Output buffers initialized: Frames=1024, Channels=2, Samples=2048
[2025.07.10-10.38.28:730][990]LogAudioMixer: Display: Starting AudioMixerPlatformInterface::RunInternal()
[2025.07.10-10.38.28:730][990]LogAudioMixer: Display: FMixerPlatformXAudio2::SubmitBuffer() called for the first time
[2025.07.10-10.38.28:730][990]LogInit: FAudioDevice initialized.
[2025.07.10-10.38.28:730][990]LogAudio: Display: Audio Device (ID: 4) registered with world 'ThirdPersonExampleMap'.
[2025.07.10-10.38.28:737][990]LogLoad: Game class is 'ThirdPersonGameMode_C'
[2025.07.10-10.38.28:738][990]LogWorld: Bringing World /Game/ThirdPersonBP/Maps/UEDPIE_0_ThirdPersonExampleMap.ThirdPersonExampleMap up for play (max tick rate 0) at 2025.07.10-11.38.28
[2025.07.10-10.38.28:738][990]LogWorld: Bringing up level for play took: 0.000889
[2025.07.10-10.38.28:739][990]LogOnline: OSS: Creating online subsystem instance for: :Context_10
[2025.07.10-10.38.28:740][990]PIE: Server logged in
[2025.07.10-10.38.28:741][990]PIE: Play in editor total start time 0.057 seconds.
[2025.07.10-10.38.41:580][521]LogSlate: Updating window title bar state: overlay mode, drag disabled, window buttons hidden, title bar hidden
[2025.07.10-10.38.41:580][521]LogWorld: BeginTearingDown for /Game/ThirdPersonBP/Maps/UEDPIE_0_ThirdPersonExampleMap
[2025.07.10-10.38.41:580][521]LogWorld: UWorld::CleanupWorld for ThirdPersonExampleMap, bSessionEnded=true, bCleanupResources=true
[2025.07.10-10.38.41:581][521]LogSlate: InvalidateAllWidgets triggered.  All widgets were invalidated
[2025.07.10-10.38.41:600][521]LogPlayLevel: Display: Shutting down PIE online subsystems
[2025.07.10-10.38.41:618][521]LogSlate: InvalidateAllWidgets triggered.  All widgets were invalidated
[2025.07.10-10.38.41:636][521]LogAudio: Display: Audio Device unregistered from world 'None'.
[2025.07.10-10.38.41:636][521]LogAudioMixer: FMixerPlatformXAudio2::StopAudioStream() called
[2025.07.10-10.38.41:637][521]LogAudioMixer: FMixerPlatformXAudio2::StopAudioStream() called
[2025.07.10-10.38.41:638][521]LogSlate: Updating window title bar state: overlay mode, drag disabled, window buttons hidden, title bar hidden
[2025.07.10-10.38.41:641][521]LogUObjectHash: Compacting FUObjectHashTables data took   1.86ms
[2025.07.10-10.38.41:673][522]LogPlayLevel: Display: Destroying online subsystem :Context_10
[2025.07.10-10.38.43:819][758]Cmd: OBJ SAVEPACKAGE PACKAGE="/Game/ThirdPersonBP/Blueprints/ThirdPersonCharacter" FILE="D:/Games/NatureReserve/NatureReserve/Content/ThirdPersonBP/Blueprints/ThirdPersonCharacter.uasset" SILENT=true
[2025.07.10-10.38.43:848][758]LogSavePackage: Moving 'D:/Games/NatureReserve/NatureReserve/Saved/ThirdPersonCharacter121FE76E422CE8704067ADA738F74C57.tmp' to 'D:/Games/NatureReserve/NatureReserve/Content/ThirdPersonBP/Blueprints/ThirdPersonCharacter.uasset'
[2025.07.10-10.38.43:886][758]AssetCheck: New page: Asset Save: ThirdPersonCharacter
[2025.07.10-10.38.43:886][758]LogContentValidation: Display: Validating Blueprint /Game/ThirdPersonBP/Blueprints/ThirdPersonCharacter.ThirdPersonCharacter
[2025.07.10-10.40.03:152][824]LogUObjectHash: Compacting FUObjectHashTables data took   1.96ms
[2025.07.10-10.40.03:164][824]LogSavePackage: Moving 'D:/Games/NatureReserve/NatureReserve/Saved/ThirdPersonExampleMap_Auto11BC7C18643172349C68EFB8CE53B96E8.tmp' to 'D:/Games/NatureReserve/NatureReserve/Saved/Autosaves/Game/ThirdPersonBP/Maps/ThirdPersonExampleMap_Auto1.umap'
[2025.07.10-10.40.03:165][824]LogFileHelpers: Editor autosave (incl. external actors) for '/Game/ThirdPersonBP/Maps/ThirdPersonExampleMap' took 0.034
[2025.07.10-10.40.03:165][824]LogFileHelpers: Editor autosave (incl. sublevels & external actors) for all levels took 0.034
[2025.07.10-10.40.03:165][824]OBJ SavePackage: Generating thumbnails for [0] asset(s) in package [/Game/ThirdPersonBP/Blueprints/ThirdPersonCharacter] ([4] browsable assets)...
[2025.07.10-10.40.03:165][824]OBJ SavePackage: Finished generating thumbnails for package [/Game/ThirdPersonBP/Blueprints/ThirdPersonCharacter]
[2025.07.10-10.40.03:185][824]LogSavePackage: Moving 'D:/Games/NatureReserve/NatureReserve/Saved/ThirdPersonCharacter_Auto10361461142D8D4531979E2AF7C1F9077.tmp' to 'D:/Games/NatureReserve/NatureReserve/Saved/Autosaves/Game/ThirdPersonBP/Blueprints/ThirdPersonCharacter_Auto1.uasset'
[2025.07.10-10.40.03:186][824]LogFileHelpers: Auto-saving content packages took 0.021
[2025.07.10-10.43.26:681][780]LogEditorTransaction: Undo Move Node
[2025.07.10-10.44.31:832][ 34]LogSlate: Took 0.006439 seconds to synchronously load lazily loaded font '../../../Engine/Content/Slate/Fonts/Roboto-BoldCondensedItalic.ttf' (160K)
[2025.07.10-10.46.47:334][ 96]LogSelectionDetails: Warning: NavigateToFunctionSource:  Unable to find symbols for 'UKismetSystemLibrary::Delay' [Element not found.]
[2025.07.10-10.47.49:110][712]BlueprintLog: New page: Compile ThirdPersonCharacter
[2025.07.10-10.47.49:159][712]LogUObjectHash: Compacting FUObjectHashTables data took   2.86ms
[2025.07.10-10.47.50:911][912]Cmd: OBJ SAVEPACKAGE PACKAGE="/Game/ThirdPersonBP/Blueprints/ThirdPersonCharacter" FILE="D:/Games/NatureReserve/NatureReserve/Content/ThirdPersonBP/Blueprints/ThirdPersonCharacter.uasset" SILENT=true
[2025.07.10-10.47.50:937][912]LogSavePackage: Moving 'D:/Games/NatureReserve/NatureReserve/Saved/ThirdPersonCharacterEF12E47C4D145E91D08E83A3C72DF491.tmp' to 'D:/Games/NatureReserve/NatureReserve/Content/ThirdPersonBP/Blueprints/ThirdPersonCharacter.uasset'
[2025.07.10-10.47.50:950][912]AssetCheck: New page: Asset Save: ThirdPersonCharacter
[2025.07.10-10.47.50:950][912]LogContentValidation: Display: Validating Blueprint /Game/ThirdPersonBP/Blueprints/ThirdPersonCharacter.ThirdPersonCharacter
[2025.07.10-10.49.41:559][185]BlueprintLog: New page: Compile ThirdPersonCharacter
[2025.07.10-10.49.41:608][185]LogUObjectHash: Compacting FUObjectHashTables data took   2.77ms
[2025.07.10-10.50.51:284][ 74]LogUObjectHash: Compacting FUObjectHashTables data took   2.73ms
[2025.07.10-10.50.51:295][ 74]LogSavePackage: Moving 'D:/Games/NatureReserve/NatureReserve/Saved/ThirdPersonExampleMap_Auto228DD464441F7158222A1E38A954E0FC2.tmp' to 'D:/Games/NatureReserve/NatureReserve/Saved/Autosaves/Game/ThirdPersonBP/Maps/ThirdPersonExampleMap_Auto2.umap'
[2025.07.10-10.50.51:295][ 74]LogFileHelpers: Editor autosave (incl. external actors) for '/Game/ThirdPersonBP/Maps/ThirdPersonExampleMap' took 0.034
[2025.07.10-10.50.51:295][ 74]LogFileHelpers: Editor autosave (incl. sublevels & external actors) for all levels took 0.034
[2025.07.10-10.50.51:296][ 74]OBJ SavePackage: Generating thumbnails for [1] asset(s) in package [/Game/ThirdPersonBP/Blueprints/ThirdPersonCharacter] ([4] browsable assets)...
[2025.07.10-10.50.51:307][ 74]OBJ SavePackage:     Rendered thumbnail for [Blueprint /Game/ThirdPersonBP/Blueprints/ThirdPersonCharacter.ThirdPersonCharacter]
[2025.07.10-10.50.51:316][ 74]OBJ SavePackage:     Rendered thumbnail for [Blueprint /Game/ThirdPersonBP/Blueprints/ThirdPersonCharacter.ThirdPersonCharacter]
[2025.07.10-10.50.51:316][ 74]OBJ SavePackage: Finished generating thumbnails for package [/Game/ThirdPersonBP/Blueprints/ThirdPersonCharacter]
[2025.07.10-10.50.51:344][ 74]LogSavePackage: Moving 'D:/Games/NatureReserve/NatureReserve/Saved/ThirdPersonCharacter_Auto24F4A42704A8C3263BA85F9AAD73163B0.tmp' to 'D:/Games/NatureReserve/NatureReserve/Saved/Autosaves/Game/ThirdPersonBP/Blueprints/ThirdPersonCharacter_Auto2.uasset'
[2025.07.10-10.50.51:345][ 74]LogFileHelpers: Auto-saving content packages took 0.049
[2025.07.10-10.54.46:352][366]BlueprintLog: New page: Compile ThirdPersonCharacter
[2025.07.10-10.54.46:400][366]LogUObjectHash: Compacting FUObjectHashTables data took   2.76ms
[2025.07.10-10.57.36:051][221]BlueprintLog: New page: Compile ThirdPersonCharacter
[2025.07.10-10.57.36:101][221]LogUObjectHash: Compacting FUObjectHashTables data took   2.70ms
[2025.07.10-10.57.37:214][327]Cmd: OBJ SAVEPACKAGE PACKAGE="/Game/ThirdPersonBP/Blueprints/ThirdPersonCharacter" FILE="D:/Games/NatureReserve/NatureReserve/Content/ThirdPersonBP/Blueprints/ThirdPersonCharacter.uasset" SILENT=true
[2025.07.10-10.57.37:244][327]LogSavePackage: Moving 'D:/Games/NatureReserve/NatureReserve/Saved/ThirdPersonCharacterE0D3009B48539D32F3B8908C61FD253C.tmp' to 'D:/Games/NatureReserve/NatureReserve/Content/ThirdPersonBP/Blueprints/ThirdPersonCharacter.uasset'
[2025.07.10-10.57.37:260][327]AssetCheck: New page: Asset Save: ThirdPersonCharacter
[2025.07.10-10.57.37:260][327]LogContentValidation: Display: Validating Blueprint /Game/ThirdPersonBP/Blueprints/ThirdPersonCharacter.ThirdPersonCharacter
[2025.07.10-10.57.38:177][427]LogWorld: UWorld::CleanupWorld for World_6, bSessionEnded=true, bCleanupResources=true
[2025.07.10-10.57.38:177][427]LogSlate: InvalidateAllWidgets triggered.  All widgets were invalidated
[2025.07.10-10.57.52:435][ 98]LogAssetEditorSubsystem: Opening Asset editor for Blueprint /Game/MyStuff/BP_Interact.BP_Interact
[2025.07.10-10.58.07:497][768]BlueprintLog: New page: Compile BP_Interact
[2025.07.10-10.58.07:538][768]LogUObjectHash: Compacting FUObjectHashTables data took   2.56ms
[2025.07.10-10.58.21:625][400]LogSlate: Window 'BP_Interact' being destroyed
[2025.07.10-10.58.21:664][400]LogWorld: UWorld::CleanupWorld for World_8, bSessionEnded=true, bCleanupResources=true
[2025.07.10-10.58.21:665][400]LogSlate: InvalidateAllWidgets triggered.  All widgets were invalidated
[2025.07.10-10.58.23:201][559]LogAssetEditorSubsystem: Opening Asset editor for Blueprint /Game/MyStuff/BP_Flashlight.BP_Flashlight
[2025.07.10-10.58.27:818][ 57]LogSlate: Window 'BP_Flashlight' being destroyed
[2025.07.10-10.58.27:855][ 57]LogWorld: UWorld::CleanupWorld for World_9, bSessionEnded=true, bCleanupResources=true
[2025.07.10-10.58.27:855][ 57]LogSlate: InvalidateAllWidgets triggered.  All widgets were invalidated
[2025.07.10-10.58.30:065][284]LogAssetEditorSubsystem: Opening Asset editor for WidgetBlueprint /Game/MyStuff/UI/W_InteractPrompt.W_InteractPrompt
[2025.07.10-10.58.33:483][593]LogSlate: Window 'W_InteractPrompt' being destroyed
[2025.07.10-10.58.33:535][593]LogWorld: UWorld::CleanupWorld for World_11, bSessionEnded=true, bCleanupResources=true
[2025.07.10-10.58.33:535][593]LogSlate: InvalidateAllWidgets triggered.  All widgets were invalidated
[2025.07.10-10.58.33:556][593]LogWorld: UWorld::CleanupWorld for World_10, bSessionEnded=true, bCleanupResources=true
[2025.07.10-10.58.33:556][593]LogSlate: InvalidateAllWidgets triggered.  All widgets were invalidated
[2025.07.10-10.59.18:748][641]LogActorFactory: Actor Factory created SM_Rock
[2025.07.10-10.59.19:610][736]LogActorFactory: Actor Factory created SM_Rock
[2025.07.10-10.59.22:515][ 51]LogActorFactory: Actor Factory created SM_Statue
[2025.07.10-10.59.23:414][152]LogActorFactory: Actor Factory created SM_Statue
[2025.07.10-10.59.25:873][412]LogActorFactory: Actor Factory created SM_TableRound
[2025.07.10-10.59.26:814][519]LogActorFactory: Actor Factory created SM_TableRound
[2025.07.10-10.59.28:094][670]Cmd: TRANSACTION UNDO
[2025.07.10-10.59.28:094][670]LogEditorTransaction: Undo Create Actors
[2025.07.10-10.59.28:495][680]Cmd: TRANSACTION UNDO
[2025.07.10-10.59.28:495][680]LogEditorTransaction: Undo Create Actors
[2025.07.10-10.59.28:901][717]Cmd: TRANSACTION UNDO
[2025.07.10-10.59.28:901][717]LogEditorTransaction: Undo Create Actors
[2025.07.10-10.59.30:711][908]LogActorFactory: Actor Factory created SM_Lamp_Ceiling
[2025.07.10-10.59.32:715][143]LogActorFactory: Actor Factory created SM_Lamp_Ceiling
[2025.07.10-10.59.37:384][700]Cmd: DELETE
[2025.07.10-10.59.37:385][700]Cmd: ACTOR DELETE
[2025.07.10-10.59.37:387][700]LogEditorActor: Deleted Actor: StaticMeshActor
[2025.07.10-10.59.37:462][700]LogUObjectHash: Compacting FUObjectHashTables data took   5.28ms
[2025.07.10-10.59.37:467][700]LogEditorActor: Deleted 1 Actors (0.082 secs)
[2025.07.10-10.59.52:947][494]Cmd: DELETE
[2025.07.10-10.59.52:947][494]Cmd: ACTOR DELETE
[2025.07.10-10.59.52:948][494]LogEditorActor: Deleted Actor: Emitter
[2025.07.10-10.59.52:982][494]LogUObjectHash: Compacting FUObjectHashTables data took   1.82ms
[2025.07.10-10.59.52:988][494]LogEditorActor: Deleted 1 Actors (0.040 secs)
[2025.07.10-11.00.35:202][313]LogUObjectHash: Compacting FUObjectHashTables data took   0.33ms
[2025.07.10-11.00.40:984][313]LogSlate: Window 'Save Content' being destroyed
[2025.07.10-11.00.41:032][313]LogUObjectHash: Compacting FUObjectHashTables data took   0.34ms
[2025.07.10-11.00.41:041][313]LogSavePackage: Moving 'D:/Games/NatureReserve/NatureReserve/Saved/ThirdPersonExampleMapB2CA4F6447C2DC2FB83CBABFAEC7659D.tmp' to 'D:/Games/NatureReserve/NatureReserve/Content/ThirdPersonBP/Maps/ThirdPersonExampleMap.umap'
[2025.07.10-11.00.41:052][313]LogFileHelpers: Saving map 'ThirdPersonExampleMap' took 0.034
[2025.07.10-11.00.41:082][313]LogAssetEditorSubsystem: Opening Asset editor for World /Game/ThirdPersonBP/Maps/ThirdPersonExampleMap.ThirdPersonExampleMap
[2025.07.10-11.00.41:082][313]Cmd: MAP LOAD FILE="D:/Games/NatureReserve/NatureReserve/Content/ThirdPersonBP/Maps/ThirdPersonExampleMap.umap" TEMPLATE=0 SHOWPROGRESS=1 FEATURELEVEL=3
[2025.07.10-11.00.41:082][313]LightingResults: New page: Lighting Build
[2025.07.10-11.00.41:082][313]LoadErrors: New page: Loading map: ThirdPersonExampleMap.umap
[2025.07.10-11.00.41:084][313]LogWorld: UWorld::CleanupWorld for ThirdPersonExampleMap, bSessionEnded=true, bCleanupResources=true
[2025.07.10-11.00.41:084][313]LogSlate: InvalidateAllWidgets triggered.  All widgets were invalidated
[2025.07.10-11.00.41:084][313]MapCheck: New page: Map Check
[2025.07.10-11.00.41:084][313]LightingResults: New page: Lighting Build
[2025.07.10-11.00.41:096][313]LogAudio: Display: Audio Device unregistered from world 'None'.
[2025.07.10-11.00.41:100][313]LogUObjectHash: Compacting FUObjectHashTables data took   1.46ms
[2025.07.10-11.00.41:111][313]LogAudio: Display: Audio Device (ID: 1) registered with world 'ThirdPersonExampleMap'.
[2025.07.10-11.00.41:112][313]LogAIModule: Creating AISystem for world ThirdPersonExampleMap
[2025.07.10-11.00.41:249][313]LogEditorServer: Finished looking for orphan Actors (0.000 secs)
[2025.07.10-11.00.41:264][313]LogUObjectHash: Compacting FUObjectHashTables data took   1.31ms
[2025.07.10-11.00.41:273][313]Cmd: MAP CHECKDEP NOCLEARLOG
[2025.07.10-11.00.41:273][313]MapCheck: Map check complete: 0 Error(s), 0 Warning(s), took 0.058ms to complete.
[2025.07.10-11.00.41:273][313]LogFileHelpers: Loading map 'ThirdPersonExampleMap' took 0.191
[2025.07.10-11.00.41:293][313]AssetCheck: New page: Asset Save: ThirdPersonExampleMap
[2025.07.10-11.00.41:293][313]LogContentValidation: Display: Validating World /Game/ThirdPersonBP/Maps/ThirdPersonExampleMap.ThirdPersonExampleMap
[2025.07.10-11.00.47:744][ 60]LogAssetEditorSubsystem: Opening Asset editor for Blueprint /Game/ThirdPersonBP/Blueprints/ThirdPersonCharacter.ThirdPersonCharacter
[2025.07.10-11.00.50:304][298]LogWorld: UWorld::CleanupWorld for World_17, bSessionEnded=true, bCleanupResources=true
[2025.07.10-11.00.50:304][298]LogSlate: InvalidateAllWidgets triggered.  All widgets were invalidated
[2025.07.10-11.01.17:528][220]LogStaticMesh: Building static mesh Floor...
[2025.07.10-11.01.17:660][220]LogStaticMesh: Built static mesh [0.13s] /Game/MyStuff/Floor.Floor
[2025.07.10-11.01.17:695][220]LogUObjectHash: Compacting FUObjectHashTables data took   1.76ms
[2025.07.10-11.01.26:891][220]LogSlate: Window 'Delete Assets' being destroyed
[2025.07.10-11.01.28:234][355]LogUObjectHash: Compacting FUObjectHashTables data took   1.30ms
[2025.07.10-11.01.31:180][355]LogSlate: Window 'Delete Assets' being destroyed
[2025.07.10-11.01.31:301][355]LogUObjectHash: Compacting FUObjectHashTables data took   1.31ms
[2025.07.10-11.01.31:326][355]LogUObjectHash: Compacting FUObjectHashTables data took   1.11ms
[2025.07.10-11.01.31:339][355]LogUObjectHash: Compacting FUObjectHashTables data took   0.35ms
[2025.07.10-11.01.32:221][452]LogUObjectHash: Compacting FUObjectHashTables data took   1.50ms
[2025.07.10-11.01.41:079][452]LogSlate: Window 'Delete Assets' being destroyed
[2025.07.10-11.01.45:705][937]LogUObjectHash: Compacting FUObjectHashTables data took   0.35ms
[2025.07.10-11.01.46:875][937]LogSlate: Window 'Delete Assets' being destroyed
[2025.07.10-11.01.46:914][937]LogAssetEditorSubsystem: Opening Asset editor for Blueprint /Game/ThirdPersonBP/Blueprints/ThirdPersonCharacter.ThirdPersonCharacter
[2025.07.10-11.01.55:273][863]BlueprintLog: New page: Compile ThirdPersonCharacter
[2025.07.10-11.01.55:313][863]LogUObjectHash: Compacting FUObjectHashTables data took   1.50ms
[2025.07.10-11.01.56:897][ 22]Cmd: OBJ SAVEPACKAGE PACKAGE="/Game/ThirdPersonBP/Blueprints/ThirdPersonCharacter" FILE="D:/Games/NatureReserve/NatureReserve/Content/ThirdPersonBP/Blueprints/ThirdPersonCharacter.uasset" SILENT=true
[2025.07.10-11.01.56:928][ 22]LogSavePackage: Moving 'D:/Games/NatureReserve/NatureReserve/Saved/ThirdPersonCharacterFF04C7E54F67B3AFFF9917A3F11F996C.tmp' to 'D:/Games/NatureReserve/NatureReserve/Content/ThirdPersonBP/Blueprints/ThirdPersonCharacter.uasset'
[2025.07.10-11.01.56:945][ 22]AssetCheck: New page: Asset Save: ThirdPersonCharacter
[2025.07.10-11.01.56:945][ 22]LogContentValidation: Display: Validating Blueprint /Game/ThirdPersonBP/Blueprints/ThirdPersonCharacter.ThirdPersonCharacter
[2025.07.10-11.01.57:993][135]LogWorld: UWorld::CleanupWorld for World_18, bSessionEnded=true, bCleanupResources=true
[2025.07.10-11.01.57:993][135]LogSlate: InvalidateAllWidgets triggered.  All widgets were invalidated
[2025.07.10-11.01.59:293][280]LogUObjectHash: Compacting FUObjectHashTables data took   2.07ms
[2025.07.10-11.02.00:955][280]LogSlate: Window 'Delete Assets' being destroyed
[2025.07.10-11.02.00:997][280]LogAssetEditorSubsystem: Opening Asset editor for Blueprint /Game/ThirdPersonBP/Blueprints/ThirdPersonCharacter.ThirdPersonCharacter
[2025.07.10-11.02.37:707][563]LogRenderer: Reallocating scene render targets to support 1128x740 Format 10 NumSamples 1 (Frame:1).
[2025.07.10-11.02.40:128][839]Cmd: OBJ SAVEPACKAGE PACKAGE="/Game/ThirdPersonBP/Blueprints/ThirdPersonCharacter" FILE="D:/Games/NatureReserve/NatureReserve/Content/ThirdPersonBP/Blueprints/ThirdPersonCharacter.uasset" SILENT=true
[2025.07.10-11.02.40:156][839]LogSavePackage: Moving 'D:/Games/NatureReserve/NatureReserve/Saved/ThirdPersonCharacter860BD2DD47203DAB53A0268332EA3EF0.tmp' to 'D:/Games/NatureReserve/NatureReserve/Content/ThirdPersonBP/Blueprints/ThirdPersonCharacter.uasset'
[2025.07.10-11.02.40:179][839]AssetCheck: New page: Asset Save: ThirdPersonCharacter
[2025.07.10-11.02.40:179][839]LogContentValidation: Display: Validating Blueprint /Game/ThirdPersonBP/Blueprints/ThirdPersonCharacter.ThirdPersonCharacter
[2025.07.10-11.02.41:068][943]LogWorld: UWorld::CleanupWorld for World_19, bSessionEnded=true, bCleanupResources=true
[2025.07.10-11.02.41:068][943]LogSlate: InvalidateAllWidgets triggered.  All widgets were invalidated
[2025.07.10-11.02.43:731][241]LogUObjectHash: Compacting FUObjectHashTables data took   1.38ms
[2025.07.10-11.02.43:745][241]LogSavePackage: Moving 'D:/Games/NatureReserve/NatureReserve/Saved/ThirdPersonExampleMapF88DF1C847E0D33977588B855BB41347.tmp' to 'D:/Games/NatureReserve/NatureReserve/Content/ThirdPersonBP/Maps/ThirdPersonExampleMap.umap'
[2025.07.10-11.02.43:801][241]LogSavePackage: Moving 'D:/Games/NatureReserve/NatureReserve/Saved/ThirdPersonExampleMap_BuiltData4B76BE39428E6F7F6993FDA87121435E.tmp' to 'D:/Games/NatureReserve/NatureReserve/Content/ThirdPersonBP/Maps/ThirdPersonExampleMap_BuiltData.uasset'
[2025.07.10-11.02.43:813][241]AssetCheck: New page: Asset Save: multiple assets
[2025.07.10-11.02.43:813][241]LogContentValidation: Display: Validating World /Game/ThirdPersonBP/Maps/ThirdPersonExampleMap.ThirdPersonExampleMap
[2025.07.10-11.02.43:813][241]LogContentValidation: Display: Validating MapBuildDataRegistry /Game/ThirdPersonBP/Maps/ThirdPersonExampleMap_BuiltData.ThirdPersonExampleMap_BuiltData
[2025.07.10-11.02.45:999][491]LogUObjectHash: Compacting FUObjectHashTables data took   1.17ms
[2025.07.10-11.03.00:120][491]LogSlate: Window 'Delete Assets' being destroyed
[2025.07.10-11.03.00:164][491]LogAssetEditorSubsystem: Opening Asset editor for Blueprint /Game/ThirdPersonBP/Blueprints/ThirdPersonCharacter.ThirdPersonCharacter
[2025.07.10-11.03.06:649][167]LogWorld: UWorld::CleanupWorld for World_20, bSessionEnded=true, bCleanupResources=true
[2025.07.10-11.03.06:649][167]LogSlate: InvalidateAllWidgets triggered.  All widgets were invalidated
[2025.07.10-11.03.10:639][613]LogUObjectHash: Compacting FUObjectHashTables data took   1.70ms
[2025.07.10-11.03.18:367][613]LogSlate: Window 'Delete Assets' being destroyed
[2025.07.10-11.03.18:413][613]LogUObjectGlobals: Force Deleting 1 Package(s):
	Asset Name: /Game/MyStuff/BP_Flashlight.BP_Flashlight
[2025.07.10-11.03.19:316][613]LogUObjectHash: Compacting FUObjectHashTables data took   1.45ms
[2025.07.10-11.03.19:344][613]LogUObjectHash: Compacting FUObjectHashTables data took   1.54ms
[2025.07.10-11.03.19:357][613]LogUObjectHash: Compacting FUObjectHashTables data took   1.12ms
[2025.07.10-11.03.19:369][613]LogUObjectHash: Compacting FUObjectHashTables data took   0.54ms
[2025.07.10-11.03.22:292][932]LogTemp: Repeating last play command: Selected Viewport
[2025.07.10-11.03.22:296][932]LogPlayLevel: PlayLevel: No blueprints needed recompiling
[2025.07.10-11.03.22:296][932]PIE: New page: PIE session: ThirdPersonExampleMap (10 Jul 2025, 13:03:22)
[2025.07.10-11.03.22:345][932]LogPlayLevel: Creating play world package: /Game/ThirdPersonBP/Maps/UEDPIE_0_ThirdPersonExampleMap
[2025.07.10-11.03.22:369][932]LogPlayLevel: PIE: StaticDuplicateObject took: (0.024253s)
[2025.07.10-11.03.22:370][932]LogAIModule: Creating AISystem for world ThirdPersonExampleMap
[2025.07.10-11.03.22:370][932]LogPlayLevel: PIE: World Init took: (0.000928s)
[2025.07.10-11.03.22:370][932]LogPlayLevel: PIE: Created PIE world by copying editor world from /Game/ThirdPersonBP/Maps/ThirdPersonExampleMap.ThirdPersonExampleMap to /Game/ThirdPersonBP/Maps/UEDPIE_0_ThirdPersonExampleMap.ThirdPersonExampleMap (0.025350s)
[2025.07.10-11.03.22:385][932]LogUObjectHash: Compacting FUObjectHashTables data took   1.32ms
[2025.07.10-11.03.22:390][932]LogAudio: Display: Creating Audio Device:                 Id: 5, Scope: Unique, Realtime: True
[2025.07.10-11.03.22:390][932]LogAudioMixer: Display: Audio Mixer Platform Settings:
[2025.07.10-11.03.22:390][932]LogAudioMixer: Display: 	Sample Rate:						  48000
[2025.07.10-11.03.22:390][932]LogAudioMixer: Display: 	Callback Buffer Frame Size Requested: 1024
[2025.07.10-11.03.22:390][932]LogAudioMixer: Display: 	Callback Buffer Frame Size To Use:	  1024
[2025.07.10-11.03.22:390][932]LogAudioMixer: Display: 	Number of buffers to queue:			  2
[2025.07.10-11.03.22:390][932]LogAudioMixer: Display: 	Max Channels (voices):				  32
[2025.07.10-11.03.22:390][932]LogAudioMixer: Display: 	Number of Async Source Workers:		  0
[2025.07.10-11.03.22:390][932]LogAudio: Display: AudioDevice MaxSources: 32
[2025.07.10-11.03.22:391][932]LogAudio: Display: Audio Spatialization Plugin: None (built-in).
[2025.07.10-11.03.22:391][932]LogAudio: Display: Audio Reverb Plugin: None (built-in).
[2025.07.10-11.03.22:391][932]LogAudio: Display: Audio Occlusion Plugin: None (built-in).
[2025.07.10-11.03.22:391][932]LogAudioMixer: Display: Initializing audio mixer.
[2025.07.10-11.03.22:393][932]LogAudioMixer: Display: 0: FrontLeft
[2025.07.10-11.03.22:393][932]LogAudioMixer: Display: 1: FrontRight
[2025.07.10-11.03.22:400][932]LogAudioMixer: Display: Using Audio Device Speakers (2- USB Audio Device)
[2025.07.10-11.03.22:400][932]LogAudioMixer: Display: Initializing Sound Submixes...
[2025.07.10-11.03.22:400][932]LogAudioMixer: Display: Creating Master Submix 'MasterSubmixDefault'
[2025.07.10-11.03.22:400][932]LogAudioMixer: Display: Creating Master Submix 'MasterReverbSubmixDefault'
[2025.07.10-11.03.22:400][932]LogAudioMixer: Display: Creating Master Submix 'MasterEQSubmixDefault'
[2025.07.10-11.03.22:400][932]LogAudioMixer: FMixerPlatformXAudio2::StartAudioStream() called
[2025.07.10-11.03.22:400][932]LogAudioMixer: Display: Output buffers initialized: Frames=1024, Channels=2, Samples=2048
[2025.07.10-11.03.22:401][932]LogAudioMixer: Display: Starting AudioMixerPlatformInterface::RunInternal()
[2025.07.10-11.03.22:401][932]LogAudioMixer: Display: FMixerPlatformXAudio2::SubmitBuffer() called for the first time
[2025.07.10-11.03.22:401][932]LogInit: FAudioDevice initialized.
[2025.07.10-11.03.22:401][932]LogAudio: Display: Audio Device (ID: 5) registered with world 'ThirdPersonExampleMap'.
[2025.07.10-11.03.22:405][932]LogLoad: Game class is 'ThirdPersonGameMode_C'
[2025.07.10-11.03.22:407][932]LogWorld: Bringing World /Game/ThirdPersonBP/Maps/UEDPIE_0_ThirdPersonExampleMap.ThirdPersonExampleMap up for play (max tick rate 0) at 2025.07.10-12.03.22
[2025.07.10-11.03.22:407][932]LogWorld: Bringing up level for play took: 0.000885
[2025.07.10-11.03.22:407][932]LogOnline: OSS: Creating online subsystem instance for: :Context_25
[2025.07.10-11.03.22:408][932]PIE: Server logged in
[2025.07.10-11.03.22:409][932]PIE: Play in editor total start time 0.113 seconds.
[2025.07.10-11.03.28:657][674]LogSlate: Updating window title bar state: overlay mode, drag disabled, window buttons hidden, title bar hidden
[2025.07.10-11.03.28:658][674]LogWorld: BeginTearingDown for /Game/ThirdPersonBP/Maps/UEDPIE_0_ThirdPersonExampleMap
[2025.07.10-11.03.28:658][674]LogWorld: UWorld::CleanupWorld for ThirdPersonExampleMap, bSessionEnded=true, bCleanupResources=true
[2025.07.10-11.03.28:659][674]LogSlate: InvalidateAllWidgets triggered.  All widgets were invalidated
[2025.07.10-11.03.28:679][674]LogPlayLevel: Display: Shutting down PIE online subsystems
[2025.07.10-11.03.28:689][674]LogSlate: InvalidateAllWidgets triggered.  All widgets were invalidated
[2025.07.10-11.03.28:705][674]LogSlate: Updating window title bar state: overlay mode, drag disabled, window buttons hidden, title bar hidden
[2025.07.10-11.03.28:706][674]LogAudioMixer: FMixerPlatformXAudio2::StopAudioStream() called
[2025.07.10-11.03.28:706][674]LogAudioMixer: FMixerPlatformXAudio2::StopAudioStream() called
[2025.07.10-11.03.28:710][674]LogUObjectHash: Compacting FUObjectHashTables data took   1.31ms
[2025.07.10-11.03.28:725][675]LogPlayLevel: Display: Destroying online subsystem :Context_25
[2025.07.10-11.03.34:807][401]LogUObjectHash: Compacting FUObjectHashTables data took   1.54ms
[2025.07.10-11.03.36:490][401]LogSlate: Window 'Delete Assets' being destroyed
[2025.07.10-11.03.36:571][401]LogUObjectGlobals: Force Deleting 1 Package(s):
	Asset Name: /Game/MyStuff/BP_Interact.BP_Interact
[2025.07.10-11.03.36:771][401]LogUObjectHash: Compacting FUObjectHashTables data took   1.49ms
[2025.07.10-11.03.36:785][401]LogUObjectHash: Compacting FUObjectHashTables data took   1.20ms
[2025.07.10-11.03.36:798][401]LogUObjectHash: Compacting FUObjectHashTables data took   0.41ms
[2025.07.10-11.03.40:105][592]LogEditorViewport: Clicking on Actor (LMB): StaticMeshActor (Floor)
[2025.07.10-11.12.50:197][707]LogUObjectHash: Compacting FUObjectHashTables data took   0.47ms
[2025.07.10-11.12.50:210][707]LogSavePackage: Moving 'D:/Games/NatureReserve/NatureReserve/Saved/ThirdPersonExampleMap_Auto340A3C95D447921854B64B79F42A5ABBD.tmp' to 'D:/Games/NatureReserve/NatureReserve/Saved/Autosaves/Game/ThirdPersonBP/Maps/ThirdPersonExampleMap_Auto3.umap'
[2025.07.10-11.12.50:211][707]LogFileHelpers: Editor autosave (incl. external actors) for '/Game/ThirdPersonBP/Maps/ThirdPersonExampleMap' took 0.032
[2025.07.10-11.12.50:211][707]LogFileHelpers: Editor autosave (incl. sublevels & external actors) for all levels took 0.032
[2025.07.10-11.12.50:212][707]OBJ SavePackage: Generating thumbnails for [2] asset(s) in package [/Game/ThirdPersonBP/Blueprints/ThirdPersonCharacter] ([4] browsable assets)...
[2025.07.10-11.12.50:230][707]OBJ SavePackage:     Rendered thumbnail for [BlueprintGeneratedClass /Game/ThirdPersonBP/Blueprints/ThirdPersonCharacter.ThirdPersonCharacter_C]
[2025.07.10-11.12.50:245][707]OBJ SavePackage:     Rendered thumbnail for [Blueprint /Game/ThirdPersonBP/Blueprints/ThirdPersonCharacter.ThirdPersonCharacter]
[2025.07.10-11.12.50:260][707]OBJ SavePackage:     Rendered thumbnail for [BlueprintGeneratedClass /Game/ThirdPersonBP/Blueprints/ThirdPersonCharacter.ThirdPersonCharacter_C]
[2025.07.10-11.12.50:274][707]OBJ SavePackage:     Rendered thumbnail for [Blueprint /Game/ThirdPersonBP/Blueprints/ThirdPersonCharacter.ThirdPersonCharacter]
[2025.07.10-11.12.50:274][707]OBJ SavePackage: Finished generating thumbnails for package [/Game/ThirdPersonBP/Blueprints/ThirdPersonCharacter]
[2025.07.10-11.12.50:308][707]LogSavePackage: Moving 'D:/Games/NatureReserve/NatureReserve/Saved/ThirdPersonCharacter_Auto3C80D6BAC434C8610BD65BEB7F0B1AA09.tmp' to 'D:/Games/NatureReserve/NatureReserve/Saved/Autosaves/Game/ThirdPersonBP/Blueprints/ThirdPersonCharacter_Auto3.uasset'
[2025.07.10-11.12.50:309][707]LogFileHelpers: Auto-saving content packages took 0.097
[2025.07.10-11.39.02:310][551]LogEditorClassViewer: Warning: Class /Engine/Tutorial/InWorldBlueprintEditing/TutorialAssets/IWBE_Blutility.IWBE_Blutility_C has parent /Script/Blutility.PlacedEditorUtilityBase, but this parent is not found. The Class will not be shown in ClassViewer.
[2025.07.10-11.39.03:943][551]LogSlate: Window 'Pick Parent Class' being destroyed
[2025.07.10-11.39.03:958][551]LogContentBrowser: Deferred new asset file creation: NewBlueprint
[2025.07.10-11.39.03:967][551]LogContentBrowser: Creating deferred item: NewBlueprint
[2025.07.10-11.39.13:206][660]LogContentBrowser: Attempting asset rename: NewBlueprint -> Battery_BP
[2025.07.10-11.39.13:210][660]LogContentBrowser: End creating deferred item NewBlueprint
[2025.07.10-11.39.18:158][895]LogAssetEditorSubsystem: Opening Asset editor for Blueprint /Game/MyStuff/Battery_BP.Battery_BP
[2025.07.10-11.39.18:557][895]LogRenderer: Reallocating scene render targets to support 1128x744 Format 10 NumSamples 1 (Frame:1).
[2025.07.10-11.40.24:078][695]BlueprintLog: New page: Compile Battery_BP
[2025.07.10-11.40.24:130][695]LogUObjectHash: Compacting FUObjectHashTables data took   2.99ms
[2025.07.10-11.40.47:750][407]LogEditorTransaction: Undo Modify Component(s)
[2025.07.10-11.43.48:798][463]BlueprintLog: New page: Compile Battery_BP
[2025.07.10-11.43.48:848][463]LogUObjectHash: Compacting FUObjectHashTables data took   2.58ms
[2025.07.10-11.44.37:901][282]BlueprintLog: New page: Compile Battery_BP
[2025.07.10-11.44.37:937][282]LogUObjectHash: Compacting FUObjectHashTables data took   2.47ms
[2025.07.10-11.44.38:073][296]BlueprintLog: New page: Compile Battery_BP
[2025.07.10-11.44.38:108][296]LogUObjectHash: Compacting FUObjectHashTables data took   2.42ms
[2025.07.10-11.44.38:735][363]Cmd: OBJ SAVEPACKAGE PACKAGE="/Game/MyStuff/Battery_BP" FILE="D:/Games/NatureReserve/NatureReserve/Content/MyStuff/Battery_BP.uasset" SILENT=true
[2025.07.10-11.44.38:743][363]LogSavePackage: Moving 'D:/Games/NatureReserve/NatureReserve/Saved/Battery_BPFA3E2309468C10C2D0CDCDABA478F9CA.tmp' to 'D:/Games/NatureReserve/NatureReserve/Content/MyStuff/Battery_BP.uasset'
[2025.07.10-11.44.38:763][363]AssetCheck: New page: Asset Save: Battery_BP
[2025.07.10-11.44.38:763][363]LogContentValidation: Display: Validating Blueprint /Game/MyStuff/Battery_BP.Battery_BP
[2025.07.10-11.44.39:676][454]LogSlate: Window 'Battery_BP' being destroyed
[2025.07.10-11.44.39:711][454]LogWorld: UWorld::CleanupWorld for World_21, bSessionEnded=true, bCleanupResources=true
[2025.07.10-11.44.39:711][454]LogSlate: InvalidateAllWidgets triggered.  All widgets were invalidated
[2025.07.10-11.44.43:963][902]LogUObjectHash: Compacting FUObjectHashTables data took   2.55ms
[2025.07.10-11.44.43:974][902]LogSavePackage: Moving 'D:/Games/NatureReserve/NatureReserve/Saved/ThirdPersonExampleMap1438DA1C40B218BD5A5A959D5352BACF.tmp' to 'D:/Games/NatureReserve/NatureReserve/Content/ThirdPersonBP/Maps/ThirdPersonExampleMap.umap'
[2025.07.10-11.44.44:009][902]LogSavePackage: Moving 'D:/Games/NatureReserve/NatureReserve/Saved/ThirdPersonExampleMap_BuiltDataEF9B9C094F325D8A850A318A1015E2A0.tmp' to 'D:/Games/NatureReserve/NatureReserve/Content/ThirdPersonBP/Maps/ThirdPersonExampleMap_BuiltData.uasset'
[2025.07.10-11.44.44:020][902]AssetCheck: New page: Asset Save: multiple assets
[2025.07.10-11.44.44:020][902]LogContentValidation: Display: Validating World /Game/ThirdPersonBP/Maps/ThirdPersonExampleMap.ThirdPersonExampleMap
[2025.07.10-11.44.44:020][902]LogContentValidation: Display: Validating MapBuildDataRegistry /Game/ThirdPersonBP/Maps/ThirdPersonExampleMap_BuiltData.ThirdPersonExampleMap_BuiltData
[2025.07.10-11.44.55:049][173]LogUObjectHash: Compacting FUObjectHashTables data took   2.31ms
[2025.07.10-11.44.55:062][173]LogSavePackage: Moving 'D:/Games/NatureReserve/NatureReserve/Saved/ThirdPersonExampleMap62B9A1A54F6AE224E772A9A78CAEB6C2.tmp' to 'D:/Games/NatureReserve/NatureReserve/Content/ThirdPersonBP/Maps/ThirdPersonExampleMap.umap'
[2025.07.10-11.44.55:096][173]LogSavePackage: Moving 'D:/Games/NatureReserve/NatureReserve/Saved/ThirdPersonExampleMap_BuiltDataAD477B3C43D9E1C5939D7CBD05B9F05D.tmp' to 'D:/Games/NatureReserve/NatureReserve/Content/ThirdPersonBP/Maps/ThirdPersonExampleMap_BuiltData.uasset'
[2025.07.10-11.44.55:107][173]AssetCheck: New page: Asset Save: multiple assets
[2025.07.10-11.44.55:107][173]LogContentValidation: Display: Validating World /Game/ThirdPersonBP/Maps/ThirdPersonExampleMap.ThirdPersonExampleMap
[2025.07.10-11.44.55:107][173]LogContentValidation: Display: Validating MapBuildDataRegistry /Game/ThirdPersonBP/Maps/ThirdPersonExampleMap_BuiltData.ThirdPersonExampleMap_BuiltData
[2025.07.10-11.44.56:460][315]LogAssetEditorSubsystem: Opening Asset editor for Blueprint /Game/MyStuff/Battery_BP.Battery_BP
[2025.07.10-11.45.56:198][380]BlueprintLog: New page: Compile Battery_BP
[2025.07.10-11.45.56:234][380]LogUObjectHash: Compacting FUObjectHashTables data took   1.57ms
[2025.07.10-11.45.58:538][645]Cmd: OBJ SAVEPACKAGE PACKAGE="/Game/MyStuff/Battery_BP" FILE="D:/Games/NatureReserve/NatureReserve/Content/MyStuff/Battery_BP.uasset" SILENT=true
[2025.07.10-11.45.58:547][645]LogSavePackage: Moving 'D:/Games/NatureReserve/NatureReserve/Saved/Battery_BPBB970A444F06240D4ABD5FA08F2C2A9E.tmp' to 'D:/Games/NatureReserve/NatureReserve/Content/MyStuff/Battery_BP.uasset'
[2025.07.10-11.45.58:559][645]AssetCheck: New page: Asset Save: Battery_BP
[2025.07.10-11.45.58:559][645]LogContentValidation: Display: Validating Blueprint /Game/MyStuff/Battery_BP.Battery_BP
[2025.07.10-11.46.39:103][721]Cmd: OBJ SAVEPACKAGE PACKAGE="/Game/MyStuff/Battery_BP" FILE="D:/Games/NatureReserve/NatureReserve/Content/MyStuff/Battery_BP.uasset" SILENT=true
[2025.07.10-11.46.39:113][721]LogSavePackage: Moving 'D:/Games/NatureReserve/NatureReserve/Saved/Battery_BP0FC7BF6B42917CD6EDA604A13AB77671.tmp' to 'D:/Games/NatureReserve/NatureReserve/Content/MyStuff/Battery_BP.uasset'
[2025.07.10-11.46.39:126][721]AssetCheck: New page: Asset Save: Battery_BP
[2025.07.10-11.46.39:126][721]LogContentValidation: Display: Validating Blueprint /Game/MyStuff/Battery_BP.Battery_BP
[2025.07.10-11.46.39:827][802]BlueprintLog: New page: Compile Battery_BP
[2025.07.10-11.46.39:864][802]LogUObjectHash: Compacting FUObjectHashTables data took   1.80ms
[2025.07.10-11.46.45:743][431]LogTemp: Repeating last play command: Selected Viewport
[2025.07.10-11.46.45:747][431]BlueprintLog: New page: Pre-Play auto-recompile
[2025.07.10-11.46.45:749][431]LogPlayLevel: [PlayLevel] Compiling ThirdPersonCharacter before play...
[2025.07.10-11.46.45:795][431]LogUObjectHash: Compacting FUObjectHashTables data took   1.90ms
[2025.07.10-11.46.45:797][431]LogPlayLevel: PlayLevel: Blueprint regeneration took 49 ms (1 blueprints)
[2025.07.10-11.46.45:797][431]PIE: New page: PIE session: ThirdPersonExampleMap (10 Jul 2025, 13:46:45)
[2025.07.10-11.46.45:797][431]LogPlayLevel: Creating play world package: /Game/ThirdPersonBP/Maps/UEDPIE_0_ThirdPersonExampleMap
[2025.07.10-11.46.45:804][431]LogPlayLevel: PIE: StaticDuplicateObject took: (0.007334s)
[2025.07.10-11.46.45:805][431]LogAIModule: Creating AISystem for world ThirdPersonExampleMap
[2025.07.10-11.46.45:805][431]LogPlayLevel: PIE: World Init took: (0.000914s)
[2025.07.10-11.46.45:805][431]LogPlayLevel: PIE: Created PIE world by copying editor world from /Game/ThirdPersonBP/Maps/ThirdPersonExampleMap.ThirdPersonExampleMap to /Game/ThirdPersonBP/Maps/UEDPIE_0_ThirdPersonExampleMap.ThirdPersonExampleMap (0.008352s)
[2025.07.10-11.46.45:822][431]LogUObjectHash: Compacting FUObjectHashTables data took   1.29ms
[2025.07.10-11.46.45:822][431]LogAudio: Display: Creating Audio Device:                 Id: 6, Scope: Unique, Realtime: True
[2025.07.10-11.46.45:822][431]LogAudioMixer: Display: Audio Mixer Platform Settings:
[2025.07.10-11.46.45:822][431]LogAudioMixer: Display: 	Sample Rate:						  48000
[2025.07.10-11.46.45:822][431]LogAudioMixer: Display: 	Callback Buffer Frame Size Requested: 1024
[2025.07.10-11.46.45:822][431]LogAudioMixer: Display: 	Callback Buffer Frame Size To Use:	  1024
[2025.07.10-11.46.45:822][431]LogAudioMixer: Display: 	Number of buffers to queue:			  2
[2025.07.10-11.46.45:822][431]LogAudioMixer: Display: 	Max Channels (voices):				  32
[2025.07.10-11.46.45:822][431]LogAudioMixer: Display: 	Number of Async Source Workers:		  0
[2025.07.10-11.46.45:822][431]LogAudio: Display: AudioDevice MaxSources: 32
[2025.07.10-11.46.45:823][431]LogAudio: Display: Audio Spatialization Plugin: None (built-in).
[2025.07.10-11.46.45:823][431]LogAudio: Display: Audio Reverb Plugin: None (built-in).
[2025.07.10-11.46.45:823][431]LogAudio: Display: Audio Occlusion Plugin: None (built-in).
[2025.07.10-11.46.45:823][431]LogAudioMixer: Display: Initializing audio mixer.
[2025.07.10-11.46.45:826][431]LogAudioMixer: Display: 0: FrontLeft
[2025.07.10-11.46.45:826][431]LogAudioMixer: Display: 1: FrontRight
[2025.07.10-11.46.45:831][431]LogAudioMixer: Display: Using Audio Device Speakers (2- USB Audio Device)
[2025.07.10-11.46.45:831][431]LogAudioMixer: Display: Initializing Sound Submixes...
[2025.07.10-11.46.45:831][431]LogAudioMixer: Display: Creating Master Submix 'MasterSubmixDefault'
[2025.07.10-11.46.45:831][431]LogAudioMixer: Display: Creating Master Submix 'MasterReverbSubmixDefault'
[2025.07.10-11.46.45:831][431]LogAudioMixer: Display: Creating Master Submix 'MasterEQSubmixDefault'
[2025.07.10-11.46.45:831][431]LogAudioMixer: FMixerPlatformXAudio2::StartAudioStream() called
[2025.07.10-11.46.45:831][431]LogAudioMixer: Display: Output buffers initialized: Frames=1024, Channels=2, Samples=2048
[2025.07.10-11.46.45:832][431]LogAudioMixer: Display: Starting AudioMixerPlatformInterface::RunInternal()
[2025.07.10-11.46.45:832][431]LogAudioMixer: Display: FMixerPlatformXAudio2::SubmitBuffer() called for the first time
[2025.07.10-11.46.45:832][431]LogInit: FAudioDevice initialized.
[2025.07.10-11.46.45:832][431]LogAudio: Display: Audio Device (ID: 6) registered with world 'ThirdPersonExampleMap'.
[2025.07.10-11.46.45:843][431]LogLoad: Game class is 'ThirdPersonGameMode_C'
[2025.07.10-11.46.45:843][431]LogWorld: Bringing World /Game/ThirdPersonBP/Maps/UEDPIE_0_ThirdPersonExampleMap.ThirdPersonExampleMap up for play (max tick rate 0) at 2025.07.10-12.46.45
[2025.07.10-11.46.45:843][431]LogWorld: Bringing up level for play took: 0.000870
[2025.07.10-11.46.45:844][431]LogOnline: OSS: Creating online subsystem instance for: :Context_29
[2025.07.10-11.46.45:845][431]PIE: Server logged in
[2025.07.10-11.46.45:846][431]PIE: Play in editor total start time 0.1 seconds.
[2025.07.10-11.46.55:863][626]LogSlate: Updating window title bar state: overlay mode, drag disabled, window buttons hidden, title bar hidden
[2025.07.10-11.46.55:863][626]LogWorld: BeginTearingDown for /Game/ThirdPersonBP/Maps/UEDPIE_0_ThirdPersonExampleMap
[2025.07.10-11.46.55:863][626]LogWorld: UWorld::CleanupWorld for ThirdPersonExampleMap, bSessionEnded=true, bCleanupResources=true
[2025.07.10-11.46.55:863][626]LogSlate: InvalidateAllWidgets triggered.  All widgets were invalidated
[2025.07.10-11.46.55:871][626]LogPlayLevel: Display: Shutting down PIE online subsystems
[2025.07.10-11.46.55:882][626]LogSlate: InvalidateAllWidgets triggered.  All widgets were invalidated
[2025.07.10-11.46.55:899][626]LogSlate: Updating window title bar state: overlay mode, drag disabled, window buttons hidden, title bar hidden
[2025.07.10-11.46.55:900][626]LogAudioMixer: FMixerPlatformXAudio2::StopAudioStream() called
[2025.07.10-11.46.55:900][626]LogAudioMixer: FMixerPlatformXAudio2::StopAudioStream() called
[2025.07.10-11.46.55:903][626]LogUObjectHash: Compacting FUObjectHashTables data took   1.33ms
[2025.07.10-11.46.55:927][627]LogPlayLevel: Display: Destroying online subsystem :Context_29
[2025.07.10-11.46.57:890][858]LogTemp: Repeating last play command: Selected Viewport
[2025.07.10-11.46.57:894][858]LogPlayLevel: PlayLevel: No blueprints needed recompiling
[2025.07.10-11.46.57:894][858]PIE: New page: PIE session: ThirdPersonExampleMap (10 Jul 2025, 13:46:57)
[2025.07.10-11.46.57:932][858]LogPlayLevel: Creating play world package: /Game/ThirdPersonBP/Maps/UEDPIE_0_ThirdPersonExampleMap
[2025.07.10-11.46.57:955][858]LogPlayLevel: PIE: StaticDuplicateObject took: (0.023137s)
[2025.07.10-11.46.57:957][858]LogAIModule: Creating AISystem for world ThirdPersonExampleMap
[2025.07.10-11.46.57:957][858]LogPlayLevel: PIE: World Init took: (0.002120s)
[2025.07.10-11.46.57:958][858]LogPlayLevel: PIE: Created PIE world by copying editor world from /Game/ThirdPersonBP/Maps/ThirdPersonExampleMap.ThirdPersonExampleMap to /Game/ThirdPersonBP/Maps/UEDPIE_0_ThirdPersonExampleMap.ThirdPersonExampleMap (0.025662s)
[2025.07.10-11.46.57:983][858]LogUObjectHash: Compacting FUObjectHashTables data took   1.31ms
[2025.07.10-11.46.57:984][858]LogAudio: Display: Creating Audio Device:                 Id: 7, Scope: Unique, Realtime: True
[2025.07.10-11.46.57:984][858]LogAudioMixer: Display: Audio Mixer Platform Settings:
[2025.07.10-11.46.57:984][858]LogAudioMixer: Display: 	Sample Rate:						  48000
[2025.07.10-11.46.57:984][858]LogAudioMixer: Display: 	Callback Buffer Frame Size Requested: 1024
[2025.07.10-11.46.57:984][858]LogAudioMixer: Display: 	Callback Buffer Frame Size To Use:	  1024
[2025.07.10-11.46.57:984][858]LogAudioMixer: Display: 	Number of buffers to queue:			  2
[2025.07.10-11.46.57:984][858]LogAudioMixer: Display: 	Max Channels (voices):				  32
[2025.07.10-11.46.57:984][858]LogAudioMixer: Display: 	Number of Async Source Workers:		  0
[2025.07.10-11.46.57:984][858]LogAudio: Display: AudioDevice MaxSources: 32
[2025.07.10-11.46.57:984][858]LogAudio: Display: Audio Spatialization Plugin: None (built-in).
[2025.07.10-11.46.57:984][858]LogAudio: Display: Audio Reverb Plugin: None (built-in).
[2025.07.10-11.46.57:984][858]LogAudio: Display: Audio Occlusion Plugin: None (built-in).
[2025.07.10-11.46.57:984][858]LogAudioMixer: Display: Initializing audio mixer.
[2025.07.10-11.46.57:987][858]LogAudioMixer: Display: 0: FrontLeft
[2025.07.10-11.46.57:987][858]LogAudioMixer: Display: 1: FrontRight
[2025.07.10-11.46.57:993][858]LogAudioMixer: Display: Using Audio Device Speakers (2- USB Audio Device)
[2025.07.10-11.46.57:993][858]LogAudioMixer: Display: Initializing Sound Submixes...
[2025.07.10-11.46.57:993][858]LogAudioMixer: Display: Creating Master Submix 'MasterSubmixDefault'
[2025.07.10-11.46.57:993][858]LogAudioMixer: Display: Creating Master Submix 'MasterReverbSubmixDefault'
[2025.07.10-11.46.57:993][858]LogAudioMixer: Display: Creating Master Submix 'MasterEQSubmixDefault'
[2025.07.10-11.46.57:993][858]LogAudioMixer: FMixerPlatformXAudio2::StartAudioStream() called
[2025.07.10-11.46.57:993][858]LogAudioMixer: Display: Output buffers initialized: Frames=1024, Channels=2, Samples=2048
[2025.07.10-11.46.57:994][858]LogAudioMixer: Display: Starting AudioMixerPlatformInterface::RunInternal()
[2025.07.10-11.46.57:994][858]LogAudioMixer: Display: FMixerPlatformXAudio2::SubmitBuffer() called for the first time
[2025.07.10-11.46.57:994][858]LogInit: FAudioDevice initialized.
[2025.07.10-11.46.57:994][858]LogAudio: Display: Audio Device (ID: 7) registered with world 'ThirdPersonExampleMap'.
[2025.07.10-11.46.58:001][858]LogLoad: Game class is 'ThirdPersonGameMode_C'
[2025.07.10-11.46.58:002][858]LogWorld: Bringing World /Game/ThirdPersonBP/Maps/UEDPIE_0_ThirdPersonExampleMap.ThirdPersonExampleMap up for play (max tick rate 0) at 2025.07.10-12.46.58
[2025.07.10-11.46.58:003][858]LogWorld: Bringing up level for play took: 0.001184
[2025.07.10-11.46.58:003][858]LogOnline: OSS: Creating online subsystem instance for: :Context_30
[2025.07.10-11.46.58:004][858]PIE: Server logged in
[2025.07.10-11.46.58:005][858]PIE: Play in editor total start time 0.111 seconds.
[2025.07.10-11.47.01:904][318]LogSlate: Updating window title bar state: overlay mode, drag disabled, window buttons hidden, title bar hidden
[2025.07.10-11.47.01:904][318]LogWorld: BeginTearingDown for /Game/ThirdPersonBP/Maps/UEDPIE_0_ThirdPersonExampleMap
[2025.07.10-11.47.01:905][318]LogWorld: UWorld::CleanupWorld for ThirdPersonExampleMap, bSessionEnded=true, bCleanupResources=true
[2025.07.10-11.47.01:907][318]LogSlate: InvalidateAllWidgets triggered.  All widgets were invalidated
[2025.07.10-11.47.01:929][318]LogPlayLevel: Display: Shutting down PIE online subsystems
[2025.07.10-11.47.01:947][318]LogSlate: InvalidateAllWidgets triggered.  All widgets were invalidated
[2025.07.10-11.47.01:964][318]LogSlate: Updating window title bar state: overlay mode, drag disabled, window buttons hidden, title bar hidden
[2025.07.10-11.47.01:964][318]LogAudioMixer: FMixerPlatformXAudio2::StopAudioStream() called
[2025.07.10-11.47.01:966][318]LogAudioMixer: FMixerPlatformXAudio2::StopAudioStream() called
[2025.07.10-11.47.01:969][318]LogUObjectHash: Compacting FUObjectHashTables data took   1.58ms
[2025.07.10-11.47.01:991][319]LogPlayLevel: Display: Destroying online subsystem :Context_30
[2025.07.10-11.47.04:794][494]LogTemp: Repeating last play command: Selected Viewport
[2025.07.10-11.47.04:799][494]LogPlayLevel: PlayLevel: No blueprints needed recompiling
[2025.07.10-11.47.04:799][494]PIE: New page: PIE session: ThirdPersonExampleMap (10 Jul 2025, 13:47:04)
[2025.07.10-11.47.04:799][494]LogPlayLevel: Creating play world package: /Game/ThirdPersonBP/Maps/UEDPIE_0_ThirdPersonExampleMap
[2025.07.10-11.47.04:806][494]LogPlayLevel: PIE: StaticDuplicateObject took: (0.007442s)
[2025.07.10-11.47.04:807][494]LogAIModule: Creating AISystem for world ThirdPersonExampleMap
[2025.07.10-11.47.04:808][494]LogPlayLevel: PIE: World Init took: (0.001339s)
[2025.07.10-11.47.04:808][494]LogPlayLevel: PIE: Created PIE world by copying editor world from /Game/ThirdPersonBP/Maps/ThirdPersonExampleMap.ThirdPersonExampleMap to /Game/ThirdPersonBP/Maps/UEDPIE_0_ThirdPersonExampleMap.ThirdPersonExampleMap (0.008944s)
[2025.07.10-11.47.04:829][494]LogUObjectHash: Compacting FUObjectHashTables data took   2.31ms
[2025.07.10-11.47.04:830][494]LogAudio: Display: Creating Audio Device:                 Id: 8, Scope: Unique, Realtime: True
[2025.07.10-11.47.04:830][494]LogAudioMixer: Display: Audio Mixer Platform Settings:
[2025.07.10-11.47.04:830][494]LogAudioMixer: Display: 	Sample Rate:						  48000
[2025.07.10-11.47.04:830][494]LogAudioMixer: Display: 	Callback Buffer Frame Size Requested: 1024
[2025.07.10-11.47.04:830][494]LogAudioMixer: Display: 	Callback Buffer Frame Size To Use:	  1024
[2025.07.10-11.47.04:830][494]LogAudioMixer: Display: 	Number of buffers to queue:			  2
[2025.07.10-11.47.04:831][494]LogAudioMixer: Display: 	Max Channels (voices):				  32
[2025.07.10-11.47.04:831][494]LogAudioMixer: Display: 	Number of Async Source Workers:		  0
[2025.07.10-11.47.04:831][494]LogAudio: Display: AudioDevice MaxSources: 32
[2025.07.10-11.47.04:831][494]LogAudio: Display: Audio Spatialization Plugin: None (built-in).
[2025.07.10-11.47.04:831][494]LogAudio: Display: Audio Reverb Plugin: None (built-in).
[2025.07.10-11.47.04:831][494]LogAudio: Display: Audio Occlusion Plugin: None (built-in).
[2025.07.10-11.47.04:831][494]LogAudioMixer: Display: Initializing audio mixer.
[2025.07.10-11.47.04:834][494]LogAudioMixer: Display: 0: FrontLeft
[2025.07.10-11.47.04:834][494]LogAudioMixer: Display: 1: FrontRight
[2025.07.10-11.47.04:839][494]LogAudioMixer: Display: Using Audio Device Speakers (2- USB Audio Device)
[2025.07.10-11.47.04:840][494]LogAudioMixer: Display: Initializing Sound Submixes...
[2025.07.10-11.47.04:840][494]LogAudioMixer: Display: Creating Master Submix 'MasterSubmixDefault'
[2025.07.10-11.47.04:840][494]LogAudioMixer: Display: Creating Master Submix 'MasterReverbSubmixDefault'
[2025.07.10-11.47.04:840][494]LogAudioMixer: Display: Creating Master Submix 'MasterEQSubmixDefault'
[2025.07.10-11.47.04:840][494]LogAudioMixer: FMixerPlatformXAudio2::StartAudioStream() called
[2025.07.10-11.47.04:840][494]LogAudioMixer: Display: Output buffers initialized: Frames=1024, Channels=2, Samples=2048
[2025.07.10-11.47.04:841][494]LogAudioMixer: Display: Starting AudioMixerPlatformInterface::RunInternal()
[2025.07.10-11.47.04:841][494]LogAudioMixer: Display: FMixerPlatformXAudio2::SubmitBuffer() called for the first time
[2025.07.10-11.47.04:841][494]LogInit: FAudioDevice initialized.
[2025.07.10-11.47.04:841][494]LogAudio: Display: Audio Device (ID: 8) registered with world 'ThirdPersonExampleMap'.
[2025.07.10-11.47.04:846][494]LogLoad: Game class is 'ThirdPersonGameMode_C'
[2025.07.10-11.47.04:847][494]LogWorld: Bringing World /Game/ThirdPersonBP/Maps/UEDPIE_0_ThirdPersonExampleMap.ThirdPersonExampleMap up for play (max tick rate 0) at 2025.07.10-12.47.04
[2025.07.10-11.47.04:847][494]LogWorld: Bringing up level for play took: 0.000869
[2025.07.10-11.47.04:847][494]LogOnline: OSS: Creating online subsystem instance for: :Context_31
[2025.07.10-11.47.04:849][494]PIE: Server logged in
[2025.07.10-11.47.04:849][494]PIE: Play in editor total start time 0.051 seconds.
[2025.07.10-11.47.11:705][309]LogSlate: Updating window title bar state: overlay mode, drag disabled, window buttons hidden, title bar hidden
[2025.07.10-11.47.11:705][309]LogWorld: BeginTearingDown for /Game/ThirdPersonBP/Maps/UEDPIE_0_ThirdPersonExampleMap
[2025.07.10-11.47.11:706][309]LogWorld: UWorld::CleanupWorld for ThirdPersonExampleMap, bSessionEnded=true, bCleanupResources=true
[2025.07.10-11.47.11:707][309]LogSlate: InvalidateAllWidgets triggered.  All widgets were invalidated
[2025.07.10-11.47.11:712][309]LogPlayLevel: Display: Shutting down PIE online subsystems
[2025.07.10-11.47.11:719][309]LogSlate: InvalidateAllWidgets triggered.  All widgets were invalidated
[2025.07.10-11.47.11:732][309]LogSlate: Updating window title bar state: overlay mode, drag disabled, window buttons hidden, title bar hidden
[2025.07.10-11.47.11:732][309]LogAudioMixer: FMixerPlatformXAudio2::StopAudioStream() called
[2025.07.10-11.47.11:733][309]LogAudioMixer: FMixerPlatformXAudio2::StopAudioStream() called
[2025.07.10-11.47.11:737][309]LogUObjectHash: Compacting FUObjectHashTables data took   1.31ms
[2025.07.10-11.47.11:782][311]LogPlayLevel: Display: Destroying online subsystem :Context_31
[2025.07.10-11.47.20:682][309]LogSlate: Window 'Battery_BP' being destroyed
[2025.07.10-11.47.20:694][309]LogWorld: UWorld::CleanupWorld for World_23, bSessionEnded=true, bCleanupResources=true
[2025.07.10-11.47.20:694][309]LogSlate: InvalidateAllWidgets triggered.  All widgets were invalidated
[2025.07.10-11.47.25:301][823]LogAssetEditorSubsystem: Opening Asset editor for Blueprint /Game/ThirdPersonBP/Blueprints/ThirdPersonCharacter.ThirdPersonCharacter
[2025.07.10-11.47.39:132][398]BlueprintLog: New page: Compile ThirdPersonCharacter
[2025.07.10-11.47.39:173][398]LogUObjectHash: Compacting FUObjectHashTables data took   1.64ms
[2025.07.10-11.47.39:879][457]Cmd: OBJ SAVEPACKAGE PACKAGE="/Game/ThirdPersonBP/Blueprints/ThirdPersonCharacter" FILE="D:/Games/NatureReserve/NatureReserve/Content/ThirdPersonBP/Blueprints/ThirdPersonCharacter.uasset" SILENT=true
[2025.07.10-11.47.39:909][457]LogSavePackage: Moving 'D:/Games/NatureReserve/NatureReserve/Saved/ThirdPersonCharacterDA8D3FDC4E926AF05E0306B3AA5443DE.tmp' to 'D:/Games/NatureReserve/NatureReserve/Content/ThirdPersonBP/Blueprints/ThirdPersonCharacter.uasset'
[2025.07.10-11.47.39:921][457]AssetCheck: New page: Asset Save: ThirdPersonCharacter
[2025.07.10-11.47.39:921][457]LogContentValidation: Display: Validating Blueprint /Game/ThirdPersonBP/Blueprints/ThirdPersonCharacter.ThirdPersonCharacter
[2025.07.10-11.47.41:597][644]LogTemp: Repeating last play command: Selected Viewport
[2025.07.10-11.47.41:601][644]LogPlayLevel: PlayLevel: No blueprints needed recompiling
[2025.07.10-11.47.41:601][644]PIE: New page: PIE session: ThirdPersonExampleMap (10 Jul 2025, 13:47:41)
[2025.07.10-11.47.41:621][644]LogPlayLevel: Creating play world package: /Game/ThirdPersonBP/Maps/UEDPIE_0_ThirdPersonExampleMap
[2025.07.10-11.47.41:629][644]LogPlayLevel: PIE: StaticDuplicateObject took: (0.007401s)
[2025.07.10-11.47.41:629][644]LogAIModule: Creating AISystem for world ThirdPersonExampleMap
[2025.07.10-11.47.41:630][644]LogPlayLevel: PIE: World Init took: (0.000839s)
[2025.07.10-11.47.41:630][644]LogPlayLevel: PIE: Created PIE world by copying editor world from /Game/ThirdPersonBP/Maps/ThirdPersonExampleMap.ThirdPersonExampleMap to /Game/ThirdPersonBP/Maps/UEDPIE_0_ThirdPersonExampleMap.ThirdPersonExampleMap (0.008378s)
[2025.07.10-11.47.41:650][644]LogUObjectHash: Compacting FUObjectHashTables data took   1.68ms
[2025.07.10-11.47.41:651][644]LogAudio: Display: Creating Audio Device:                 Id: 9, Scope: Unique, Realtime: True
[2025.07.10-11.47.41:651][644]LogAudioMixer: Display: Audio Mixer Platform Settings:
[2025.07.10-11.47.41:651][644]LogAudioMixer: Display: 	Sample Rate:						  48000
[2025.07.10-11.47.41:651][644]LogAudioMixer: Display: 	Callback Buffer Frame Size Requested: 1024
[2025.07.10-11.47.41:651][644]LogAudioMixer: Display: 	Callback Buffer Frame Size To Use:	  1024
[2025.07.10-11.47.41:651][644]LogAudioMixer: Display: 	Number of buffers to queue:			  2
[2025.07.10-11.47.41:651][644]LogAudioMixer: Display: 	Max Channels (voices):				  32
[2025.07.10-11.47.41:651][644]LogAudioMixer: Display: 	Number of Async Source Workers:		  0
[2025.07.10-11.47.41:651][644]LogAudio: Display: AudioDevice MaxSources: 32
[2025.07.10-11.47.41:651][644]LogAudio: Display: Audio Spatialization Plugin: None (built-in).
[2025.07.10-11.47.41:651][644]LogAudio: Display: Audio Reverb Plugin: None (built-in).
[2025.07.10-11.47.41:651][644]LogAudio: Display: Audio Occlusion Plugin: None (built-in).
[2025.07.10-11.47.41:651][644]LogAudioMixer: Display: Initializing audio mixer.
[2025.07.10-11.47.41:654][644]LogAudioMixer: Display: 0: FrontLeft
[2025.07.10-11.47.41:654][644]LogAudioMixer: Display: 1: FrontRight
[2025.07.10-11.47.41:660][644]LogAudioMixer: Display: Using Audio Device Speakers (2- USB Audio Device)
[2025.07.10-11.47.41:660][644]LogAudioMixer: Display: Initializing Sound Submixes...
[2025.07.10-11.47.41:660][644]LogAudioMixer: Display: Creating Master Submix 'MasterSubmixDefault'
[2025.07.10-11.47.41:660][644]LogAudioMixer: Display: Creating Master Submix 'MasterReverbSubmixDefault'
[2025.07.10-11.47.41:660][644]LogAudioMixer: Display: Creating Master Submix 'MasterEQSubmixDefault'
[2025.07.10-11.47.41:661][644]LogAudioMixer: FMixerPlatformXAudio2::StartAudioStream() called
[2025.07.10-11.47.41:661][644]LogAudioMixer: Display: Output buffers initialized: Frames=1024, Channels=2, Samples=2048
[2025.07.10-11.47.41:661][644]LogAudioMixer: Display: Starting AudioMixerPlatformInterface::RunInternal()
[2025.07.10-11.47.41:661][644]LogAudioMixer: Display: FMixerPlatformXAudio2::SubmitBuffer() called for the first time
[2025.07.10-11.47.41:661][644]LogInit: FAudioDevice initialized.
[2025.07.10-11.47.41:661][644]LogAudio: Display: Audio Device (ID: 9) registered with world 'ThirdPersonExampleMap'.
[2025.07.10-11.47.41:679][644]LogLoad: Game class is 'ThirdPersonGameMode_C'
[2025.07.10-11.47.41:682][644]LogWorld: Bringing World /Game/ThirdPersonBP/Maps/UEDPIE_0_ThirdPersonExampleMap.ThirdPersonExampleMap up for play (max tick rate 0) at 2025.07.10-12.47.41
[2025.07.10-11.47.41:682][644]LogWorld: Bringing up level for play took: 0.002149
[2025.07.10-11.47.41:682][644]LogOnline: OSS: Creating online subsystem instance for: :Context_33
[2025.07.10-11.47.41:685][644]PIE: Server logged in
[2025.07.10-11.47.41:686][644]PIE: Play in editor total start time 0.086 seconds.
[2025.07.10-11.47.47:995][393]LogSlate: Updating window title bar state: overlay mode, drag disabled, window buttons hidden, title bar hidden
[2025.07.10-11.47.47:995][393]LogWorld: BeginTearingDown for /Game/ThirdPersonBP/Maps/UEDPIE_0_ThirdPersonExampleMap
[2025.07.10-11.47.47:995][393]LogWorld: UWorld::CleanupWorld for ThirdPersonExampleMap, bSessionEnded=true, bCleanupResources=true
[2025.07.10-11.47.47:996][393]LogSlate: InvalidateAllWidgets triggered.  All widgets were invalidated
[2025.07.10-11.47.48:015][393]LogPlayLevel: Display: Shutting down PIE online subsystems
[2025.07.10-11.47.48:038][393]LogSlate: InvalidateAllWidgets triggered.  All widgets were invalidated
[2025.07.10-11.47.48:055][393]LogAudio: Display: Audio Device unregistered from world 'None'.
[2025.07.10-11.47.48:056][393]LogAudioMixer: FMixerPlatformXAudio2::StopAudioStream() called
[2025.07.10-11.47.48:056][393]LogAudioMixer: FMixerPlatformXAudio2::StopAudioStream() called
[2025.07.10-11.47.48:058][393]LogSlate: Updating window title bar state: overlay mode, drag disabled, window buttons hidden, title bar hidden
[2025.07.10-11.47.48:060][393]LogUObjectHash: Compacting FUObjectHashTables data took   1.35ms
[2025.07.10-11.47.48:082][394]LogPlayLevel: Display: Destroying online subsystem :Context_33
[2025.07.10-11.50.59:731][116]LogUObjectHash: Compacting FUObjectHashTables data took   1.52ms
[2025.07.10-11.50.59:741][116]LogSavePackage: Moving 'D:/Games/NatureReserve/NatureReserve/Saved/ThirdPersonExampleMap90D33EBA4349636CC1F923966104C926.tmp' to 'D:/Games/NatureReserve/NatureReserve/Content/ThirdPersonBP/Maps/ThirdPersonExampleMap.umap'
[2025.07.10-11.50.59:777][116]LogSavePackage: Moving 'D:/Games/NatureReserve/NatureReserve/Saved/ThirdPersonExampleMap_BuiltDataB564035C4396A59C6F6FFC9AB3C2EE53.tmp' to 'D:/Games/NatureReserve/NatureReserve/Content/ThirdPersonBP/Maps/ThirdPersonExampleMap_BuiltData.uasset'
[2025.07.10-11.50.59:795][116]AssetCheck: New page: Asset Save: multiple assets
[2025.07.10-11.50.59:795][116]LogContentValidation: Display: Validating World /Game/ThirdPersonBP/Maps/ThirdPersonExampleMap.ThirdPersonExampleMap
[2025.07.10-11.50.59:796][116]LogContentValidation: Display: Validating MapBuildDataRegistry /Game/ThirdPersonBP/Maps/ThirdPersonExampleMap_BuiltData.ThirdPersonExampleMap_BuiltData
[2025.07.10-11.51.00:144][145]LogUObjectHash: Compacting FUObjectHashTables data took   1.48ms
[2025.07.10-11.51.00:153][145]LogSavePackage: Moving 'D:/Games/NatureReserve/NatureReserve/Saved/ThirdPersonExampleMap9D36D2A14FFB503FA474679776A39D43.tmp' to 'D:/Games/NatureReserve/NatureReserve/Content/ThirdPersonBP/Maps/ThirdPersonExampleMap.umap'
[2025.07.10-11.51.00:187][145]LogSavePackage: Moving 'D:/Games/NatureReserve/NatureReserve/Saved/ThirdPersonExampleMap_BuiltData911C4B124B65E11CC8FCF9B014C98987.tmp' to 'D:/Games/NatureReserve/NatureReserve/Content/ThirdPersonBP/Maps/ThirdPersonExampleMap_BuiltData.uasset'
[2025.07.10-11.51.00:198][145]AssetCheck: New page: Asset Save: multiple assets
[2025.07.10-11.51.00:198][145]LogContentValidation: Display: Validating World /Game/ThirdPersonBP/Maps/ThirdPersonExampleMap.ThirdPersonExampleMap
[2025.07.10-11.51.00:198][145]LogContentValidation: Display: Validating MapBuildDataRegistry /Game/ThirdPersonBP/Maps/ThirdPersonExampleMap_BuiltData.ThirdPersonExampleMap_BuiltData
[2025.07.10-11.51.00:690][200]LogUObjectHash: Compacting FUObjectHashTables data took   1.29ms
[2025.07.10-11.51.00:699][200]LogSavePackage: Moving 'D:/Games/NatureReserve/NatureReserve/Saved/ThirdPersonExampleMap786AF4064D478DDEFD07858776710D2E.tmp' to 'D:/Games/NatureReserve/NatureReserve/Content/ThirdPersonBP/Maps/ThirdPersonExampleMap.umap'
[2025.07.10-11.51.00:734][200]LogSavePackage: Moving 'D:/Games/NatureReserve/NatureReserve/Saved/ThirdPersonExampleMap_BuiltData61DA20F847FCC2C027973E909F868FF1.tmp' to 'D:/Games/NatureReserve/NatureReserve/Content/ThirdPersonBP/Maps/ThirdPersonExampleMap_BuiltData.uasset'
[2025.07.10-11.51.00:745][200]AssetCheck: New page: Asset Save: multiple assets
[2025.07.10-11.51.00:745][200]LogContentValidation: Display: Validating World /Game/ThirdPersonBP/Maps/ThirdPersonExampleMap.ThirdPersonExampleMap
[2025.07.10-11.51.00:745][200]LogContentValidation: Display: Validating MapBuildDataRegistry /Game/ThirdPersonBP/Maps/ThirdPersonExampleMap_BuiltData.ThirdPersonExampleMap_BuiltData
[2025.07.10-11.51.01:425][277]LogUObjectHash: Compacting FUObjectHashTables data took   0.35ms
[2025.07.10-11.51.01:434][277]LogSavePackage: Moving 'D:/Games/NatureReserve/NatureReserve/Saved/ThirdPersonExampleMapC31F857345029A736DEEAEA7E4B1E05E.tmp' to 'D:/Games/NatureReserve/NatureReserve/Content/ThirdPersonBP/Maps/ThirdPersonExampleMap.umap'
[2025.07.10-11.51.01:470][277]LogSavePackage: Moving 'D:/Games/NatureReserve/NatureReserve/Saved/ThirdPersonExampleMap_BuiltDataF62F54FF4A56270C201E4EB78DCE520E.tmp' to 'D:/Games/NatureReserve/NatureReserve/Content/ThirdPersonBP/Maps/ThirdPersonExampleMap_BuiltData.uasset'
[2025.07.10-11.51.01:480][277]AssetCheck: New page: Asset Save: multiple assets
[2025.07.10-11.51.01:480][277]LogContentValidation: Display: Validating World /Game/ThirdPersonBP/Maps/ThirdPersonExampleMap.ThirdPersonExampleMap
[2025.07.10-11.51.01:480][277]LogContentValidation: Display: Validating MapBuildDataRegistry /Game/ThirdPersonBP/Maps/ThirdPersonExampleMap_BuiltData.ThirdPersonExampleMap_BuiltData
[2025.07.10-11.51.03:111][459]LogUObjectHash: Compacting FUObjectHashTables data took   0.37ms
[2025.07.10-11.51.03:161][459]LogWorld: UWorld::CleanupWorld for World_24, bSessionEnded=true, bCleanupResources=true
[2025.07.10-11.51.03:161][459]LogSlate: InvalidateAllWidgets triggered.  All widgets were invalidated
[2025.07.10-11.51.03:241][459]LogSlate: Window 'NatureReserve - Unreal Editor' being destroyed
[2025.07.10-11.51.03:389][460]Cmd: QUIT_EDITOR
[2025.07.10-11.51.03:389][460]LogCore: Engine exit requested (reason: UUnrealEdEngine::CloseEditor())
[2025.07.10-11.51.03:391][460]LogCore: Engine exit requested (reason: EngineExit() was called; note: exit was already requested)
[2025.07.10-11.51.04:009][460]LogAudio: Display: Beginning Audio Device Manager Shutdown (Module: AudioMixerXAudio2)...
[2025.07.10-11.51.04:009][460]LogAudio: Display: Destroying 1 Remaining Audio Device(s)...
[2025.07.10-11.51.04:009][460]LogAudio: Display: Audio Device unregistered from world 'ThirdPersonExampleMap'.
[2025.07.10-11.51.04:009][460]LogAudioMixer: FMixerPlatformXAudio2::StopAudioStream() called
[2025.07.10-11.51.04:010][460]LogAudioMixer: FMixerPlatformXAudio2::StopAudioStream() called
[2025.07.10-11.51.04:015][460]LogAudio: Display: Audio Device Manager Shutdown
[2025.07.10-11.51.04:016][460]LogWindowsTextInputMethodSystem: Display: IME system deactivated.
[2025.07.10-11.51.04:020][460]LogExit: Preparing to exit.
[2025.07.10-11.51.04:070][460]LogUObjectHash: Compacting FUObjectHashTables data took   1.75ms
[2025.07.10-11.51.04:162][460]LogWorld: UWorld::CleanupWorld for World_7, bSessionEnded=true, bCleanupResources=true
[2025.07.10-11.51.04:164][460]LogWorld: UWorld::CleanupWorld for World_0, bSessionEnded=true, bCleanupResources=true
[2025.07.10-11.51.04:166][460]LogWorld: UWorld::CleanupWorld for World_5, bSessionEnded=true, bCleanupResources=true
[2025.07.10-11.51.04:167][460]LogWorld: UWorld::CleanupWorld for World_22, bSessionEnded=true, bCleanupResources=true
[2025.07.10-11.51.04:169][460]LogWorld: UWorld::CleanupWorld for World_4, bSessionEnded=true, bCleanupResources=true
[2025.07.10-11.51.04:170][460]LogWorld: UWorld::CleanupWorld for World_3, bSessionEnded=true, bCleanupResources=true
[2025.07.10-11.51.04:171][460]LogWorld: UWorld::CleanupWorld for World_16, bSessionEnded=true, bCleanupResources=true
[2025.07.10-11.51.04:173][460]LogWorld: UWorld::CleanupWorld for World_12, bSessionEnded=true, bCleanupResources=true
[2025.07.10-11.51.04:174][460]LogWorld: UWorld::CleanupWorld for World_13, bSessionEnded=true, bCleanupResources=true
[2025.07.10-11.51.04:175][460]LogWorld: UWorld::CleanupWorld for World_14, bSessionEnded=true, bCleanupResources=true
[2025.07.10-11.51.04:176][460]LogWorld: UWorld::CleanupWorld for World_15, bSessionEnded=true, bCleanupResources=true
[2025.07.10-11.51.04:215][460]LogDemo: Cleaned up 0 splitscreen connections with owner deletion
[2025.07.10-11.51.04:233][460]LogWorld: UWorld::CleanupWorld for None, bSessionEnded=true, bCleanupResources=true
[2025.07.10-11.51.04:233][460]LogExit: Editor shut down
[2025.07.10-11.51.04:235][460]LogExit: Transaction tracking system shut down
[2025.07.10-11.51.04:506][460]LogExit: Object subsystem successfully closed.
[2025.07.10-11.51.04:525][460]LogShaderCompilers: Display: === FShaderJobCache stats ===
[2025.07.10-11.51.04:525][460]LogShaderCompilers: Display: Total job queries 0, among them cache hits 0 (0.00%)
[2025.07.10-11.51.04:525][460]LogShaderCompilers: Display: Tracking 0 distinct input hashes that result in 0 distinct outputs (0.00%)
[2025.07.10-11.51.04:525][460]LogShaderCompilers: Display: RAM used: 0.00 MB (0.00 GB) of 819.20 MB (0.80 GB) budget. Usage: 0.00%
[2025.07.10-11.51.04:525][460]LogShaderCompilers: Display: ================================================
[2025.07.10-11.51.04:534][460]LogShaderCompilers: Display: Shaders left to compile 0
[2025.07.10-11.51.04:565][460]LogModuleManager: Shutting down and abandoning module HierarchicalLODUtilities (882)
[2025.07.10-11.51.04:565][460]LogModuleManager: Shutting down and abandoning module SequencerWidgets (880)
[2025.07.10-11.51.04:565][460]LogModuleManager: Shutting down and abandoning module ExternalImagePicker (878)
[2025.07.10-11.51.04:565][460]LogModuleManager: Shutting down and abandoning module MovieSceneCapture (876)
[2025.07.10-11.51.04:565][460]LogModuleManager: Shutting down and abandoning module Voice (874)
[2025.07.10-11.51.04:565][460]LogModuleManager: Shutting down and abandoning module BlueprintGraph (872)
[2025.07.10-11.51.04:565][460]LogModuleManager: Shutting down and abandoning module HierarchicalLODOutliner (870)
[2025.07.10-11.51.04:565][460]LogModuleManager: Shutting down and abandoning module SceneOutliner (868)
[2025.07.10-11.51.04:565][460]LogModuleManager: Shutting down and abandoning module AddContentDialog (866)
[2025.07.10-11.51.04:566][460]LogModuleManager: Shutting down and abandoning module WidgetCarousel (865)
[2025.07.10-11.51.04:566][460]LogModuleManager: Shutting down and abandoning module EditorWidgets (862)
[2025.07.10-11.51.04:566][460]LogModuleManager: Shutting down and abandoning module StatsViewer (860)
[2025.07.10-11.51.04:566][460]LogModuleManager: Shutting down and abandoning module PIEPreviewDeviceProfileSelector (858)
[2025.07.10-11.51.04:566][460]LogModuleManager: Shutting down and abandoning module SequenceRecorderSections (856)
[2025.07.10-11.51.04:566][460]LogModuleManager: Shutting down and abandoning module AutomationWorker (854)
[2025.07.10-11.51.04:566][460]LogModuleManager: Shutting down and abandoning module SteamVREditor (852)
[2025.07.10-11.51.04:566][460]LogModuleManager: Shutting down and abandoning module OculusMR (850)
[2025.07.10-11.51.04:566][460]LogModuleManager: Shutting down and abandoning module OpenXRInput (848)
[2025.07.10-11.51.04:566][460]LogModuleManager: Shutting down and abandoning module TakeRecorderSources (846)
[2025.07.10-11.51.04:566][460]LogModuleManager: Shutting down and abandoning module TakeRecorder (845)
[2025.07.10-11.51.04:566][460]LogModuleManager: Shutting down and abandoning module TakeTrackRecorders (842)
[2025.07.10-11.51.04:566][460]LogModuleManager: Shutting down and abandoning module TakesCore (840)
[2025.07.10-11.51.04:566][460]LogModuleManager: Shutting down and abandoning module GooglePADEditor (838)
[2025.07.10-11.51.04:566][460]LogModuleManager: Shutting down and abandoning module AudioCaptureEditor (836)
[2025.07.10-11.51.04:566][460]LogModuleManager: Shutting down and abandoning module TemplateSequenceEditor (834)
[2025.07.10-11.51.04:567][460]LogModuleManager: Shutting down and abandoning module MatineeToLevelSequence (832)
[2025.07.10-11.51.04:567][460]LogModuleManager: Shutting down and abandoning module LevelSequenceEditor (830)
[2025.07.10-11.51.04:567][460]LogModuleManager: Shutting down and abandoning module ActorSequenceEditor (828)
[2025.07.10-11.51.04:567][460]LogModuleManager: Shutting down and abandoning module WmfMediaFactory (826)
[2025.07.10-11.51.04:567][460]LogModuleManager: Shutting down and abandoning module WmfMediaEditor (824)
[2025.07.10-11.51.04:567][460]LogModuleManager: Shutting down and abandoning module WebMMediaFactory (822)
[2025.07.10-11.51.04:567][460]LogModuleManager: Shutting down and abandoning module WebMMediaEditor (820)
[2025.07.10-11.51.04:567][460]LogModuleManager: Shutting down and abandoning module WebMMedia (818)
[2025.07.10-11.51.04:567][460]LogModuleManager: Shutting down and abandoning module MediaPlayerEditor (816)
[2025.07.10-11.51.04:567][460]LogModuleManager: Shutting down and abandoning module PlanarCut (814)
[2025.07.10-11.51.04:567][460]LogModuleManager: Shutting down and abandoning module MediaCompositingEditor (812)
[2025.07.10-11.51.04:567][460]LogModuleManager: Shutting down and abandoning module SequenceRecorder (811)
[2025.07.10-11.51.04:567][460]LogModuleManager: Shutting down and abandoning module OpenExrWrapper (808)
[2025.07.10-11.51.04:567][460]LogModuleManager: Shutting down and abandoning module ImgMediaFactory (806)
[2025.07.10-11.51.04:567][460]LogModuleManager: Shutting down and abandoning module ImgMediaEditor (804)
[2025.07.10-11.51.04:567][460]LogModuleManager: Shutting down and abandoning module AvfMediaFactory (802)
[2025.07.10-11.51.04:567][460]LogModuleManager: Shutting down and abandoning module AvfMediaEditor (800)
[2025.07.10-11.51.04:567][460]LogModuleManager: Shutting down and abandoning module AndroidMediaFactory (798)
[2025.07.10-11.51.04:567][460]LogModuleManager: Shutting down and abandoning module AndroidMediaEditor (796)
[2025.07.10-11.51.04:567][460]LogModuleManager: Shutting down and abandoning module MagicLeapMediaCodecFactory (794)
[2025.07.10-11.51.04:567][460]LogModuleManager: Shutting down and abandoning module MagicLeapMediaFactory (792)
[2025.07.10-11.51.04:567][460]LogModuleManager: Shutting down and abandoning module MagicLeapMediaEditor (790)
[2025.07.10-11.51.04:567][460]LogModuleManager: Shutting down and abandoning module CharacterAI (788)
[2025.07.10-11.51.04:567][460]LogModuleManager: Shutting down and abandoning module TextureAlignMode (786)
[2025.07.10-11.51.04:567][460]LogModuleManager: Shutting down and abandoning module BspMode (784)
[2025.07.10-11.51.04:567][460]LogModuleManager: Shutting down and abandoning module GeometryMode (782)
[2025.07.10-11.51.04:567][460]LogModuleManager: Shutting down and abandoning module CameraShakePreviewer (780)
[2025.07.10-11.51.04:567][460]LogModuleManager: Shutting down and abandoning module SmartSnapping (778)
[2025.07.10-11.51.04:567][460]LogModuleManager: Shutting down and abandoning module SessionServices (776)
[2025.07.10-11.51.04:567][460]LogModuleManager: Shutting down and abandoning module MeshPaint (774)
[2025.07.10-11.51.04:567][460]LogModuleManager: Shutting down and abandoning module VirtualTexturingEditor (772)
[2025.07.10-11.51.04:567][460]LogModuleManager: Shutting down and abandoning module FoliageEdit (770)
[2025.07.10-11.51.04:567][460]LogModuleManager: Shutting down and abandoning module LandscapeEditor (768)
[2025.07.10-11.51.04:567][460]LogModuleManager: Shutting down and abandoning module MeshPaintMode (766)
[2025.07.10-11.51.04:567][460]LogModuleManager: Shutting down and abandoning module SceneDepthPickerMode (764)
[2025.07.10-11.51.04:568][460]LogModuleManager: Shutting down and abandoning module ActorPickerMode (762)
[2025.07.10-11.51.04:568][460]LogModuleManager: Shutting down and abandoning module PlacementMode (760)
[2025.07.10-11.51.04:568][460]LogModuleManager: Shutting down and abandoning module ViewportSnapping (758)
[2025.07.10-11.51.04:568][460]LogModuleManager: Shutting down and abandoning module ViewportInteraction (756)
[2025.07.10-11.51.04:568][460]LogModuleManager: Shutting down and abandoning module ClothPainter (754)
[2025.07.10-11.51.04:568][460]LogModuleManager: Shutting down and abandoning module SkeletalMeshEditor (753)
[2025.07.10-11.51.04:568][460]LogModuleManager: Shutting down and abandoning module LogVisualizer (750)
[2025.07.10-11.51.04:568][460]LogModuleManager: Shutting down and abandoning module IntroTutorials (748)
[2025.07.10-11.51.04:568][460]LogModuleManager: Shutting down and abandoning module GameProjectGeneration (747)
[2025.07.10-11.51.04:568][460]LogModuleManager: Shutting down and abandoning module LuminPlatformEditor (744)
[2025.07.10-11.51.04:568][460]LogModuleManager: Shutting down and abandoning module IOSPlatformEditor (742)
[2025.07.10-11.51.04:568][460]LogModuleManager: Shutting down and abandoning module AndroidPlatformEditor (740)
[2025.07.10-11.51.04:568][460]LogModuleManager: Shutting down and abandoning module AndroidDeviceDetection (739)
[2025.07.10-11.51.05:344][460]LogModuleManager: Shutting down and abandoning module WindowsPlatformEditor (736)
[2025.07.10-11.51.05:345][460]LogModuleManager: Shutting down and abandoning module LuminRuntimeSettings (734)
[2025.07.10-11.51.05:345][460]LogModuleManager: Shutting down and abandoning module IOSRuntimeSettings (732)
[2025.07.10-11.51.05:345][460]LogModuleManager: Shutting down and abandoning module AndroidRuntimeSettings (730)
[2025.07.10-11.51.05:345][460]LogModuleManager: Shutting down and abandoning module TraceInsights (728)
[2025.07.10-11.51.05:345][460]MemoryProfiler: Shutdown
[2025.07.10-11.51.05:345][460]NetworkingProfiler: Shutdown
[2025.07.10-11.51.05:345][460]LoadingProfiler: Shutdown
[2025.07.10-11.51.05:345][460]TimingProfiler: Shutdown
[2025.07.10-11.51.05:346][460]LogModuleManager: Shutting down and abandoning module TraceServices (727)
[2025.07.10-11.51.05:346][460]LogModuleManager: Shutting down and abandoning module EditorInteractiveToolsFramework (724)
[2025.07.10-11.51.05:346][460]LogModuleManager: Shutting down and abandoning module TimeManagementEditor (722)
[2025.07.10-11.51.05:346][460]LogModuleManager: Shutting down and abandoning module InputBindingEditor (720)
[2025.07.10-11.51.05:346][460]LogModuleManager: Shutting down and abandoning module MergeActors (718)
[2025.07.10-11.51.05:346][460]LogModuleManager: Shutting down and abandoning module LocalizationDashboard (716)
[2025.07.10-11.51.05:347][460]LogModuleManager: Shutting down and abandoning module LocalizationService (715)
[2025.07.10-11.51.05:347][460]LogModuleManager: Shutting down and abandoning module HardwareTargeting (712)
[2025.07.10-11.51.05:347][460]LogModuleManager: Shutting down and abandoning module DeviceProfileEditor (710)
[2025.07.10-11.51.05:347][460]LogModuleManager: Shutting down and abandoning module UndoHistory (708)
[2025.07.10-11.51.05:347][460]LogModuleManager: Shutting down and abandoning module XmlParser (706)
[2025.07.10-11.51.05:347][460]LogModuleManager: Shutting down and abandoning module Blutility (704)
[2025.07.10-11.51.05:347][460]LogModuleManager: Shutting down and abandoning module ProjectSettingsViewer (702)
[2025.07.10-11.51.05:347][460]LogModuleManager: Shutting down and abandoning module ProjectTargetPlatformEditor (701)
[2025.07.10-11.51.05:348][460]LogModuleManager: Shutting down and abandoning module EditorSettingsViewer (698)
[2025.07.10-11.51.05:348][460]LogModuleManager: Shutting down and abandoning module InternationalizationSettings (697)
[2025.07.10-11.51.05:348][460]LogModuleManager: Shutting down and abandoning module SettingsEditor (694)
[2025.07.10-11.51.05:349][460]LogModuleManager: Shutting down and abandoning module ProjectLauncher (692)
[2025.07.10-11.51.05:349][460]LogModuleManager: Shutting down and abandoning module SessionFrontend (690)
[2025.07.10-11.51.05:349][460]LogModuleManager: Shutting down and abandoning module ProfilerClient (688)
[2025.07.10-11.51.05:349][460]LogModuleManager: Shutting down and abandoning module DeviceManager (686)
[2025.07.10-11.51.05:349][460]LogModuleManager: Shutting down and abandoning module TargetDeviceServices (685)
[2025.07.10-11.51.05:381][460]LogModuleManager: Shutting down and abandoning module AutomationController (682)
[2025.07.10-11.51.05:381][460]LogModuleManager: Shutting down and abandoning module AutomationWindow (680)
[2025.07.10-11.51.05:381][460]LogModuleManager: Shutting down and abandoning module Layers (678)
[2025.07.10-11.51.05:381][460]LogModuleManager: Shutting down and abandoning module ComponentVisualizers (676)
[2025.07.10-11.51.05:381][460]LogModuleManager: Shutting down and abandoning module DetailCustomizations (674)
[2025.07.10-11.51.05:381][460]LogModuleManager: Shutting down and abandoning module PackagesDialog (672)
[2025.07.10-11.51.05:381][460]LogModuleManager: Shutting down and abandoning module AnimationBlueprintEditor (670)
[2025.07.10-11.51.05:381][460]LogModuleManager: Shutting down and abandoning module Persona (668)
[2025.07.10-11.51.05:381][460]LogModuleManager: Shutting down and abandoning module AdvancedPreviewScene (667)
[2025.07.10-11.51.05:381][460]LogModuleManager: Shutting down and abandoning module AnimGraph (665)
[2025.07.10-11.51.05:381][460]LogModuleManager: Shutting down and abandoning module Kismet (662)
[2025.07.10-11.51.05:387][460]LogModuleManager: Shutting down and abandoning module KismetWidgets (661)
[2025.07.10-11.51.05:387][460]LogModuleManager: Shutting down and abandoning module GraphEditor (658)
[2025.07.10-11.51.05:387][460]LogModuleManager: Shutting down and abandoning module StructViewer (656)
[2025.07.10-11.51.05:387][460]LogModuleManager: Shutting down and abandoning module ClassViewer (654)
[2025.07.10-11.51.05:388][460]LogModuleManager: Shutting down and abandoning module Toolbox (652)
[2025.07.10-11.51.05:388][460]LogModuleManager: Shutting down and abandoning module ModuleUI (650)
[2025.07.10-11.51.05:388][460]LogModuleManager: Shutting down and abandoning module OutputLog (648)
[2025.07.10-11.51.05:388][460]LogModuleManager: Shutting down and abandoning module GammaUI (646)
[2025.07.10-11.51.05:388][460]LogModuleManager: Shutting down and abandoning module Documentation (644)
[2025.07.10-11.51.05:389][460]LogModuleManager: Shutting down and abandoning module LiveCoding (642)
[2025.07.10-11.51.05:389][460]LogModuleManager: Shutting down and abandoning module LevelSequence (640)
[2025.07.10-11.51.05:389][460]LogModuleManager: Shutting down and abandoning module MovieSceneTracks (638)
[2025.07.10-11.51.05:389][460]LogModuleManager: Shutting down and abandoning module MovieScene (636)
[2025.07.10-11.51.05:389][460]LogModuleManager: Shutting down and abandoning module StreamingPauseRendering (634)
[2025.07.10-11.51.05:389][460]LogModuleManager: Shutting down and abandoning module LauncherPlatform (632)
[2025.07.10-11.51.05:389][460]LogModuleManager: Shutting down and abandoning module AnalyticsET (630)
[2025.07.10-11.51.05:389][460]LogModuleManager: Shutting down and abandoning module PortalServices (628)
[2025.07.10-11.51.05:389][460]LogModuleManager: Shutting down and abandoning module PortalRpc (626)
[2025.07.10-11.51.05:389][460]LogModuleManager: Shutting down and abandoning module MessagingRpc (624)
[2025.07.10-11.51.05:389][460]LogModuleManager: Shutting down and abandoning module AudioMixerXAudio2 (622)
[2025.07.10-11.51.05:389][460]LogModuleManager: Shutting down and abandoning module AudioMixerCore (621)
[2025.07.10-11.51.05:389][460]LogModuleManager: Shutting down and abandoning module AIModule (618)
[2025.07.10-11.51.05:389][460]LogModuleManager: Shutting down and abandoning module GameplayDebugger (617)
[2025.07.10-11.51.05:389][460]LogModuleManager: Shutting down and abandoning module AITestSuite (615)
[2025.07.10-11.51.05:389][460]LogModuleManager: Shutting down and abandoning module NavigationSystem (613)
[2025.07.10-11.51.05:389][460]LogModuleManager: Shutting down and abandoning module ImageWriteQueue (610)
[2025.07.10-11.51.05:394][460]LogModuleManager: Shutting down and abandoning module ProfilerService (608)
[2025.07.10-11.51.05:491][460]LogModuleManager: Shutting down and abandoning module TaskGraph (606)
[2025.07.10-11.51.05:491][460]LogModuleManager: Shutting down and abandoning module AudioSynesthesiaEditor (604)
[2025.07.10-11.51.05:491][460]LogModuleManager: Shutting down and abandoning module OculusEditor (602)
[2025.07.10-11.51.05:492][460]LogModuleManager: Shutting down and abandoning module OculusInput (600)
[2025.07.10-11.51.05:492][460]LogModuleManager: Shutting down and abandoning module ContentBrowserFileDataSource (598)
[2025.07.10-11.51.05:492][460]LogModuleManager: Shutting down and abandoning module ContentBrowserClassDataSource (596)
[2025.07.10-11.51.05:492][460]LogModuleManager: Shutting down and abandoning module ContentBrowserAssetDataSource (594)
[2025.07.10-11.51.05:492][460]LogModuleManager: Shutting down and abandoning module CollectionManager (593)
[2025.07.10-11.51.05:493][460]LogModuleManager: Shutting down and abandoning module SynthesisEditor (590)
[2025.07.10-11.51.05:493][460]LogModuleManager: Shutting down and abandoning module Synthesis (588)
[2025.07.10-11.51.05:493][460]LogModuleManager: Shutting down and abandoning module ProceduralMeshComponentEditor (586)
[2025.07.10-11.51.05:493][460]LogModuleManager: Shutting down and abandoning module ProceduralMeshComponent (584)
[2025.07.10-11.51.05:493][460]LogModuleManager: Shutting down and abandoning module OpenXREditor (582)
[2025.07.10-11.51.05:494][460]LogModuleManager: Shutting down and abandoning module MobilePatchingUtils (580)
[2025.07.10-11.51.05:494][460]LogModuleManager: Shutting down and abandoning module TakeSequencer (578)
[2025.07.10-11.51.05:494][460]LogModuleManager: Shutting down and abandoning module TakeMovieScene (576)
[2025.07.10-11.51.05:494][460]LogModuleManager: Shutting down and abandoning module GooglePAD (574)
[2025.07.10-11.51.05:494][460]LogModuleManager: Shutting down and abandoning module EditableMesh (572)
[2025.07.10-11.51.05:494][460]LogModuleManager: Shutting down and abandoning module CustomMeshComponent (570)
[2025.07.10-11.51.05:494][460]LogModuleManager: Shutting down and abandoning module AudioCapture (568)
[2025.07.10-11.51.05:494][460]LogModuleManager: Shutting down and abandoning module AudioCaptureRtAudio (567)
[2025.07.10-11.51.05:494][460]LogModuleManager: Shutting down and abandoning module CableComponent (564)
[2025.07.10-11.51.05:494][460]LogModuleManager: Shutting down and abandoning module ArchVisCharacter (562)
[2025.07.10-11.51.05:494][460]LogModuleManager: Shutting down and abandoning module AssetTags (560)
[2025.07.10-11.51.05:494][460]LogModuleManager: Shutting down and abandoning module AppleImageUtilsBlueprintSupport (558)
[2025.07.10-11.51.05:494][460]LogModuleManager: Shutting down and abandoning module AppleImageUtils (556)
[2025.07.10-11.51.05:494][460]LogModuleManager: Shutting down and abandoning module AndroidPermission (554)
[2025.07.10-11.51.05:494][460]LogModuleManager: Shutting down and abandoning module ActorLayerUtilitiesEditor (552)
[2025.07.10-11.51.05:494][460]LogModuleManager: Shutting down and abandoning module ActorLayerUtilities (550)
[2025.07.10-11.51.05:495][460]LogModuleManager: Shutting down and abandoning module ScreenshotTools (548)
[2025.07.10-11.51.05:495][460]LogModuleManager: Shutting down and abandoning module TemplateSequence (546)
[2025.07.10-11.51.05:495][460]LogModuleManager: Shutting down and abandoning module MediaCompositing (544)
[2025.07.10-11.51.05:495][460]LogModuleManager: Shutting down and abandoning module ImgMedia (542)
[2025.07.10-11.51.05:495][460]LogModuleManager: Shutting down and abandoning module MotoSynthEditor (540)
[2025.07.10-11.51.05:495][460]LogModuleManager: Shutting down and abandoning module MotoSynth (538)
[2025.07.10-11.51.05:495][460]LogModuleManager: Shutting down and abandoning module OpenImageDenoise (536)
[2025.07.10-11.51.05:495][460]LogOpenImageDenoise: OIDN shutting down
[2025.07.10-11.51.05:495][460]LogModuleManager: Shutting down and abandoning module MeshConversion (534)
[2025.07.10-11.51.05:495][460]LogModuleManager: Shutting down and abandoning module DynamicMesh (532)
[2025.07.10-11.51.05:495][460]LogModuleManager: Shutting down and abandoning module GeometryAlgorithms (530)
[2025.07.10-11.51.05:495][460]LogModuleManager: Shutting down and abandoning module GeometricObjects (528)
[2025.07.10-11.51.05:495][460]LogModuleManager: Shutting down and abandoning module MagicLeapSharedWorld (526)
[2025.07.10-11.51.05:495][460]LogModuleManager: Shutting down and abandoning module MagicLeapLightEstimation (524)
[2025.07.10-11.51.05:495][460]LogModuleManager: Shutting down and abandoning module MagicLeapHelperVulkan (522)
[2025.07.10-11.51.05:496][460]LogModuleManager: Shutting down and abandoning module MagicLeapHelperOpenGL (520)
[2025.07.10-11.51.05:496][460]LogModuleManager: Shutting down and abandoning module MagicLeapAudio (518)
[2025.07.10-11.51.05:496][460]LogModuleManager: Shutting down and abandoning module GeometryCollectionTracks (516)
[2025.07.10-11.51.05:496][460]LogModuleManager: Shutting down and abandoning module GeometryCollectionSequencer (515)
[2025.07.10-11.51.05:496][460]LogModuleManager: Shutting down and abandoning module GeometryCollectionEditor (512)
[2025.07.10-11.51.05:496][460]LogModuleManager: Shutting down and abandoning module GeometryCacheTracks (510)
[2025.07.10-11.51.05:496][460]LogModuleManager: Shutting down and abandoning module GeometryCacheStreamer (508)
[2025.07.10-11.51.05:496][460]LogModuleManager: Shutting down and abandoning module GeometryCacheSequencer (506)
[2025.07.10-11.51.05:496][460]LogModuleManager: Shutting down and abandoning module FractureEditor (504)
[2025.07.10-11.51.05:496][460]LogModuleManager: Shutting down and abandoning module ChaosSolverEditor (502)
[2025.07.10-11.51.05:496][460]LogModuleManager: Shutting down and abandoning module ChaosNiagara (500)
[2025.07.10-11.51.05:496][460]LogModuleManager: Shutting down and abandoning module FieldSystemEngine (499)
[2025.07.10-11.51.05:496][460]LogModuleManager: Shutting down and abandoning module ChaosClothEditor (496)
[2025.07.10-11.51.05:496][460]LogModuleManager: Shutting down and abandoning module BackChannel (494)
[2025.07.10-11.51.05:496][460]LogModuleManager: Shutting down and abandoning module AutomationUtilsEditor (492)
[2025.07.10-11.51.05:497][460]LogModuleManager: Shutting down and abandoning module AutomationUtils (490)
[2025.07.10-11.51.05:497][460]LogModuleManager: Shutting down and abandoning module AlembicImporter (488)
[2025.07.10-11.51.05:497][460]LogModuleManager: Shutting down and abandoning module AlembicLibrary (487)
[2025.07.10-11.51.05:497][460]LogModuleManager: Shutting down and abandoning module GeometryCache (486)
[2025.07.10-11.51.05:497][460]LogModuleManager: Shutting down and abandoning module GeometryCacheEd (485)
[2025.07.10-11.51.05:497][460]LogModuleManager: Shutting down and abandoning module NiagaraEditorWidgets (480)
[2025.07.10-11.51.05:497][460]LogModuleManager: Shutting down and abandoning module SpeedTreeImporter (478)
[2025.07.10-11.51.05:497][460]LogModuleManager: Shutting down and abandoning module PluginBrowser (476)
[2025.07.10-11.51.05:498][460]LogModuleManager: Shutting down and abandoning module MobileLauncherProfileWizard (474)
[2025.07.10-11.51.05:498][460]LogModuleManager: Shutting down and abandoning module MaterialAnalyzer (472)
[2025.07.10-11.51.05:498][460]LogModuleManager: Shutting down and abandoning module CurveEditorTools (470)
[2025.07.10-11.51.05:498][460]LogModuleManager: Shutting down and abandoning module VisualStudioSourceCodeAccess (468)
[2025.07.10-11.51.05:498][460]LogModuleManager: Shutting down and abandoning module VisualStudioCodeSourceCodeAccess (466)
[2025.07.10-11.51.05:498][460]LogModuleManager: Shutting down and abandoning module CryptoKeysOpenSSL (464)
[2025.07.10-11.51.05:498][460]LogModuleManager: Shutting down and abandoning module CryptoKeys (462)
[2025.07.10-11.51.05:498][460]LogModuleManager: Shutting down and abandoning module VariantManagerContentEditor (460)
[2025.07.10-11.51.05:498][460]LogModuleManager: Shutting down and abandoning module DatasmithContentEditor (458)
[2025.07.10-11.51.05:498][460]LogModuleManager: Shutting down and abandoning module UObjectPlugin (456)
[2025.07.10-11.51.05:498][460]LogModuleManager: Shutting down and abandoning module RiderSourceCodeAccess (454)
[2025.07.10-11.51.05:499][460]LogModuleManager: Shutting down and abandoning module SubversionSourceControl (452)
[2025.07.10-11.51.05:499][460]LogModuleManager: Shutting down and abandoning module PlasticSourceControl (450)
[2025.07.10-11.51.05:499][460]LogModuleManager: Shutting down and abandoning module PluginUtils (448)
[2025.07.10-11.51.05:499][460]LogModuleManager: Shutting down and abandoning module PerforceSourceControl (446)
[2025.07.10-11.51.05:499][460]LogModuleManager: Shutting down and abandoning module GitSourceControl (444)
[2025.07.10-11.51.05:499][460]LogModuleManager: Shutting down and abandoning module SourceControl (443)
[2025.07.10-11.51.05:499][460]LogModuleManager: Shutting down and abandoning module CLionSourceCodeAccess (440)
[2025.07.10-11.51.05:499][460]LogModuleManager: Shutting down and abandoning module AnimationSharingEd (438)
[2025.07.10-11.51.05:500][460]LogModuleManager: Shutting down and abandoning module OodleNetworkHandlerComponent (436)
[2025.07.10-11.51.05:500][460]LogModuleManager: Shutting down and abandoning module LightPropagationVolumeEditor (434)
[2025.07.10-11.51.05:500][460]LogModuleManager: Shutting down and abandoning module LiveLinkSequencer (432)
[2025.07.10-11.51.05:500][460]LogModuleManager: Shutting down and abandoning module LiveLinkMovieScene (430)
[2025.07.10-11.51.05:500][460]LogModuleManager: Shutting down and abandoning module LiveLinkGraphNode (428)
[2025.07.10-11.51.05:500][460]LogModuleManager: Shutting down and abandoning module LiveLinkEditor (426)
[2025.07.10-11.51.05:500][460]LogModuleManager: Shutting down and abandoning module LiveLinkComponents (424)
[2025.07.10-11.51.05:500][460]LogModuleManager: Shutting down and abandoning module LiveLink (422)
[2025.07.10-11.51.06:458][460]LogModuleManager: Shutting down and abandoning module PaperTiledImporter (420)
[2025.07.10-11.51.06:458][460]LogModuleManager: Shutting down and abandoning module PaperSpriteSheetImporter (418)
[2025.07.10-11.51.06:458][460]LogModuleManager: Shutting down and abandoning module Paper2DEditor (416)
[2025.07.10-11.51.06:459][460]LogModuleManager: Shutting down and abandoning module MeshPaintingToolset (414)
[2025.07.10-11.51.06:459][460]LogModuleManager: Shutting down and abandoning module MeshPaintEditorMode (412)
[2025.07.10-11.51.06:459][460]LogModuleManager: Shutting down and abandoning module SoundFields (410)
[2025.07.10-11.51.06:459][460]LogModuleManager: Shutting down and abandoning module RuntimePhysXCooking (408)
[2025.07.10-11.51.06:459][460]LogModuleManager: Shutting down and abandoning module SignificanceManager (406)
[2025.07.10-11.51.06:459][460]LogModuleManager: Shutting down and abandoning module PropertyAccessEditor (404)
[2025.07.10-11.51.06:459][460]LogModuleManager: Shutting down and abandoning module PhysXVehiclesEditor (402)
[2025.07.10-11.51.06:459][460]LogModuleManager: Shutting down and abandoning module LocationServicesBPLibrary (398)
[2025.07.10-11.51.06:459][460]LogModuleManager: Shutting down and abandoning module AudioSynesthesia (396)
[2025.07.10-11.51.06:459][460]LogModuleManager: Shutting down and abandoning module AudioSynesthesiaCore (394)
[2025.07.10-11.51.06:459][460]LogModuleManager: Shutting down and abandoning module ActorSequence (392)
[2025.07.10-11.51.06:459][460]LogModuleManager: Shutting down and abandoning module UdpMessaging (390)
[2025.07.10-11.51.06:560][460]LogModuleManager: Shutting down and abandoning module TcpMessaging (388)
[2025.07.10-11.51.06:661][460]LogModuleManager: Shutting down and abandoning module PythonScriptPlugin (386)
[2025.07.10-11.51.06:661][460]LogModuleManager: Shutting down and abandoning module ImgMediaEngine (384)
[2025.07.10-11.51.06:661][460]LogModuleManager: Shutting down and abandoning module MagicLeapARPin (382)
[2025.07.10-11.51.06:661][460]LogModuleManager: Shutting down and abandoning module MagicLeapHandMeshing (380)
[2025.07.10-11.51.06:661][460]LogModuleManager: Shutting down and abandoning module MagicLeapSecureStorage (378)
[2025.07.10-11.51.06:661][460]LogModuleManager: Shutting down and abandoning module MagicLeapPrivileges (376)
[2025.07.10-11.51.06:661][460]LogModuleManager: Shutting down and abandoning module MagicLeapPlanes (374)
[2025.07.10-11.51.06:661][460]LogMagicLeapPlanes: Planes tracker already destroyed.
[2025.07.10-11.51.06:661][460]LogModuleManager: Shutting down and abandoning module MagicLeapImageTracker (372)
[2025.07.10-11.51.06:661][460]LogModuleManager: Shutting down and abandoning module MagicLeapIdentity (370)
[2025.07.10-11.51.06:661][460]LogModuleManager: Shutting down and abandoning module MagicLeapHandTracking (368)
[2025.07.10-11.51.06:661][460]LogModuleManager: Shutting down and abandoning module MagicLeapEyeTracker (366)
[2025.07.10-11.51.06:661][460]LogModuleManager: Shutting down and abandoning module MagicLeapController (364)
[2025.07.10-11.51.06:661][460]LogModuleManager: Shutting down and abandoning module MagicLeapARPinImpl (362)
[2025.07.10-11.51.06:661][460]LogModuleManager: Shutting down and abandoning module MagicLeapAR (360)
[2025.07.10-11.51.06:661][460]LogModuleManager: Shutting down and abandoning module NiagaraAnimNotifies (358)
[2025.07.10-11.51.06:661][460]LogModuleManager: Shutting down and abandoning module Niagara (356)
[2025.07.10-11.51.06:661][460]LogModuleManager: Shutting down and abandoning module SignalProcessing (355)
[2025.07.10-11.51.06:661][460]LogModuleManager: Shutting down and abandoning module NiagaraEditor (353)
[2025.07.10-11.51.06:661][460]LogModuleManager: Shutting down and abandoning module NiagaraCore (350)
[2025.07.10-11.51.06:661][460]LogModuleManager: Shutting down and abandoning module GameplayTagsEditor (348)
[2025.07.10-11.51.06:661][460]LogModuleManager: Shutting down and abandoning module FacialAnimationEditor (346)
[2025.07.10-11.51.06:661][460]LogModuleManager: Shutting down and abandoning module FacialAnimation (344)
[2025.07.10-11.51.06:661][460]LogModuleManager: Shutting down and abandoning module DataValidation (342)
[2025.07.10-11.51.06:661][460]LogModuleManager: Shutting down and abandoning module AssetManagerEditor (340)
[2025.07.10-11.51.06:661][460]LogModuleManager: Shutting down and abandoning module LevelEditor (339)
[2025.07.10-11.51.06:663][460]LogModuleManager: Shutting down and abandoning module PixelInspectorModule (338)
[2025.07.10-11.51.06:663][460]LogModuleManager: Shutting down and abandoning module CommonMenuExtensions (336)
[2025.07.10-11.51.06:663][460]LogModuleManager: Shutting down and abandoning module MainFrame (334)
[2025.07.10-11.51.06:663][460]LogModuleManager: Shutting down and abandoning module HotReload (333)
[2025.07.10-11.51.06:663][460]LogModuleManager: Shutting down and abandoning module ToolMenus (329)
[2025.07.10-11.51.06:663][460]LogModuleManager: Shutting down and abandoning module ContentBrowser (327)
[2025.07.10-11.51.06:663][460]LogModuleManager: Shutting down and abandoning module ContentBrowserData (326)
[2025.07.10-11.51.06:663][460]LogModuleManager: Shutting down and abandoning module TreeMap (323)
[2025.07.10-11.51.06:663][460]LogModuleManager: Shutting down and abandoning module PropertyAccessNode (320)
[2025.07.10-11.51.06:663][460]LogModuleManager: Shutting down and abandoning module AnimationSharing (318)
[2025.07.10-11.51.06:663][460]LogModuleManager: Shutting down and abandoning module GameplayCameras (316)
[2025.07.10-11.51.06:663][460]LogModuleManager: Shutting down and abandoning module LightPropagationVolumeRuntime (314)
[2025.07.10-11.51.06:663][460]LogModuleManager: Shutting down and abandoning module EnvironmentQueryEditor (312)
[2025.07.10-11.51.06:663][460]LogModuleManager: Shutting down and abandoning module Paper2D (310)
[2025.07.10-11.51.06:663][460]LogModuleManager: Shutting down and abandoning module WindowsMoviePlayer (308)
[2025.07.10-11.51.06:669][460]LogModuleManager: Shutting down and abandoning module WebMMoviePlayer (306)
[2025.07.10-11.51.06:669][460]LogModuleManager: Shutting down and abandoning module NetworkReplayStreaming (304)
[2025.07.10-11.51.06:669][460]LogModuleManager: Shutting down and abandoning module PacketHandler (302)
[2025.07.10-11.51.06:669][460]LogModuleManager: Shutting down and abandoning module ClothingSystemEditor (300)
[2025.07.10-11.51.06:669][460]LogModuleManager: Shutting down and abandoning module ClothingSystemRuntimeNv (298)
[2025.07.10-11.51.06:669][460]LogModuleManager: Shutting down and abandoning module MediaAssets (296)
[2025.07.10-11.51.06:669][460]LogModuleManager: Shutting down and abandoning module Overlay (294)
[2025.07.10-11.51.06:669][460]LogModuleManager: Shutting down and abandoning module OverlayEditor (293)
[2025.07.10-11.51.06:669][460]LogModuleManager: Shutting down and abandoning module VREditor (290)
[2025.07.10-11.51.06:669][460]LogModuleManager: Shutting down and abandoning module StringTableEditor (288)
[2025.07.10-11.51.06:669][460]LogModuleManager: Shutting down and abandoning module GameplayTasksEditor (286)
[2025.07.10-11.51.06:669][460]LogModuleManager: Shutting down and abandoning module BehaviorTreeEditor (284)
[2025.07.10-11.51.06:669][460]LogModuleManager: Shutting down and abandoning module FunctionalTesting (282)
[2025.07.10-11.51.06:669][460]LogModuleManager: Shutting down and abandoning module CollisionAnalyzer (280)
[2025.07.10-11.51.06:669][460]LogModuleManager: Shutting down and abandoning module WorkspaceMenuStructure (279)
[2025.07.10-11.51.06:669][460]LogModuleManager: Shutting down and abandoning module UMG (276)
[2025.07.10-11.51.06:669][460]LogModuleManager: Shutting down and abandoning module UMGEditor (275)
[2025.07.10-11.51.06:669][460]LogModuleManager: Shutting down and abandoning module MessageLog (273)
[2025.07.10-11.51.06:669][460]LogModuleManager: Shutting down and abandoning module SlateReflector (268)
[2025.07.10-11.51.06:669][460]LogModuleManager: Shutting down and abandoning module Slate (266)
[2025.07.10-11.51.06:669][460]LogModuleManager: Shutting down and abandoning module SlateCore (264)
[2025.07.10-11.51.06:670][460]LogModuleManager: Shutting down and abandoning module LandscapeEditorUtilities (262)
[2025.07.10-11.51.06:670][460]LogModuleManager: Shutting down and abandoning module UnrealEd (260)
[2025.07.10-11.51.06:670][460]LogModuleManager: Shutting down and abandoning module MRMesh (258)
[2025.07.10-11.51.06:670][460]LogModuleManager: Shutting down and abandoning module SourceCodeAccess (256)
[2025.07.10-11.51.06:670][460]LogModuleManager: Shutting down and abandoning module HeadMountedDisplay (254)
[2025.07.10-11.51.06:670][460]LogModuleManager: Shutting down and abandoning module XAudio2 (252)
[2025.07.10-11.51.06:670][460]LogModuleManager: Shutting down and abandoning module Networking (250)
[2025.07.10-11.51.06:670][460]LogModuleManager: Shutting down and abandoning module Core (248)
[2025.07.10-11.51.06:670][460]LogModuleManager: Shutting down and abandoning module MaterialEditor (246)
[2025.07.10-11.51.06:670][460]LogModuleManager: Shutting down and abandoning module MovieSceneTools (244)
[2025.07.10-11.51.06:670][460]LogModuleManager: Shutting down and abandoning module CurveEditor (243)
[2025.07.10-11.51.06:670][460]LogModuleManager: Shutting down and abandoning module Sequencer (241)
[2025.07.10-11.51.06:670][460]LogModuleManager: Shutting down and abandoning module EditorStyle (240)
[2025.07.10-11.51.06:672][460]LogModuleManager: Shutting down and abandoning module KismetCompiler (236)
[2025.07.10-11.51.06:672][460]LogModuleManager: Shutting down and abandoning module MeshBuilder (234)
[2025.07.10-11.51.06:672][460]LogModuleManager: Shutting down and abandoning module MeshUtilities (232)
[2025.07.10-11.51.06:672][460]LogModuleManager: Shutting down and abandoning module MeshMergeUtilities (231)
[2025.07.10-11.51.06:672][460]LogModuleManager: Shutting down and abandoning module MeshReductionInterface (230)
[2025.07.10-11.51.06:672][460]LogModuleManager: Shutting down and abandoning module MeshBoneReduction (229)
[2025.07.10-11.51.06:672][460]LogModuleManager: Shutting down and abandoning module SkeletalMeshReduction (227)
[2025.07.10-11.51.06:672][460]LogModuleManager: Shutting down and abandoning module ProxyLODMeshReduction (225)
[2025.07.10-11.51.06:672][460]LogModuleManager: Shutting down and abandoning module QuadricMeshReduction (223)
[2025.07.10-11.51.06:672][460]LogModuleManager: Shutting down and abandoning module MaterialBaking (219)
[2025.07.10-11.51.06:672][460]LogModuleManager: Shutting down and abandoning module NullInstallBundleManager (214)
[2025.07.10-11.51.06:672][460]LogModuleManager: Shutting down and abandoning module DerivedDataCache (212)
[2025.07.10-11.51.06:672][460]LogModuleManager: Shutting down and abandoning module TargetPlatform (210)
[2025.07.10-11.51.06:672][460]LogModuleManager: Shutting down and abandoning module VulkanShaderFormat (209)
[2025.07.10-11.51.06:672][460]LogModuleManager: Shutting down and abandoning module ShaderFormatVectorVM (207)
[2025.07.10-11.51.06:672][460]LogModuleManager: Shutting down and abandoning module ShaderFormatOpenGL (205)
[2025.07.10-11.51.06:672][460]LogModuleManager: Shutting down and abandoning module ShaderFormatD3D (203)
[2025.07.10-11.51.06:672][460]LogModuleManager: Shutting down and abandoning module MetalShaderFormat (201)
[2025.07.10-11.51.06:672][460]LogModuleManager: Shutting down and abandoning module TextureFormatOodle (199)
[2025.07.10-11.51.06:672][460]LogModuleManager: Shutting down and abandoning module TextureFormatUncompressed (197)
[2025.07.10-11.51.06:672][460]LogModuleManager: Shutting down and abandoning module TextureFormatPVR (195)
[2025.07.10-11.51.06:672][460]LogModuleManager: Shutting down and abandoning module TextureFormatETC2 (193)
[2025.07.10-11.51.06:672][460]LogModuleManager: Shutting down and abandoning module TextureFormatDXT (191)
[2025.07.10-11.51.06:672][460]LogModuleManager: Shutting down and abandoning module TextureFormatIntelISPCTexComp (189)
[2025.07.10-11.51.06:672][460]LogModuleManager: Shutting down and abandoning module TextureFormatASTC (187)
[2025.07.10-11.51.06:672][460]LogModuleManager: Shutting down and abandoning module ImageWrapper (186)
[2025.07.10-11.51.06:672][460]LogModuleManager: Shutting down and abandoning module AudioFormatOpus (183)
[2025.07.10-11.51.06:672][460]LogModuleManager: Shutting down and abandoning module AudioFormatOgg (181)
[2025.07.10-11.51.06:672][460]LogModuleManager: Shutting down and abandoning module AudioFormatADPCM (179)
[2025.07.10-11.51.06:672][460]LogModuleManager: Shutting down and abandoning module WindowsServerTargetPlatform (177)
[2025.07.10-11.51.06:672][460]LogModuleManager: Shutting down and abandoning module WindowsClientTargetPlatform (175)
[2025.07.10-11.51.06:672][460]LogModuleManager: Shutting down and abandoning module WindowsTargetPlatform (173)
[2025.07.10-11.51.06:672][460]LogModuleManager: Shutting down and abandoning module WindowsNoEditorTargetPlatform (171)
[2025.07.10-11.51.06:673][460]LogModuleManager: Shutting down and abandoning module TVOSTargetPlatform (169)
[2025.07.10-11.51.06:676][460]LogModuleManager: Shutting down and abandoning module MacServerTargetPlatform (167)
[2025.07.10-11.51.06:676][460]LogModuleManager: Shutting down and abandoning module MacClientTargetPlatform (165)
[2025.07.10-11.51.06:676][460]LogModuleManager: Shutting down and abandoning module MacTargetPlatform (163)
[2025.07.10-11.51.06:676][460]LogModuleManager: Shutting down and abandoning module MacNoEditorTargetPlatform (161)
[2025.07.10-11.51.06:676][460]LogModuleManager: Shutting down and abandoning module LuminTargetPlatform (159)
[2025.07.10-11.51.06:683][460]LogModuleManager: Shutting down and abandoning module LinuxAArch64ServerTargetPlatform (157)
[2025.07.10-11.51.06:683][460]LogModuleManager: Shutting down and abandoning module LinuxAArch64ClientTargetPlatform (155)
[2025.07.10-11.51.06:683][460]LogModuleManager: Shutting down and abandoning module LinuxAArch64NoEditorTargetPlatform (153)
[2025.07.10-11.51.06:683][460]LogModuleManager: Shutting down and abandoning module LinuxServerTargetPlatform (151)
[2025.07.10-11.51.06:683][460]LogModuleManager: Shutting down and abandoning module LinuxClientTargetPlatform (149)
[2025.07.10-11.51.06:683][460]LogModuleManager: Shutting down and abandoning module LinuxNoEditorTargetPlatform (147)
[2025.07.10-11.51.06:683][460]LogModuleManager: Shutting down and abandoning module LinuxTargetPlatform (145)
[2025.07.10-11.51.06:683][460]LogModuleManager: Shutting down and abandoning module Messaging (143)
[2025.07.10-11.51.06:683][460]LogModuleManager: Shutting down and abandoning module IOSTargetPlatform (141)
[2025.07.10-11.51.06:687][460]LogModuleManager: Shutting down and abandoning module AndroidTargetPlatform (139)
[2025.07.10-11.51.06:714][460]LogModuleManager: Shutting down and abandoning module AllDesktopTargetPlatform (137)
[2025.07.10-11.51.06:714][460]LogModuleManager: Shutting down and abandoning module D3D11RHI (134)
[2025.07.10-11.51.06:714][460]LogModuleManager: Shutting down and abandoning module InputCore (132)
[2025.07.10-11.51.06:714][460]LogModuleManager: Shutting down and abandoning module Settings (130)
[2025.07.10-11.51.06:714][460]LogModuleManager: Shutting down and abandoning module DirectoryWatcher (128)
[2025.07.10-11.51.06:715][460]LogModuleManager: Shutting down and abandoning module PhysXCooking (126)
[2025.07.10-11.51.06:715][460]LogModuleManager: Shutting down and abandoning module Chaos (124)
[2025.07.10-11.51.06:715][460]LogModuleManager: Shutting down and abandoning module WindowsPlatformFeatures (122)
[2025.07.10-11.51.06:715][460]LogModuleManager: Shutting down and abandoning module GameplayMediaEncoder (121)
[2025.07.10-11.51.06:715][460]LogModuleManager: Shutting down and abandoning module AVEncoder (120)
[2025.07.10-11.51.06:715][460]LogModuleManager: Shutting down and abandoning module SteamVRInputDevice (116)
[2025.07.10-11.51.06:715][460]LogModuleManager: Shutting down and abandoning module SteamVRInput (114)
[2025.07.10-11.51.06:715][460]LogModuleManager: Shutting down and abandoning module SteamVR (112)
[2025.07.10-11.51.06:715][460]LogHMD: Freeing OpenVRDLLHandle.
[2025.07.10-11.51.06:715][460]LogModuleManager: Shutting down and abandoning module OculusHMD (110)
[2025.07.10-11.51.06:715][460]LogModuleManager: Shutting down and abandoning module OpenXRHandTracking (108)
[2025.07.10-11.51.06:715][460]LogSlate: Slate User Destroyed.  User Index 0, Is Virtual User: 0
[2025.07.10-11.51.06:715][460]LogModuleManager: Shutting down and abandoning module OpenXREyeTracker (106)
[2025.07.10-11.51.06:715][460]LogModuleManager: Shutting down and abandoning module OpenXRAR (104)
[2025.07.10-11.51.06:715][460]LogModuleManager: Shutting down and abandoning module AugmentedReality (103)
[2025.07.10-11.51.06:715][460]LogModuleManager: Shutting down and abandoning module OpenXRHMD (100)
[2025.07.10-11.51.06:716][460]LogModuleManager: Shutting down and abandoning module ExampleDeviceProfileSelector (98)
[2025.07.10-11.51.06:716][460]LogModuleManager: Shutting down and abandoning module ChunkDownloader (96)
[2025.07.10-11.51.06:716][460]LogModuleManager: Shutting down and abandoning module OnlineBlueprintSupport (94)
[2025.07.10-11.51.06:716][460]LogModuleManager: Shutting down and abandoning module OnlineSubsystem (90)
[2025.07.10-11.51.06:717][460]LogModuleManager: Shutting down and abandoning module XMPP (85)
[2025.07.10-11.51.06:717][460]LogModuleManager: Shutting down and abandoning module WebSockets (84)
[2025.07.10-11.51.06:719][460]LogModuleManager: Shutting down and abandoning module HTTP (81)
[2025.07.10-11.51.06:719][460]LogHttp: Display: Http module shutting down, but needs to wait on 1 outstanding Http requests:
[2025.07.10-11.51.06:719][460]LogHttp: Display: 	verb=[POST] url=[https://datarouter.ol.epicgames.com/datarouter/api/v1/public/data?SessionID=%7B72B4C8B5-4BA6-F68F-713E-95BDDDC69577%7D&AppID=UEEditor.Rocket.Release&AppVersion=4.27.2-18319896%2B%2B%2BUE4%2BRelease-4.27&UserID=993ec07b4b2800df97ab6fb5798ac2f7%7C47836b97351b4cff81b1f61d49134db1%7C05aca298-4ef9-4122-8792-12bfe6659209&AppEnvironment=datacollector-binary&UploadType=eteventstream] refs=[1] status=Processing
[2025.07.10-11.51.06:719][460]LogHttp: Display: cleaning up 1 outstanding Http requests.
[2025.07.10-11.51.06:736][460]LogModuleManager: Shutting down and abandoning module SSL (80)
[2025.07.10-11.51.06:737][460]LogModuleManager: Shutting down and abandoning module LauncherChunkInstaller (76)
[2025.07.10-11.51.06:737][460]LogModuleManager: Shutting down and abandoning module WmfMedia (74)
[2025.07.10-11.51.06:738][460]LogModuleManager: Shutting down and abandoning module Media (73)
[2025.07.10-11.51.06:739][460]LogModuleManager: Shutting down and abandoning module MediaInfo (72)
[2025.07.10-11.51.06:739][460]LogModuleManager: Shutting down and abandoning module ExrReaderGpu (68)
[2025.07.10-11.51.06:739][460]LogModuleManager: Shutting down and abandoning module MLSDK (66)
[2025.07.10-11.51.06:739][460]LogModuleManager: Shutting down and abandoning module MagicLeap (64)
[2025.07.10-11.51.06:739][460]LogModuleManager: Shutting down and abandoning module ChaosCloth (62)
[2025.07.10-11.51.06:739][460]LogModuleManager: Shutting down and abandoning module NiagaraVertexFactories (60)
[2025.07.10-11.51.06:739][460]LogModuleManager: Shutting down and abandoning module NiagaraShader (58)
[2025.07.10-11.51.06:739][460]LogModuleManager: Shutting down and abandoning module VariantManagerContent (56)
[2025.07.10-11.51.06:739][460]LogModuleManager: Shutting down and abandoning module DatasmithContent (54)
[2025.07.10-11.51.06:739][460]LogModuleManager: Shutting down and abandoning module PixWinPlugin (52)
[2025.07.10-11.51.06:739][460]LogModuleManager: Shutting down and abandoning module AISupportModule (50)
[2025.07.10-11.51.06:739][460]LogModuleManager: Shutting down and abandoning module DesktopPlatform (48)
[2025.07.10-11.51.06:739][460]LogModuleManager: Shutting down and abandoning module PythonScriptPluginPreload (46)
[2025.07.10-11.51.06:739][460]LogModuleManager: Shutting down and abandoning module PlatformCryptoOpenSSL (44)
[2025.07.10-11.51.06:739][460]LogModuleManager: Shutting down and abandoning module PlatformCryptoTypes (42)
[2025.07.10-11.51.06:739][460]LogModuleManager: Shutting down and abandoning module PlatformCrypto (40)
[2025.07.10-11.51.06:739][460]LogModuleManager: Shutting down and abandoning module OodleDataCompressionFormat (38)
[2025.07.10-11.51.06:739][460]LogModuleManager: Shutting down and abandoning module XGEController (36)
[2025.07.10-11.51.06:739][460]LogModuleManager: Shutting down and abandoning module AnimationModifiers (34)
[2025.07.10-11.51.06:739][460]LogModuleManager: Shutting down and abandoning module AudioEditor (32)
[2025.07.10-11.51.06:740][460]LogModuleManager: Shutting down and abandoning module PropertyEditor (31)
[2025.07.10-11.51.06:740][460]LogModuleManager: Shutting down and abandoning module TextureCompressor (28)
[2025.07.10-11.51.06:740][460]LogModuleManager: Shutting down and abandoning module RenderCore (26)
[2025.07.10-11.51.06:740][460]LogModuleManager: Shutting down and abandoning module Landscape (24)
[2025.07.10-11.51.06:740][460]LogModuleManager: Shutting down and abandoning module SlateRHIRenderer (22)
[2025.07.10-11.51.06:741][460]LogModuleManager: Shutting down and abandoning module AnimGraphRuntime (20)
[2025.07.10-11.51.06:741][460]LogModuleManager: Shutting down and abandoning module Renderer (18)
[2025.07.10-11.51.06:741][460]LogModuleManager: Shutting down and abandoning module Engine (16)
[2025.07.10-11.51.06:741][460]LogModuleManager: Shutting down and abandoning module CoreUObject (14)
[2025.07.10-11.51.06:741][460]LogModuleManager: Shutting down and abandoning module NetworkFile (12)
[2025.07.10-11.51.06:741][460]LogModuleManager: Shutting down and abandoning module CookedIterativeFile (10)
[2025.07.10-11.51.06:741][460]LogModuleManager: Shutting down and abandoning module StreamingFile (8)
[2025.07.10-11.51.06:741][460]LogModuleManager: Shutting down and abandoning module SandboxFile (6)
[2025.07.10-11.51.06:741][460]LogModuleManager: Shutting down and abandoning module PakFile (4)
[2025.07.10-11.51.06:741][460]LogModuleManager: Shutting down and abandoning module RSA (3)
[2025.07.10-11.51.06:741][460]LogContentStreaming: Display: There are 1 unreleased StreamingManagers
[2025.07.10-11.51.06:777][460]LogD3D11RHI: Shutdown
[2025.07.10-11.51.06:777][460]LogD3D11RHI: CleanupD3DDevice
[2025.07.10-11.51.06:781][460]LogExit: Exiting.
[2025.07.10-11.51.06:795][460]Log file closed, 07/10/25 12:51:06
