Log file open, 07/10/25 14:01:29
LogWindows: Failed to load 'aqProf.dll' (GetLastError=126)
LogWindows: File 'aqProf.dll' does not exist
LogWindows: Failed to load 'VtuneApi.dll' (GetLastError=126)
LogWindows: File 'VtuneApi.dll' does not exist
LogWindows: Failed to load 'VtuneApi32e.dll' (GetLastError=126)
LogWindows: File 'VtuneApi32e.dll' does not exist
LogConsoleResponse: Display: Failed to find resolution value strings in scalability ini. Falling back to default.
LogConsoleResponse: Display: Failed to find resolution value strings in scalability ini. Falling back to default.
LogInit: Display: Running engine for game: NatureReserve
LogPlatformFile: Not using cached read wrapper
LogTaskGraph: Started task graph with 5 named threads and 47 total threads with 3 sets of task threads.
LogStats: Stats thread started at 0.223210
LogICUInternationalization: ICU TimeZone Detection - Raw Offset: +0:00, Platform Override: ''
LogInit: Display: Loading text-based GConfig....
LogPluginManager: Mounting plugin MeshPainting
LogPluginManager: Mounting plugin XGEController
LogPluginManager: Mounting plugin Paper2D
LogPluginManager: Mounting plugin AISupport
LogPluginManager: Mounting plugin EnvironmentQueryEditor
LogPluginManager: Mounting plugin LightPropagationVolume
LogPluginManager: Mounting plugin LiveLink
LogPluginManager: Mounting plugin OodleData
LogPluginManager: Mounting plugin OodleNetwork
LogPluginManager: Mounting plugin DatasmithContent
LogPluginManager: Mounting plugin AssetManagerEditor
LogPluginManager: Mounting plugin VariantManagerContent
LogPluginManager: Mounting plugin CryptoKeys
LogPluginManager: Mounting plugin CurveEditorTools
LogPluginManager: Mounting plugin DataValidation
LogPluginManager: Mounting plugin FacialAnimation
LogPluginManager: Mounting plugin GeometryMode
LogPluginManager: Mounting plugin MacGraphicsSwitching
LogPluginManager: Mounting plugin MaterialAnalyzer
LogPluginManager: Mounting plugin MobileLauncherProfileWizard
LogPluginManager: Mounting plugin PluginBrowser
LogPluginManager: Mounting plugin SpeedTreeImporter
LogPluginManager: Mounting plugin AlembicImporter
LogPluginManager: Mounting plugin AutomationUtils
LogPluginManager: Mounting plugin BackChannel
LogPluginManager: Mounting plugin ChaosCloth
LogPluginManager: Mounting plugin GameplayTagsEditor
LogPluginManager: Mounting plugin ChaosClothEditor
LogPluginManager: Mounting plugin ChaosEditor
LogPluginManager: Mounting plugin ChaosNiagara
LogPluginManager: Mounting plugin CharacterAI
LogPluginManager: Mounting plugin ChaosSolverPlugin
LogPluginManager: Mounting plugin GeometryCache
LogPluginManager: Mounting plugin GeometryCollectionPlugin
LogPluginManager: Mounting plugin GeometryProcessing
LogPluginManager: Mounting plugin OpenImageDenoise
LogPluginManager: Mounting plugin MotoSynth
LogPluginManager: Mounting plugin PlanarCut
LogPluginManager: Mounting plugin PythonScriptPlugin
LogPluginManager: Mounting plugin PlatformCrypto
LogPluginManager: Mounting plugin SkeletalReduction
LogPluginManager: Mounting plugin ProxyLODPlugin
LogPluginManager: Mounting plugin AndroidMedia
LogPluginManager: Mounting plugin AvfMedia
LogPluginManager: Mounting plugin MediaCompositing
LogPluginManager: Mounting plugin ImgMedia
LogPluginManager: Mounting plugin Niagara
LogPluginManager: Mounting plugin MediaPlayerEditor
LogPluginManager: Mounting plugin WebMMedia
LogPluginManager: Mounting plugin LuminPlatformFeatures
LogPluginManager: Mounting plugin WmfMedia
LogPluginManager: Mounting plugin MagicLeap
LogPluginManager: Mounting plugin MagicLeapLightEstimation
LogPluginManager: Mounting plugin MagicLeapMedia
LogPluginManager: Mounting plugin MagicLeapPassableWorld
LogPluginManager: Mounting plugin MLSDK
LogPluginManager: Mounting plugin TcpMessaging
LogPluginManager: Mounting plugin UdpMessaging
LogPluginManager: Mounting plugin ActorSequence
LogPluginManager: Mounting plugin MatineeToLevelSequence
LogPluginManager: Mounting plugin LevelSequenceEditor
LogPluginManager: Mounting plugin TemplateSequence
LogPluginManager: Mounting plugin OnlineSubsystem
LogPluginManager: Mounting plugin OnlineSubsystemNull
LogPluginManager: Mounting plugin OnlineSubsystemUtils
LogPluginManager: Mounting plugin ActorLayerUtilities
LogPluginManager: Mounting plugin AndroidDeviceProfileSelector
LogPluginManager: Mounting plugin AndroidMoviePlayer
LogPluginManager: Mounting plugin AndroidPermission
LogPluginManager: Mounting plugin AppleMoviePlayer
LogPluginManager: Mounting plugin ArchVisCharacter
LogPluginManager: Mounting plugin AudioCapture
LogPluginManager: Mounting plugin AssetTags
LogPluginManager: Mounting plugin AppleImageUtils
LogPluginManager: Mounting plugin AudioSynesthesia
LogPluginManager: Mounting plugin ChunkDownloader
LogPluginManager: Mounting plugin CustomMeshComponent
LogPluginManager: Mounting plugin CableComponent
LogPluginManager: Mounting plugin EditableMesh
LogPluginManager: Mounting plugin ExampleDeviceProfileSelector
LogPluginManager: Mounting plugin LauncherChunkInstaller
LogPluginManager: Mounting plugin GoogleCloudMessaging
LogPluginManager: Mounting plugin GooglePAD
LogPluginManager: Mounting plugin ScreenshotTools
LogPluginManager: Mounting plugin IOSDeviceProfileSelector
LogPluginManager: Mounting plugin LinuxDeviceProfileSelector
LogPluginManager: Mounting plugin LocationServicesBPLibrary
LogPluginManager: Mounting plugin MobilePatchingUtils
LogPluginManager: Mounting plugin OpenXREyeTracker
LogPluginManager: Mounting plugin OpenXR
LogPluginManager: Mounting plugin OpenXRHandTracking
LogPluginManager: Mounting plugin PhysXVehicles
LogPluginManager: Mounting plugin Takes
LogPluginManager: Mounting plugin PostSplashScreen
LogPluginManager: Mounting plugin ProceduralMeshComponent
LogPluginManager: Mounting plugin PropertyAccessEditor
LogPluginManager: Mounting plugin RuntimePhysXCooking
LogPluginManager: Mounting plugin SoundFields
LogPluginManager: Mounting plugin SignificanceManager
LogPluginManager: Mounting plugin WebMMoviePlayer
LogPluginManager: Mounting plugin Synthesis
LogPluginManager: Mounting plugin AnimationSharing
LogPluginManager: Mounting plugin WindowsMoviePlayer
LogPluginManager: Mounting plugin CLionSourceCodeAccess
LogPluginManager: Mounting plugin NullSourceCodeAccess
LogPluginManager: Mounting plugin PerforceSourceControl
LogPluginManager: Mounting plugin PixWinPlugin
LogPluginManager: Mounting plugin CodeLiteSourceCodeAccess
LogPluginManager: Mounting plugin KDevelopSourceCodeAccess
LogPluginManager: Mounting plugin PlasticSourceControl
LogPluginManager: Mounting plugin PropertyAccessNode
LogPluginManager: Mounting plugin PluginUtils
LogPluginManager: Mounting plugin SubversionSourceControl
LogPluginManager: Mounting plugin RiderSourceCodeAccess
LogPluginManager: Mounting plugin VisualStudioSourceCodeAccess
LogPluginManager: Mounting plugin TextureFormatOodle
LogPluginManager: Mounting plugin VisualStudioCodeSourceCodeAccess
LogPluginManager: Mounting plugin XCodeSourceCodeAccess
LogPluginManager: Mounting plugin UObjectPlugin
LogPluginManager: Mounting plugin GitSourceControl
LogPluginManager: Mounting plugin CameraShakePreviewer
LogPluginManager: Mounting plugin GameplayCameras
LogPluginManager: Mounting plugin ContentBrowserAssetDataSource
LogPluginManager: Mounting plugin ContentBrowserClassDataSource
LogPluginManager: Mounting plugin ContentBrowserFileDataSource
LogPluginManager: Mounting plugin OnlineSubsystemGooglePlay
LogPluginManager: Mounting plugin OnlineSubsystemIOS
LogPluginManager: Mounting plugin OculusVR
LogPluginManager: Mounting plugin SteamVR
LogInit: Using libcurl 7.55.1-DEV
LogInit:  - built for x86_64-pc-win32
LogInit:  - supports SSL with OpenSSL/1.1.1
LogInit:  - supports HTTP deflate (compression) using libz 1.2.8
LogInit:  - other features:
LogInit:      CURL_VERSION_SSL
LogInit:      CURL_VERSION_LIBZ
LogInit:      CURL_VERSION_IPV6
LogInit:      CURL_VERSION_ASYNCHDNS
LogInit:      CURL_VERSION_LARGEFILE
LogInit:      CURL_VERSION_IDN
LogInit:  CurlRequestOptions (configurable via config and command line):
LogInit:  - bVerifyPeer = true  - Libcurl will verify peer certificate
LogInit:  - bUseHttpProxy = false  - Libcurl will NOT use HTTP proxy
LogInit:  - bDontReuseConnections = false  - Libcurl will reuse connections
LogInit:  - MaxHostConnections = 16  - Libcurl will limit the number of connections to a host
LogInit:  - LocalHostAddr = Default
LogInit:  - BufferSize = 65536
LogOnline: OSS: Creating online subsystem instance for: NULL
LogInit: WinSock: version 1.1 (2.2), MaxSocks=32767, MaxUdp=65467
LogOnline: OSS: TryLoadSubsystemAndSetDefault: Loaded subsystem for module [NULL]
PixWinPlugin: PIX capture plugin failed to initialize! Check that the process is launched from PIX.
LogOculusPluginWrapper: OculusPlugin initialized successfully
LogHMD: Failed initializing OVRPlugin 1.59.0
LogInit: Build: ++UE4+Release-4.27-CL-18319896
LogInit: Engine Version: 4.27.2-18319896+++UE4+Release-4.27
LogInit: Compatible Engine Version: 4.27.0-17155196+++UE4+Release-4.27
LogInit: Net CL: 17155196
LogInit: OS: Windows 10 (Release 2009) (), CPU: Intel(R) Core(TM) i9-9900KF CPU @ 3.60GHz, GPU: NVIDIA GeForce RTX 3060
LogInit: Compiled (64-bit): Nov 30 2021 07:12:08
LogInit: Compiled with Visual C++: 19.24.28315.00
LogInit: Build Configuration: Development
LogInit: Branch Name: ++UE4+Release-4.27
LogInit: Command Line: 
LogInit: Base Directory: C:/Program Files/Epic Games/UE_4.27/Engine/Binaries/Win64/
LogInit: Allocator: TBB
LogInit: Installed Engine Build: 1
LogDevObjectVersion: Number of dev versions registered: 29
LogDevObjectVersion:   Dev-Blueprints (B0D832E4-1F89-4F0D-ACCF-7EB736FD4AA2): 10
LogDevObjectVersion:   Dev-Build (E1C64328-A22C-4D53-A36C-8E866417BD8C): 0
LogDevObjectVersion:   Dev-Core (375EC13C-06E4-48FB-B500-84F0262A717E): 4
LogDevObjectVersion:   Dev-Editor (E4B068ED-F494-42E9-A231-DA0B2E46BB41): 40
LogDevObjectVersion:   Dev-Framework (CFFC743F-43B0-4480-9391-14DF171D2073): 37
LogDevObjectVersion:   Dev-Mobile (B02B49B5-BB20-44E9-A304-32B752E40360): 3
LogDevObjectVersion:   Dev-Networking (A4E4105C-59A1-49B5-A7C5-40C4547EDFEE): 0
LogDevObjectVersion:   Dev-Online (39C831C9-5AE6-47DC-9A44-9C173E1C8E7C): 0
LogDevObjectVersion:   Dev-Physics (78F01B33-EBEA-4F98-B9B4-84EACCB95AA2): 14
LogDevObjectVersion:   Dev-Platform (6631380F-2D4D-43E0-8009-CF276956A95A): 0
LogDevObjectVersion:   Dev-Rendering (12F88B9F-8875-4AFC-A67C-D90C383ABD29): 45
LogDevObjectVersion:   Dev-Sequencer (7B5AE74C-D270-4C10-A958-57980B212A5A): 13
LogDevObjectVersion:   Dev-VR (D7296918-1DD6-4BDD-9DE2-64A83CC13884): 3
LogDevObjectVersion:   Dev-LoadTimes (C2A15278-BFE7-4AFE-6C17-90FF531DF755): 1
LogDevObjectVersion:   Private-Geometry (6EACA3D4-40EC-4CC1-B786-8BED09428FC5): 3
LogDevObjectVersion:   Dev-AnimPhys (29E575DD-E0A3-4627-9D10-D276232CDCEA): 17
LogDevObjectVersion:   Dev-Anim (AF43A65D-7FD3-4947-9873-3E8ED9C1BB05): 15
LogDevObjectVersion:   Dev-ReflectionCapture (6B266CEC-1EC7-4B8F-A30B-E4D90942FC07): 1
LogDevObjectVersion:   Dev-Automation (0DF73D61-A23F-47EA-B727-89E90C41499A): 1
LogDevObjectVersion:   FortniteMain (601D1886-AC64-4F84-AA16-D3DE0DEAC7D6): 47
LogDevObjectVersion:   FortniteRelease (E7086368-6B23-4C58-8439-1B7016265E91): 1
LogDevObjectVersion:   Dev-Enterprise (9DFFBCD6-494F-0158-E221-12823C92A888): 10
LogDevObjectVersion:   Dev-Niagara (F2AED0AC-9AFE-416F-8664-AA7FFA26D6FC): 1
LogDevObjectVersion:   Dev-Destruction (174F1F0B-B4C6-45A5-B13F-2EE8D0FB917D): 10
LogDevObjectVersion:   Dev-Physics-Ext (35F94A83-E258-406C-A318-09F59610247C): 41
LogDevObjectVersion:   Dev-PhysicsMaterial-Chaos (B68FC16E-8B1B-42E2-B453-215C058844FE): 1
LogDevObjectVersion:   Dev-CineCamera (B2E18506-4273-CFC2-A54E-F4BB758BBA07): 1
LogDevObjectVersion:   Dev-VirtualProduction (64F58936-FD1B-42BA-BA96-7289D5D0FA4E): 1
LogDevObjectVersion:   Dev-MediaFramework (6F0ED827-A609-4895-9C91-998D90180EA4): 2
LogInit: Presizing for max 25165824 objects, including 0 objects not considered by GC, pre-allocating 0 bytes for permanent pool.
LogConfig: Applying CVar settings from Section [/Script/Engine.StreamingSettings] File [D:/Games/NatureReserve/NatureReserve/Saved/Config/Windows/Engine.ini]
LogConfig: Setting CVar [[s.MinBulkDataSizeForAsyncLoading:131072]]
LogConfig: Setting CVar [[s.AsyncLoadingThreadEnabled:0]]
LogConfig: Setting CVar [[s.EventDrivenLoaderEnabled:1]]
LogConfig: Setting CVar [[s.WarnIfTimeLimitExceeded:0]]
LogConfig: Setting CVar [[s.TimeLimitExceededMultiplier:1.5]]
LogConfig: Setting CVar [[s.TimeLimitExceededMinTime:0.005]]
LogConfig: Setting CVar [[s.UseBackgroundLevelStreaming:1]]
LogConfig: Setting CVar [[s.PriorityAsyncLoadingExtraTime:15.0]]
LogConfig: Setting CVar [[s.LevelStreamingActorsUpdateTimeLimit:5.0]]
LogConfig: Setting CVar [[s.PriorityLevelStreamingActorsUpdateExtraTime:5.0]]
LogConfig: Setting CVar [[s.LevelStreamingComponentsRegistrationGranularity:10]]
LogConfig: Setting CVar [[s.UnregisterComponentsTimeLimit:1.0]]
LogConfig: Setting CVar [[s.LevelStreamingComponentsUnregistrationGranularity:5]]
LogConfig: Setting CVar [[s.FlushStreamingOnExit:1]]
LogInit: Object subsystem initialized
LogConfig: Setting CVar [[con.DebugEarlyDefault:1]]
LogConfig: Setting CVar [[r.setres:1280x720]]
[2025.07.10-13.01.29:547][  0]LogConfig: Setting CVar [[r.VSync:0]]
[2025.07.10-13.01.29:547][  0]LogConfig: Setting CVar [[r.RHICmdBypass:0]]
[2025.07.10-13.01.29:547][  0]LogConfig: Applying CVar settings from Section [/Script/Engine.RendererSettings] File [D:/Games/NatureReserve/NatureReserve/Saved/Config/Windows/Engine.ini]
[2025.07.10-13.01.29:547][  0]LogConfig: Setting CVar [[r.GPUCrashDebugging:0]]
[2025.07.10-13.01.29:547][  0]LogConfig: Applying CVar settings from Section [/Script/Engine.RendererOverrideSettings] File [D:/Games/NatureReserve/NatureReserve/Saved/Config/Windows/Engine.ini]
[2025.07.10-13.01.29:547][  0]LogConfig: Applying CVar settings from Section [/Script/Engine.StreamingSettings] File [D:/Games/NatureReserve/NatureReserve/Saved/Config/Windows/Engine.ini]
[2025.07.10-13.01.29:547][  0]LogConfig: Setting CVar [[s.MinBulkDataSizeForAsyncLoading:131072]]
[2025.07.10-13.01.29:547][  0]LogConfig: Setting CVar [[s.AsyncLoadingThreadEnabled:0]]
[2025.07.10-13.01.29:547][  0]LogConfig: Setting CVar [[s.EventDrivenLoaderEnabled:1]]
[2025.07.10-13.01.29:547][  0]LogConfig: Setting CVar [[s.WarnIfTimeLimitExceeded:0]]
[2025.07.10-13.01.29:547][  0]LogConfig: Setting CVar [[s.TimeLimitExceededMultiplier:1.5]]
[2025.07.10-13.01.29:547][  0]LogConfig: Setting CVar [[s.TimeLimitExceededMinTime:0.005]]
[2025.07.10-13.01.29:547][  0]LogConfig: Setting CVar [[s.UseBackgroundLevelStreaming:1]]
[2025.07.10-13.01.29:547][  0]LogConfig: Setting CVar [[s.PriorityAsyncLoadingExtraTime:15.0]]
[2025.07.10-13.01.29:547][  0]LogConfig: Setting CVar [[s.LevelStreamingActorsUpdateTimeLimit:5.0]]
[2025.07.10-13.01.29:547][  0]LogConfig: Setting CVar [[s.PriorityLevelStreamingActorsUpdateExtraTime:5.0]]
[2025.07.10-13.01.29:547][  0]LogConfig: Setting CVar [[s.LevelStreamingComponentsRegistrationGranularity:10]]
[2025.07.10-13.01.29:547][  0]LogConfig: Setting CVar [[s.UnregisterComponentsTimeLimit:1.0]]
[2025.07.10-13.01.29:547][  0]LogConfig: Setting CVar [[s.LevelStreamingComponentsUnregistrationGranularity:5]]
[2025.07.10-13.01.29:547][  0]LogConfig: Setting CVar [[s.FlushStreamingOnExit:1]]
[2025.07.10-13.01.29:547][  0]LogConfig: Applying CVar settings from Section [/Script/Engine.GarbageCollectionSettings] File [D:/Games/NatureReserve/NatureReserve/Saved/Config/Windows/Engine.ini]
[2025.07.10-13.01.29:547][  0]LogConfig: Setting CVar [[gc.MaxObjectsNotConsideredByGC:1]]
[2025.07.10-13.01.29:547][  0]LogConfig: Setting CVar [[gc.SizeOfPermanentObjectPool:0]]
[2025.07.10-13.01.29:547][  0]LogConfig: Setting CVar [[gc.FlushStreamingOnGC:0]]
[2025.07.10-13.01.29:547][  0]LogConfig: Setting CVar [[gc.NumRetriesBeforeForcingGC:10]]
[2025.07.10-13.01.29:547][  0]LogConfig: Setting CVar [[gc.AllowParallelGC:1]]
[2025.07.10-13.01.29:547][  0]LogConfig: Setting CVar [[gc.TimeBetweenPurgingPendingKillObjects:61.1]]
[2025.07.10-13.01.29:547][  0]LogConfig: Setting CVar [[gc.MaxObjectsInEditor:25165824]]
[2025.07.10-13.01.29:547][  0]LogConfig: Setting CVar [[gc.IncrementalBeginDestroyEnabled:1]]
[2025.07.10-13.01.29:547][  0]LogConfig: Setting CVar [[gc.CreateGCClusters:1]]
[2025.07.10-13.01.29:547][  0]LogConfig: Setting CVar [[gc.MinGCClusterSize:5]]
[2025.07.10-13.01.29:547][  0]LogConfig: Setting CVar [[gc.ActorClusteringEnabled:0]]
[2025.07.10-13.01.29:547][  0]LogConfig: Setting CVar [[gc.BlueprintClusteringEnabled:0]]
[2025.07.10-13.01.29:547][  0]LogConfig: Setting CVar [[gc.UseDisregardForGCOnDedicatedServers:0]]
[2025.07.10-13.01.29:547][  0]LogConfig: Setting CVar [[gc.MultithreadedDestructionEnabled:1]]
[2025.07.10-13.01.29:547][  0]LogConfig: Applying CVar settings from Section [/Script/Engine.NetworkSettings] File [D:/Games/NatureReserve/NatureReserve/Saved/Config/Windows/Engine.ini]
[2025.07.10-13.01.29:547][  0]LogConfig: Applying CVar settings from Section [/Script/UnrealEd.CookerSettings] File [D:/Games/NatureReserve/NatureReserve/Saved/Config/Windows/Engine.ini]
[2025.07.10-13.01.29:578][  0]LogConfig: Applying CVar settings from Section [ViewDistanceQuality@3] File [D:/Games/NatureReserve/NatureReserve/Saved/Config/Windows/Scalability.ini]
[2025.07.10-13.01.29:578][  0]LogConfig: Setting CVar [[r.SkeletalMeshLODBias:0]]
[2025.07.10-13.01.29:578][  0]LogConfig: Setting CVar [[r.ViewDistanceScale:1.0]]
[2025.07.10-13.01.29:578][  0]LogConfig: Applying CVar settings from Section [AntiAliasingQuality@3] File [D:/Games/NatureReserve/NatureReserve/Saved/Config/Windows/Scalability.ini]
[2025.07.10-13.01.29:578][  0]LogConfig: Setting CVar [[r.PostProcessAAQuality:4]]
[2025.07.10-13.01.29:578][  0]LogConfig: Applying CVar settings from Section [ShadowQuality@3] File [D:/Games/NatureReserve/NatureReserve/Saved/Config/Windows/Scalability.ini]
[2025.07.10-13.01.29:578][  0]LogConfig: Setting CVar [[r.LightFunctionQuality:1]]
[2025.07.10-13.01.29:578][  0]LogConfig: Setting CVar [[r.ShadowQuality:5]]
[2025.07.10-13.01.29:578][  0]LogConfig: Setting CVar [[r.Shadow.CSM.MaxCascades:10]]
[2025.07.10-13.01.29:578][  0]LogConfig: Setting CVar [[r.Shadow.MaxResolution:2048]]
[2025.07.10-13.01.29:578][  0]LogConfig: Setting CVar [[r.Shadow.MaxCSMResolution:2048]]
[2025.07.10-13.01.29:578][  0]LogConfig: Setting CVar [[r.Shadow.RadiusThreshold:0.01]]
[2025.07.10-13.01.29:578][  0]LogConfig: Setting CVar [[r.Shadow.DistanceScale:1.0]]
[2025.07.10-13.01.29:578][  0]LogConfig: Setting CVar [[r.Shadow.CSM.TransitionScale:1.0]]
[2025.07.10-13.01.29:578][  0]LogConfig: Setting CVar [[r.Shadow.PreShadowResolutionFactor:1.0]]
[2025.07.10-13.01.29:578][  0]LogConfig: Setting CVar [[r.DistanceFieldShadowing:1]]
[2025.07.10-13.01.29:578][  0]LogConfig: Setting CVar [[r.DistanceFieldAO:1]]
[2025.07.10-13.01.29:578][  0]LogConfig: Setting CVar [[r.AOQuality:2]]
[2025.07.10-13.01.29:578][  0]LogConfig: Setting CVar [[r.VolumetricFog:1]]
[2025.07.10-13.01.29:578][  0]LogConfig: Setting CVar [[r.VolumetricFog.GridPixelSize:8]]
[2025.07.10-13.01.29:578][  0]LogConfig: Setting CVar [[r.VolumetricFog.GridSizeZ:128]]
[2025.07.10-13.01.29:578][  0]LogConfig: Setting CVar [[r.VolumetricFog.HistoryMissSupersampleCount:4]]
[2025.07.10-13.01.29:578][  0]LogConfig: Setting CVar [[r.LightMaxDrawDistanceScale:1]]
[2025.07.10-13.01.29:578][  0]LogConfig: Setting CVar [[r.CapsuleShadows:1]]
[2025.07.10-13.01.29:578][  0]LogConfig: Applying CVar settings from Section [PostProcessQuality@3] File [D:/Games/NatureReserve/NatureReserve/Saved/Config/Windows/Scalability.ini]
[2025.07.10-13.01.29:578][  0]LogConfig: Setting CVar [[r.MotionBlurQuality:4]]
[2025.07.10-13.01.29:578][  0]LogConfig: Setting CVar [[r.AmbientOcclusionMipLevelFactor:0.4]]
[2025.07.10-13.01.29:578][  0]LogConfig: Setting CVar [[r.AmbientOcclusionMaxQuality:100]]
[2025.07.10-13.01.29:578][  0]LogConfig: Setting CVar [[r.AmbientOcclusionLevels:-1]]
[2025.07.10-13.01.29:578][  0]LogConfig: Setting CVar [[r.AmbientOcclusionRadiusScale:1.0]]
[2025.07.10-13.01.29:578][  0]LogConfig: Setting CVar [[r.DepthOfFieldQuality:2]]
[2025.07.10-13.01.29:578][  0]LogConfig: Setting CVar [[r.RenderTargetPoolMin:400]]
[2025.07.10-13.01.29:578][  0]LogConfig: Setting CVar [[r.LensFlareQuality:2]]
[2025.07.10-13.01.29:578][  0]LogConfig: Setting CVar [[r.SceneColorFringeQuality:1]]
[2025.07.10-13.01.29:578][  0]LogConfig: Setting CVar [[r.EyeAdaptationQuality:2]]
[2025.07.10-13.01.29:578][  0]LogConfig: Setting CVar [[r.BloomQuality:5]]
[2025.07.10-13.01.29:578][  0]LogConfig: Setting CVar [[r.FastBlurThreshold:100]]
[2025.07.10-13.01.29:578][  0]LogConfig: Setting CVar [[r.Upscale.Quality:3]]
[2025.07.10-13.01.29:578][  0]LogConfig: Setting CVar [[r.Tonemapper.GrainQuantization:1]]
[2025.07.10-13.01.29:578][  0]LogConfig: Setting CVar [[r.LightShaftQuality:1]]
[2025.07.10-13.01.29:578][  0]LogConfig: Setting CVar [[r.Filter.SizeScale:1]]
[2025.07.10-13.01.29:578][  0]LogConfig: Setting CVar [[r.Tonemapper.Quality:5]]
[2025.07.10-13.01.29:578][  0]LogConfig: Setting CVar [[r.DOF.Gather.AccumulatorQuality:1        ; higher gathering accumulator quality]]
[2025.07.10-13.01.29:578][  0]LogConfig: Setting CVar [[r.DOF.Gather.PostfilterMethod:1          ; Median3x3 postfilering method]]
[2025.07.10-13.01.29:578][  0]LogConfig: Setting CVar [[r.DOF.Gather.EnableBokehSettings:0       ; no bokeh simulation when gathering]]
[2025.07.10-13.01.29:578][  0]LogConfig: Setting CVar [[r.DOF.Gather.RingCount:4                 ; medium number of samples when gathering]]
[2025.07.10-13.01.29:578][  0]LogConfig: Setting CVar [[r.DOF.Scatter.ForegroundCompositing:1    ; additive foreground scattering]]
[2025.07.10-13.01.29:578][  0]LogConfig: Setting CVar [[r.DOF.Scatter.BackgroundCompositing:2    ; additive background scattering]]
[2025.07.10-13.01.29:578][  0]LogConfig: Setting CVar [[r.DOF.Scatter.EnableBokehSettings:1      ; bokeh simulation when scattering]]
[2025.07.10-13.01.29:578][  0]LogConfig: Setting CVar [[r.DOF.Scatter.MaxSpriteRatio:0.1         ; only a maximum of 10% of scattered bokeh]]
[2025.07.10-13.01.29:578][  0]LogConfig: Setting CVar [[r.DOF.Recombine.Quality:1                ; cheap slight out of focus]]
[2025.07.10-13.01.29:578][  0]LogConfig: Setting CVar [[r.DOF.Recombine.EnableBokehSettings:0    ; no bokeh simulation on slight out of focus]]
[2025.07.10-13.01.29:578][  0]LogConfig: Setting CVar [[r.DOF.TemporalAAQuality:1                ; more stable temporal accumulation]]
[2025.07.10-13.01.29:578][  0]LogConfig: Setting CVar [[r.DOF.Kernel.MaxForegroundRadius:0.025]]
[2025.07.10-13.01.29:578][  0]LogConfig: Setting CVar [[r.DOF.Kernel.MaxBackgroundRadius:0.025]]
[2025.07.10-13.01.29:578][  0]LogConfig: Applying CVar settings from Section [TextureQuality@3] File [D:/Games/NatureReserve/NatureReserve/Saved/Config/Windows/Scalability.ini]
[2025.07.10-13.01.29:578][  0]LogConfig: Setting CVar [[r.Streaming.MipBias:0]]
[2025.07.10-13.01.29:578][  0]LogConfig: Setting CVar [[r.Streaming.AmortizeCPUToGPUCopy:0]]
[2025.07.10-13.01.29:578][  0]LogConfig: Setting CVar [[r.Streaming.MaxNumTexturesToStreamPerFrame:0]]
[2025.07.10-13.01.29:578][  0]LogConfig: Setting CVar [[r.Streaming.Boost:1]]
[2025.07.10-13.01.29:578][  0]LogConfig: Setting CVar [[r.MaxAnisotropy:8]]
[2025.07.10-13.01.29:578][  0]LogConfig: Setting CVar [[r.VT.MaxAnisotropy:8]]
[2025.07.10-13.01.29:578][  0]LogConfig: Setting CVar [[r.Streaming.LimitPoolSizeToVRAM:0]]
[2025.07.10-13.01.29:578][  0]LogConfig: Setting CVar [[r.Streaming.PoolSize:1000]]
[2025.07.10-13.01.29:578][  0]LogConfig: Setting CVar [[r.Streaming.MaxEffectiveScreenSize:0]]
[2025.07.10-13.01.29:578][  0]LogConfig: Applying CVar settings from Section [EffectsQuality@3] File [D:/Games/NatureReserve/NatureReserve/Saved/Config/Windows/Scalability.ini]
[2025.07.10-13.01.29:578][  0]LogConfig: Setting CVar [[r.TranslucencyLightingVolumeDim:64]]
[2025.07.10-13.01.29:578][  0]LogConfig: Setting CVar [[r.RefractionQuality:2]]
[2025.07.10-13.01.29:578][  0]LogConfig: Setting CVar [[r.SSR.Quality:3]]
[2025.07.10-13.01.29:578][  0]LogConfig: Setting CVar [[r.SSR.HalfResSceneColor:0]]
[2025.07.10-13.01.29:578][  0]LogConfig: Setting CVar [[r.SceneColorFormat:4]]
[2025.07.10-13.01.29:578][  0]LogConfig: Setting CVar [[r.DetailMode:2]]
[2025.07.10-13.01.29:578][  0]LogConfig: Setting CVar [[r.TranslucencyVolumeBlur:1]]
[2025.07.10-13.01.29:578][  0]LogConfig: Setting CVar [[r.MaterialQualityLevel:1 ; High quality]]
[2025.07.10-13.01.29:578][  0]LogConfig: Setting CVar [[r.AnisotropicMaterials:1]]
[2025.07.10-13.01.29:578][  0]LogConfig: Setting CVar [[r.SSS.Scale:1]]
[2025.07.10-13.01.29:578][  0]LogConfig: Setting CVar [[r.SSS.SampleSet:2]]
[2025.07.10-13.01.29:578][  0]LogConfig: Setting CVar [[r.SSS.Quality:1]]
[2025.07.10-13.01.29:578][  0]LogConfig: Setting CVar [[r.SSS.HalfRes:0]]
[2025.07.10-13.01.29:578][  0]LogConfig: Setting CVar [[r.SSGI.Quality:3]]
[2025.07.10-13.01.29:579][  0]LogConfig: Setting CVar [[r.EmitterSpawnRateScale:1.0]]
[2025.07.10-13.01.29:579][  0]LogConfig: Setting CVar [[r.ParticleLightQuality:2]]
[2025.07.10-13.01.29:579][  0]LogConfig: Setting CVar [[r.SkyAtmosphere.AerialPerspectiveLUT.FastApplyOnOpaque:1 ; Always have FastSkyLUT 1 in this case to avoid wrong sky]]
[2025.07.10-13.01.29:579][  0]LogConfig: Setting CVar [[r.SkyAtmosphere.AerialPerspectiveLUT.SampleCountMaxPerSlice:4]]
[2025.07.10-13.01.29:579][  0]LogConfig: Setting CVar [[r.SkyAtmosphere.AerialPerspectiveLUT.DepthResolution:16.0]]
[2025.07.10-13.01.29:579][  0]LogConfig: Setting CVar [[r.SkyAtmosphere.FastSkyLUT:1]]
[2025.07.10-13.01.29:579][  0]LogConfig: Setting CVar [[r.SkyAtmosphere.FastSkyLUT.SampleCountMin:4.0]]
[2025.07.10-13.01.29:579][  0]LogConfig: Setting CVar [[r.SkyAtmosphere.FastSkyLUT.SampleCountMax:128.0]]
[2025.07.10-13.01.29:579][  0]LogConfig: Setting CVar [[r.SkyAtmosphere.SampleCountMin:4.0]]
[2025.07.10-13.01.29:579][  0]LogConfig: Setting CVar [[r.SkyAtmosphere.SampleCountMax:128.0]]
[2025.07.10-13.01.29:579][  0]LogConfig: Setting CVar [[r.SkyAtmosphere.TransmittanceLUT.UseSmallFormat:0]]
[2025.07.10-13.01.29:579][  0]LogConfig: Setting CVar [[r.SkyAtmosphere.TransmittanceLUT.SampleCount:10.0]]
[2025.07.10-13.01.29:579][  0]LogConfig: Setting CVar [[r.SkyAtmosphere.MultiScatteringLUT.SampleCount:15.0]]
[2025.07.10-13.01.29:579][  0]LogConfig: Setting CVar [[r.SkyLight.RealTimeReflectionCapture:1]]
[2025.07.10-13.01.29:579][  0]LogConfig: Applying CVar settings from Section [FoliageQuality@3] File [D:/Games/NatureReserve/NatureReserve/Saved/Config/Windows/Scalability.ini]
[2025.07.10-13.01.29:579][  0]LogConfig: Setting CVar [[foliage.DensityScale:1.0]]
[2025.07.10-13.01.29:579][  0]LogConfig: Setting CVar [[grass.DensityScale:1.0]]
[2025.07.10-13.01.29:579][  0]LogConfig: Applying CVar settings from Section [ShadingQuality@3] File [D:/Games/NatureReserve/NatureReserve/Saved/Config/Windows/Scalability.ini]
[2025.07.10-13.01.29:579][  0]LogConfig: Setting CVar [[r.HairStrands.SkyLighting.IntegrationType:2]]
[2025.07.10-13.01.29:579][  0]LogConfig: Setting CVar [[r.HairStrands.SkyAO.SampleCount:4]]
[2025.07.10-13.01.29:579][  0]LogConfig: Setting CVar [[r.HairStrands.Visibility.MSAA.SamplePerPixel:4]]
[2025.07.10-13.01.29:579][  0]LogInit: Selected Device Profile: [Windows]
[2025.07.10-13.01.29:579][  0]LogInit: Applying CVar settings loaded from the selected device profile: [Windows]
[2025.07.10-13.01.29:579][  0]LogHAL: Display: Platform has ~ 16 GB [17104957440 / 17179869184 / 16], which maps to Larger [LargestMinGB=32, LargerMinGB=12, DefaultMinGB=8, SmallerMinGB=6, SmallestMinGB=0)
[2025.07.10-13.01.29:579][  0]LogInit: Going up to parent DeviceProfile []
[2025.07.10-13.01.29:579][  0]LogConfig: Applying CVar settings from Section [ViewDistanceQuality@3] File [D:/Games/NatureReserve/NatureReserve/Saved/Config/Windows/Scalability.ini]
[2025.07.10-13.01.29:579][  0]LogConfig: Setting CVar [[r.SkeletalMeshLODBias:0]]
[2025.07.10-13.01.29:579][  0]LogConfig: Setting CVar [[r.ViewDistanceScale:1.0]]
[2025.07.10-13.01.29:579][  0]LogConfig: Applying CVar settings from Section [AntiAliasingQuality@3] File [D:/Games/NatureReserve/NatureReserve/Saved/Config/Windows/Scalability.ini]
[2025.07.10-13.01.29:579][  0]LogConfig: Setting CVar [[r.PostProcessAAQuality:4]]
[2025.07.10-13.01.29:579][  0]LogConfig: Applying CVar settings from Section [ShadowQuality@3] File [D:/Games/NatureReserve/NatureReserve/Saved/Config/Windows/Scalability.ini]
[2025.07.10-13.01.29:579][  0]LogConfig: Setting CVar [[r.LightFunctionQuality:1]]
[2025.07.10-13.01.29:579][  0]LogConfig: Setting CVar [[r.ShadowQuality:5]]
[2025.07.10-13.01.29:579][  0]LogConfig: Setting CVar [[r.Shadow.CSM.MaxCascades:10]]
[2025.07.10-13.01.29:579][  0]LogConfig: Setting CVar [[r.Shadow.MaxResolution:2048]]
[2025.07.10-13.01.29:579][  0]LogConfig: Setting CVar [[r.Shadow.MaxCSMResolution:2048]]
[2025.07.10-13.01.29:579][  0]LogConfig: Setting CVar [[r.Shadow.RadiusThreshold:0.01]]
[2025.07.10-13.01.29:579][  0]LogConfig: Setting CVar [[r.Shadow.DistanceScale:1.0]]
[2025.07.10-13.01.29:579][  0]LogConfig: Setting CVar [[r.Shadow.CSM.TransitionScale:1.0]]
[2025.07.10-13.01.29:579][  0]LogConfig: Setting CVar [[r.Shadow.PreShadowResolutionFactor:1.0]]
[2025.07.10-13.01.29:579][  0]LogConfig: Setting CVar [[r.DistanceFieldShadowing:1]]
[2025.07.10-13.01.29:579][  0]LogConfig: Setting CVar [[r.DistanceFieldAO:1]]
[2025.07.10-13.01.29:579][  0]LogConfig: Setting CVar [[r.AOQuality:2]]
[2025.07.10-13.01.29:579][  0]LogConfig: Setting CVar [[r.VolumetricFog:1]]
[2025.07.10-13.01.29:579][  0]LogConfig: Setting CVar [[r.VolumetricFog.GridPixelSize:8]]
[2025.07.10-13.01.29:579][  0]LogConfig: Setting CVar [[r.VolumetricFog.GridSizeZ:128]]
[2025.07.10-13.01.29:579][  0]LogConfig: Setting CVar [[r.VolumetricFog.HistoryMissSupersampleCount:4]]
[2025.07.10-13.01.29:579][  0]LogConfig: Setting CVar [[r.LightMaxDrawDistanceScale:1]]
[2025.07.10-13.01.29:579][  0]LogConfig: Setting CVar [[r.CapsuleShadows:1]]
[2025.07.10-13.01.29:579][  0]LogConfig: Applying CVar settings from Section [PostProcessQuality@3] File [D:/Games/NatureReserve/NatureReserve/Saved/Config/Windows/Scalability.ini]
[2025.07.10-13.01.29:579][  0]LogConfig: Setting CVar [[r.MotionBlurQuality:4]]
[2025.07.10-13.01.29:579][  0]LogConfig: Setting CVar [[r.AmbientOcclusionMipLevelFactor:0.4]]
[2025.07.10-13.01.29:579][  0]LogConfig: Setting CVar [[r.AmbientOcclusionMaxQuality:100]]
[2025.07.10-13.01.29:579][  0]LogConfig: Setting CVar [[r.AmbientOcclusionLevels:-1]]
[2025.07.10-13.01.29:579][  0]LogConfig: Setting CVar [[r.AmbientOcclusionRadiusScale:1.0]]
[2025.07.10-13.01.29:579][  0]LogConfig: Setting CVar [[r.DepthOfFieldQuality:2]]
[2025.07.10-13.01.29:579][  0]LogConfig: Setting CVar [[r.RenderTargetPoolMin:400]]
[2025.07.10-13.01.29:579][  0]LogConfig: Setting CVar [[r.LensFlareQuality:2]]
[2025.07.10-13.01.29:579][  0]LogConfig: Setting CVar [[r.SceneColorFringeQuality:1]]
[2025.07.10-13.01.29:579][  0]LogConfig: Setting CVar [[r.EyeAdaptationQuality:2]]
[2025.07.10-13.01.29:579][  0]LogConfig: Setting CVar [[r.BloomQuality:5]]
[2025.07.10-13.01.29:579][  0]LogConfig: Setting CVar [[r.FastBlurThreshold:100]]
[2025.07.10-13.01.29:579][  0]LogConfig: Setting CVar [[r.Upscale.Quality:3]]
[2025.07.10-13.01.29:579][  0]LogConfig: Setting CVar [[r.Tonemapper.GrainQuantization:1]]
[2025.07.10-13.01.29:579][  0]LogConfig: Setting CVar [[r.LightShaftQuality:1]]
[2025.07.10-13.01.29:579][  0]LogConfig: Setting CVar [[r.Filter.SizeScale:1]]
[2025.07.10-13.01.29:579][  0]LogConfig: Setting CVar [[r.Tonemapper.Quality:5]]
[2025.07.10-13.01.29:579][  0]LogConfig: Setting CVar [[r.DOF.Gather.AccumulatorQuality:1        ; higher gathering accumulator quality]]
[2025.07.10-13.01.29:579][  0]LogConfig: Setting CVar [[r.DOF.Gather.PostfilterMethod:1          ; Median3x3 postfilering method]]
[2025.07.10-13.01.29:579][  0]LogConfig: Setting CVar [[r.DOF.Gather.EnableBokehSettings:0       ; no bokeh simulation when gathering]]
[2025.07.10-13.01.29:579][  0]LogConfig: Setting CVar [[r.DOF.Gather.RingCount:4                 ; medium number of samples when gathering]]
[2025.07.10-13.01.29:579][  0]LogConfig: Setting CVar [[r.DOF.Scatter.ForegroundCompositing:1    ; additive foreground scattering]]
[2025.07.10-13.01.29:579][  0]LogConfig: Setting CVar [[r.DOF.Scatter.BackgroundCompositing:2    ; additive background scattering]]
[2025.07.10-13.01.29:579][  0]LogConfig: Setting CVar [[r.DOF.Scatter.EnableBokehSettings:1      ; bokeh simulation when scattering]]
[2025.07.10-13.01.29:579][  0]LogConfig: Setting CVar [[r.DOF.Scatter.MaxSpriteRatio:0.1         ; only a maximum of 10% of scattered bokeh]]
[2025.07.10-13.01.29:579][  0]LogConfig: Setting CVar [[r.DOF.Recombine.Quality:1                ; cheap slight out of focus]]
[2025.07.10-13.01.29:579][  0]LogConfig: Setting CVar [[r.DOF.Recombine.EnableBokehSettings:0    ; no bokeh simulation on slight out of focus]]
[2025.07.10-13.01.29:579][  0]LogConfig: Setting CVar [[r.DOF.TemporalAAQuality:1                ; more stable temporal accumulation]]
[2025.07.10-13.01.29:579][  0]LogConfig: Setting CVar [[r.DOF.Kernel.MaxForegroundRadius:0.025]]
[2025.07.10-13.01.29:579][  0]LogConfig: Setting CVar [[r.DOF.Kernel.MaxBackgroundRadius:0.025]]
[2025.07.10-13.01.29:579][  0]LogConfig: Applying CVar settings from Section [TextureQuality@3] File [D:/Games/NatureReserve/NatureReserve/Saved/Config/Windows/Scalability.ini]
[2025.07.10-13.01.29:579][  0]LogConfig: Setting CVar [[r.Streaming.MipBias:0]]
[2025.07.10-13.01.29:579][  0]LogConfig: Setting CVar [[r.Streaming.AmortizeCPUToGPUCopy:0]]
[2025.07.10-13.01.29:579][  0]LogConfig: Setting CVar [[r.Streaming.MaxNumTexturesToStreamPerFrame:0]]
[2025.07.10-13.01.29:579][  0]LogConfig: Setting CVar [[r.Streaming.Boost:1]]
[2025.07.10-13.01.29:579][  0]LogConfig: Setting CVar [[r.MaxAnisotropy:8]]
[2025.07.10-13.01.29:579][  0]LogConfig: Setting CVar [[r.VT.MaxAnisotropy:8]]
[2025.07.10-13.01.29:579][  0]LogConfig: Setting CVar [[r.Streaming.LimitPoolSizeToVRAM:0]]
[2025.07.10-13.01.29:579][  0]LogConfig: Setting CVar [[r.Streaming.PoolSize:1000]]
[2025.07.10-13.01.29:579][  0]LogConfig: Setting CVar [[r.Streaming.MaxEffectiveScreenSize:0]]
[2025.07.10-13.01.29:579][  0]LogConfig: Applying CVar settings from Section [EffectsQuality@3] File [D:/Games/NatureReserve/NatureReserve/Saved/Config/Windows/Scalability.ini]
[2025.07.10-13.01.29:579][  0]LogConfig: Setting CVar [[r.TranslucencyLightingVolumeDim:64]]
[2025.07.10-13.01.29:579][  0]LogConfig: Setting CVar [[r.RefractionQuality:2]]
[2025.07.10-13.01.29:579][  0]LogConfig: Setting CVar [[r.SSR.Quality:3]]
[2025.07.10-13.01.29:579][  0]LogConfig: Setting CVar [[r.SSR.HalfResSceneColor:0]]
[2025.07.10-13.01.29:579][  0]LogConfig: Setting CVar [[r.SceneColorFormat:4]]
[2025.07.10-13.01.29:579][  0]LogConfig: Setting CVar [[r.DetailMode:2]]
[2025.07.10-13.01.29:579][  0]LogConfig: Setting CVar [[r.TranslucencyVolumeBlur:1]]
[2025.07.10-13.01.29:579][  0]LogConfig: Setting CVar [[r.MaterialQualityLevel:1 ; High quality]]
[2025.07.10-13.01.29:579][  0]LogConfig: Setting CVar [[r.AnisotropicMaterials:1]]
[2025.07.10-13.01.29:579][  0]LogConfig: Setting CVar [[r.SSS.Scale:1]]
[2025.07.10-13.01.29:579][  0]LogConfig: Setting CVar [[r.SSS.SampleSet:2]]
[2025.07.10-13.01.29:579][  0]LogConfig: Setting CVar [[r.SSS.Quality:1]]
[2025.07.10-13.01.29:579][  0]LogConfig: Setting CVar [[r.SSS.HalfRes:0]]
[2025.07.10-13.01.29:579][  0]LogConfig: Setting CVar [[r.SSGI.Quality:3]]
[2025.07.10-13.01.29:579][  0]LogConfig: Setting CVar [[r.EmitterSpawnRateScale:1.0]]
[2025.07.10-13.01.29:579][  0]LogConfig: Setting CVar [[r.ParticleLightQuality:2]]
[2025.07.10-13.01.29:579][  0]LogConfig: Setting CVar [[r.SkyAtmosphere.AerialPerspectiveLUT.FastApplyOnOpaque:1 ; Always have FastSkyLUT 1 in this case to avoid wrong sky]]
[2025.07.10-13.01.29:579][  0]LogConfig: Setting CVar [[r.SkyAtmosphere.AerialPerspectiveLUT.SampleCountMaxPerSlice:4]]
[2025.07.10-13.01.29:579][  0]LogConfig: Setting CVar [[r.SkyAtmosphere.AerialPerspectiveLUT.DepthResolution:16.0]]
[2025.07.10-13.01.29:579][  0]LogConfig: Setting CVar [[r.SkyAtmosphere.FastSkyLUT:1]]
[2025.07.10-13.01.29:580][  0]LogConfig: Setting CVar [[r.SkyAtmosphere.FastSkyLUT.SampleCountMin:4.0]]
[2025.07.10-13.01.29:580][  0]LogConfig: Setting CVar [[r.SkyAtmosphere.FastSkyLUT.SampleCountMax:128.0]]
[2025.07.10-13.01.29:580][  0]LogConfig: Setting CVar [[r.SkyAtmosphere.SampleCountMin:4.0]]
[2025.07.10-13.01.29:580][  0]LogConfig: Setting CVar [[r.SkyAtmosphere.SampleCountMax:128.0]]
[2025.07.10-13.01.29:580][  0]LogConfig: Setting CVar [[r.SkyAtmosphere.TransmittanceLUT.UseSmallFormat:0]]
[2025.07.10-13.01.29:580][  0]LogConfig: Setting CVar [[r.SkyAtmosphere.TransmittanceLUT.SampleCount:10.0]]
[2025.07.10-13.01.29:580][  0]LogConfig: Setting CVar [[r.SkyAtmosphere.MultiScatteringLUT.SampleCount:15.0]]
[2025.07.10-13.01.29:580][  0]LogConfig: Setting CVar [[r.SkyLight.RealTimeReflectionCapture:1]]
[2025.07.10-13.01.29:580][  0]LogConfig: Applying CVar settings from Section [FoliageQuality@3] File [D:/Games/NatureReserve/NatureReserve/Saved/Config/Windows/Scalability.ini]
[2025.07.10-13.01.29:580][  0]LogConfig: Setting CVar [[foliage.DensityScale:1.0]]
[2025.07.10-13.01.29:580][  0]LogConfig: Setting CVar [[grass.DensityScale:1.0]]
[2025.07.10-13.01.29:580][  0]LogConfig: Applying CVar settings from Section [ShadingQuality@3] File [D:/Games/NatureReserve/NatureReserve/Saved/Config/Windows/Scalability.ini]
[2025.07.10-13.01.29:580][  0]LogConfig: Setting CVar [[r.HairStrands.SkyLighting.IntegrationType:2]]
[2025.07.10-13.01.29:580][  0]LogConfig: Setting CVar [[r.HairStrands.SkyAO.SampleCount:4]]
[2025.07.10-13.01.29:580][  0]LogConfig: Setting CVar [[r.HairStrands.Visibility.MSAA.SamplePerPixel:4]]
[2025.07.10-13.01.29:580][  0]LogConfig: Applying CVar settings from Section [Startup] File [../../../Engine/Config/ConsoleVariables.ini]
[2025.07.10-13.01.29:580][  0]LogConfig: Setting CVar [[net.UseAdaptiveNetUpdateFrequency:0]]
[2025.07.10-13.01.29:580][  0]LogConfig: Setting CVar [[p.chaos.AllowCreatePhysxBodies:1]]
[2025.07.10-13.01.29:580][  0]LogConfig: Setting CVar [[fx.SkipVectorVMBackendOptimizations:1]]
[2025.07.10-13.01.29:580][  0]LogConfig: Applying CVar settings from Section [ConsoleVariables] File [D:/Games/NatureReserve/NatureReserve/Saved/Config/Windows/Engine.ini]
[2025.07.10-13.01.29:580][  0]LogConfig: Applying CVar settings from Section [ConsoleVariables] File [D:/Games/NatureReserve/NatureReserve/Saved/Config/Windows/Editor.ini]
[2025.07.10-13.01.29:580][  0]LogInit: Computer: DESKTOP-1LRC8FL
[2025.07.10-13.01.29:580][  0]LogInit: User: keyho
[2025.07.10-13.01.29:580][  0]LogInit: CPU Page size=4096, Cores=8
[2025.07.10-13.01.29:580][  0]LogInit: High frequency timer resolution =10.000000 MHz
[2025.07.10-13.01.29:580][  0]LogMemory: Memory total: Physical=15.9GB (16GB approx)
[2025.07.10-13.01.29:580][  0]LogMemory: Platform Memory Stats for Windows
[2025.07.10-13.01.29:580][  0]LogMemory: Process Physical Memory: 147.06 MB used, 147.07 MB peak
[2025.07.10-13.01.29:580][  0]LogMemory: Process Virtual Memory: 130.96 MB used, 130.96 MB peak
[2025.07.10-13.01.29:580][  0]LogMemory: Physical Memory: 6942.69 MB used,  9369.87 MB free, 16312.56 MB total
[2025.07.10-13.01.29:580][  0]LogMemory: Virtual Memory: 134208304.00 MB used,  9425.05 MB free, 134217728.00 MB total
[2025.07.10-13.01.29:584][  0]LogWindows: WindowsPlatformFeatures enabled
[2025.07.10-13.01.29:612][  0]LogInit: Physics initialised using underlying interface: PhysX
[2025.07.10-13.01.29:612][  0]LogInit: Using OS detected language (en-GB).
[2025.07.10-13.01.29:612][  0]LogInit: Using OS detected locale (en-GB).
[2025.07.10-13.01.29:616][  0]LogTextLocalizationManager: No specific localization for 'en-GB' exists, so the 'en' localization will be used.
[2025.07.10-13.01.29:753][  0]LogInit: Setting process to per monitor DPI aware
[2025.07.10-13.01.29:767][  0]LogWindowsTextInputMethodSystem: Display: IME system deactivated.
[2025.07.10-13.01.29:809][  0]LogSlate: New Slate User Created.  User Index 0, Is Virtual User: 0
[2025.07.10-13.01.29:809][  0]LogSlate: Slate User Registered.  User Index 0, Is Virtual User: 0
[2025.07.10-13.01.29:913][  0]LogD3D11RHI: Loaded GFSDK_Aftermath_Lib.x64.dll
[2025.07.10-13.01.29:914][  0]LogHMD: Failed to initialize OpenVR with code 100
[2025.07.10-13.01.29:914][  0]LogD3D11RHI: D3D11 min allowed feature level: 11_0
[2025.07.10-13.01.29:914][  0]LogD3D11RHI: D3D11 max allowed feature level: 11_0
[2025.07.10-13.01.29:914][  0]LogD3D11RHI: D3D11 adapters:
[2025.07.10-13.01.30:046][  0]LogD3D11RHI:    0. 'NVIDIA GeForce RTX 3060' (Feature Level 11_0)
[2025.07.10-13.01.30:046][  0]LogD3D11RHI:       12115/0/8156 MB DedicatedVideo/DedicatedSystem/SharedSystem, Outputs:2, VendorId:0x10de
[2025.07.10-13.01.30:047][  0]LogD3D11RHI:    1. 'Microsoft Basic Render Driver' (Feature Level 11_0)
[2025.07.10-13.01.30:047][  0]LogD3D11RHI:       0/0/8156 MB DedicatedVideo/DedicatedSystem/SharedSystem, Outputs:0, VendorId:0x1414
[2025.07.10-13.01.30:047][  0]LogD3D11RHI: Chosen D3D11 Adapter:
[2025.07.10-13.01.30:047][  0]LogD3D11RHI:     Description : NVIDIA GeForce RTX 3060
[2025.07.10-13.01.30:047][  0]LogD3D11RHI:     VendorId    : 10de
[2025.07.10-13.01.30:047][  0]LogD3D11RHI:     DeviceId    : 2503
[2025.07.10-13.01.30:047][  0]LogD3D11RHI:     SubSysId    : 39031462
[2025.07.10-13.01.30:047][  0]LogD3D11RHI:     Revision    : 00a1
[2025.07.10-13.01.30:047][  0]LogD3D11RHI:     DedicatedVideoMemory : 12703498240 bytes
[2025.07.10-13.01.30:047][  0]LogD3D11RHI:     DedicatedSystemMemory : 0 bytes
[2025.07.10-13.01.30:047][  0]LogD3D11RHI:     SharedSystemMemory : 8552478720 bytes
[2025.07.10-13.01.30:047][  0]LogD3D11RHI:     AdapterLuid : 0 50148
[2025.07.10-13.01.30:051][  0]LogD3D11RHI: Creating new Direct3DDevice
[2025.07.10-13.01.30:051][  0]LogD3D11RHI:     GPU DeviceId: 0x2503 (for the marketing name, search the web for "GPU Device Id")
[2025.07.10-13.01.30:051][  0]LogWindows: EnumDisplayDevices:
[2025.07.10-13.01.30:051][  0]LogWindows:    0. 'NVIDIA GeForce RTX 3060' (P:0 D:1)
[2025.07.10-13.01.30:051][  0]LogWindows:    1. 'NVIDIA GeForce RTX 3060' (P:1 D:1)
[2025.07.10-13.01.30:051][  0]LogWindows:    2. 'NVIDIA GeForce RTX 3060' (P:0 D:0)
[2025.07.10-13.01.30:051][  0]LogWindows:    3. 'NVIDIA GeForce RTX 3060' (P:0 D:0)
[2025.07.10-13.01.30:051][  0]LogWindows: DebugString: FoundDriverCount:4 
[2025.07.10-13.01.30:051][  0]LogD3D11RHI:     Adapter Name: NVIDIA GeForce RTX 3060
[2025.07.10-13.01.30:051][  0]LogD3D11RHI:   Driver Version: 560.94 (internal:32.0.15.6094, unified:560.94)
[2025.07.10-13.01.30:051][  0]LogD3D11RHI:      Driver Date: 8-14-2024
[2025.07.10-13.01.30:051][  0]LogRHI: Texture pool is 8480 MB (70% of 12115 MB)
[2025.07.10-13.01.30:051][  0]LogD3D11RHI: Creating D3DDevice using adapter:
[2025.07.10-13.01.30:051][  0]LogD3D11RHI:     Description : NVIDIA GeForce RTX 3060
[2025.07.10-13.01.30:051][  0]LogD3D11RHI:     VendorId    : 10de
[2025.07.10-13.01.30:051][  0]LogD3D11RHI:     DeviceId    : 2503
[2025.07.10-13.01.30:051][  0]LogD3D11RHI:     SubSysId    : 39031462
[2025.07.10-13.01.30:051][  0]LogD3D11RHI:     Revision    : 00a1
[2025.07.10-13.01.30:051][  0]LogD3D11RHI:     DedicatedVideoMemory : 12703498240 bytes
[2025.07.10-13.01.30:051][  0]LogD3D11RHI:     DedicatedSystemMemory : 0 bytes
[2025.07.10-13.01.30:051][  0]LogD3D11RHI:     SharedSystemMemory : 8552478720 bytes
[2025.07.10-13.01.30:051][  0]LogD3D11RHI:     AdapterLuid : 0 50148
[2025.07.10-13.01.30:149][  0]LogD3D11RHI: RHI has support for 64 bit atomics
[2025.07.10-13.01.30:150][  0]LogD3D11RHI: Async texture creation enabled
[2025.07.10-13.01.30:150][  0]LogD3D11RHI: Array index from any shader is supported
[2025.07.10-13.01.30:163][  0]LogD3D11RHI: GPU Timing Frequency: 1000.000000 (Debug: 2 1)
[2025.07.10-13.01.30:193][  0]LogRHI: GeForceNow SDK initialized: 1
[2025.07.10-13.01.30:418][  0]LogTargetPlatformManager: Display: Loaded TargetPlatform 'AllDesktop'
[2025.07.10-13.01.30:442][  0]LogTargetPlatformManager: Display: Loaded TargetPlatform 'Android'
[2025.07.10-13.01.30:442][  0]LogTargetPlatformManager: Display: Loaded TargetPlatform 'Android_ASTC'
[2025.07.10-13.01.30:442][  0]LogTargetPlatformManager: Display: Loaded TargetPlatform 'Android_DXT'
[2025.07.10-13.01.30:442][  0]LogTargetPlatformManager: Display: Loaded TargetPlatform 'Android_ETC2'
[2025.07.10-13.01.30:442][  0]LogTargetPlatformManager: Display: Loaded TargetPlatform 'AndroidClient'
[2025.07.10-13.01.30:442][  0]LogTargetPlatformManager: Display: Loaded TargetPlatform 'Android_ASTCClient'
[2025.07.10-13.01.30:442][  0]LogTargetPlatformManager: Display: Loaded TargetPlatform 'Android_DXTClient'
[2025.07.10-13.01.30:442][  0]LogTargetPlatformManager: Display: Loaded TargetPlatform 'Android_ETC2Client'
[2025.07.10-13.01.30:442][  0]LogTargetPlatformManager: Display: Loaded TargetPlatform 'Android_Multi'
[2025.07.10-13.01.30:442][  0]LogTargetPlatformManager: Display: Loaded TargetPlatform 'Android_MultiClient'
[2025.07.10-13.01.30:456][  0]LogTargetPlatformManager: Display: Loaded TargetPlatform 'IOSClient'
[2025.07.10-13.01.30:456][  0]LogTargetPlatformManager: Display: Loaded TargetPlatform 'IOS'
[2025.07.10-13.01.30:463][  0]LogTargetPlatformManager: Display: Loaded TargetPlatform 'Linux'
[2025.07.10-13.01.30:466][  0]LogTargetPlatformManager: Display: Loaded TargetPlatform 'LinuxNoEditor'
[2025.07.10-13.01.30:469][  0]LogTargetPlatformManager: Display: Loaded TargetPlatform 'LinuxClient'
[2025.07.10-13.01.30:472][  0]LogTargetPlatformManager: Display: Loaded TargetPlatform 'LinuxServer'
[2025.07.10-13.01.30:478][  0]LogTargetPlatformManager: Display: Loaded TargetPlatform 'LinuxAArch64NoEditor'
[2025.07.10-13.01.30:481][  0]LogTargetPlatformManager: Display: Loaded TargetPlatform 'LinuxAArch64Client'
[2025.07.10-13.01.30:484][  0]LogTargetPlatformManager: Display: Loaded TargetPlatform 'LinuxAArch64Server'
[2025.07.10-13.01.30:501][  0]LogTargetPlatformManager: Display: Loaded TargetPlatform 'Lumin'
[2025.07.10-13.01.30:501][  0]LogTargetPlatformManager: Display: Loaded TargetPlatform 'LuminClient'
[2025.07.10-13.01.30:507][  0]LogTargetPlatformManager: Display: Loaded TargetPlatform 'MacNoEditor'
[2025.07.10-13.01.30:509][  0]LogTargetPlatformManager: Display: Loaded TargetPlatform 'Mac'
[2025.07.10-13.01.30:512][  0]LogTargetPlatformManager: Display: Loaded TargetPlatform 'MacClient'
[2025.07.10-13.01.30:515][  0]LogTargetPlatformManager: Display: Loaded TargetPlatform 'MacServer'
[2025.07.10-13.01.30:522][  0]LogTargetPlatformManager: Display: Loaded TargetPlatform 'TVOSClient'
[2025.07.10-13.01.30:522][  0]LogTargetPlatformManager: Display: Loaded TargetPlatform 'TVOS'
[2025.07.10-13.01.30:528][  0]LogTargetPlatformManager: Display: Loaded TargetPlatform 'WindowsNoEditor'
[2025.07.10-13.01.30:531][  0]LogTargetPlatformManager: Display: Loaded TargetPlatform 'Windows'
[2025.07.10-13.01.30:535][  0]LogTargetPlatformManager: Display: Loaded TargetPlatform 'WindowsClient'
[2025.07.10-13.01.30:538][  0]LogTargetPlatformManager: Display: Loaded TargetPlatform 'WindowsServer'
[2025.07.10-13.01.30:538][  0]LogTargetPlatformManager: Display: Building Assets For Windows
[2025.07.10-13.01.30:543][  0]LogAudioDebug: Display: Lib vorbis DLL was dynamically loaded.
[2025.07.10-13.01.30:570][  0]LogTextureFormatOodle: Display: Oodle Texture 2.9.0 init RDO Off
[2025.07.10-13.01.30:591][  0]LogRendererCore: Ray tracing is disabled. Reason: r.RayTracing=0.
[2025.07.10-13.01.30:591][  0]LogShaderCompilers: Guid format shader working directory is 10 characters bigger than the processId version (D:/Games/NatureReserve/NatureReserve/Intermediate/Shaders/WorkingDirectory/7624/).
[2025.07.10-13.01.30:591][  0]LogShaderCompilers: Cleaned the shader compiler working directory 'C:/Users/keyho/AppData/Local/Temp/UnrealShaderWorkingDir/5A0C2A1B4F212F02C401FB886BDC34A5/'.
[2025.07.10-13.01.30:591][  0]LogXGEController: Cannot use XGE Controller as Incredibuild is not installed on this machine.
[2025.07.10-13.01.30:591][  0]LogShaderCompilers: Cannot use XGE Shader Compiler as Incredibuild is not installed on this machine.
[2025.07.10-13.01.30:591][  0]LogShaderCompilers: Display: Using Local Shader Compiler.
[2025.07.10-13.01.31:179][  0]LogDerivedDataCache: Display: Max Cache Size: 512 MB
[2025.07.10-13.01.31:225][  0]LogDerivedDataCache: Loaded boot cache 0.05s 94MB C:/Users/keyho/AppData/Local/UnrealEngine/4.27/DerivedDataCache/Boot.ddc.
[2025.07.10-13.01.31:225][  0]LogDerivedDataCache: Display: Loaded Boot cache: C:/Users/keyho/AppData/Local/UnrealEngine/4.27/DerivedDataCache/Boot.ddc
[2025.07.10-13.01.31:225][  0]LogDerivedDataCache: FDerivedDataBackendGraph:  Pak pak cache file D:/Games/NatureReserve/NatureReserve/DerivedDataCache/DDC.ddp not found, will not use a pak cache.
[2025.07.10-13.01.31:225][  0]LogDerivedDataCache: Unable to find inner node Pak for hierarchical cache Hierarchy.
[2025.07.10-13.01.31:225][  0]LogDerivedDataCache: FDerivedDataBackendGraph:  CompressedPak pak cache file D:/Games/NatureReserve/NatureReserve/DerivedDataCache/Compressed.ddp not found, will not use a pak cache.
[2025.07.10-13.01.31:225][  0]LogDerivedDataCache: Unable to find inner node CompressedPak for hierarchical cache Hierarchy.
[2025.07.10-13.01.31:238][  0]LogDerivedDataCache: Display: Pak cache opened for reading ../../../Engine/DerivedDataCache/Compressed.ddp.
[2025.07.10-13.01.31:238][  0]LogDerivedDataCache: FDerivedDataBackendGraph:  EnterprisePak pak cache file ../../../Enterprise/DerivedDataCache/Compressed.ddp not found, will not use a pak cache.
[2025.07.10-13.01.31:238][  0]LogDerivedDataCache: Unable to find inner node EnterprisePak for hierarchical cache Hierarchy.
[2025.07.10-13.01.31:244][  0]LogDerivedDataCache: Speed tests for C:/Users/keyho/AppData/Local/UnrealEngine/Common/DerivedDataCache took 0.01 seconds
[2025.07.10-13.01.31:244][  0]LogDerivedDataCache: Display: Performance to C:/Users/keyho/AppData/Local/UnrealEngine/Common/DerivedDataCache: Latency=0.03ms. RandomReadSpeed=1495.64MBs, RandomWriteSpeed=191.08MBs. Assigned SpeedClass 'Local'
[2025.07.10-13.01.31:244][  0]LogDerivedDataCache: Using Local data cache path C:/Users/keyho/AppData/Local/UnrealEngine/Common/DerivedDataCache: Writable
[2025.07.10-13.01.31:245][  0]LogDerivedDataCache: Shared data cache path not found in *engine.ini, will not use an Shared cache.
[2025.07.10-13.01.31:245][  0]LogDerivedDataCache: Unable to find inner node Shared for hierarchical cache Hierarchy.
[2025.07.10-13.01.31:283][  0]LogSlate: Using FreeType 2.10.0
[2025.07.10-13.01.31:284][  0]LogSlate: SlateFontServices - WITH_FREETYPE: 1, WITH_HARFBUZZ: 1
[2025.07.10-13.01.31:302][  0]LogAssetRegistry: FAssetRegistry took 0.0020 seconds to start up
[2025.07.10-13.01.31:473][  0]LogInit: Selected Device Profile: [Windows]
[2025.07.10-13.01.31:473][  0]LogInit: Active device profile: [000001545EF2FD00][000001545E06D740 49] Windows
[2025.07.10-13.01.31:473][  0]LogInit: Profiles: [000001545EF2FD00][000001545E06D740 49] Windows, [000001545EEEC400][000001545E0758C0 49] WindowsNoEditor, [000001545EF2C400][000001545E079A40 49] WindowsServer, [000001545EEEF600][000001545E07DBC0 49] WindowsClient, [000001545EF2F500][000001545E0801C0 49] IOS, [000001545EEECE00][000001545E084340 49] iPadAir, [000001545EF2CD00][000001545E0884C0 49] iPadAir2, [000001545EEB0500][000001545E08C700 49] IPadPro, [000001545EEB0600][000001545E070740 49] iPadAir3, [000001545EF2EE00][000001545E090880 49] iPadAir4, [000001545EEB3A00][000001545E0949C0 49] iPadMini2, [000001545EF2D200][000001545E09CB40 49] iPadMini3, [000001545EEB1500][000001545E0A0CC0 49] iPadMini4, [000001545EF2E600][000001545E0A4E40 49] iPadMini5, [000001545EEA3D00][000001545E0AD100 49] iPhone6, [000001545EEA3E00][000001545E0A9140 49] iPodTouch6, [000001545EEB3300][000001545E0B5400 49] iPhone7, [000001545EEB3400][000001545E0B1440 49] iPodTouch7, [000001545EEA0900][000001545E0B95C0 49] iPhone5S, [000001545EEB2900][000001545E0BD740 49] iPhone6Plus, [000001545EEA3000][000001545E0C18C0 49] iPhone6S, [000001545EEB3C00][000001545E0C5A40 49] iPhone6SPlus, [000001545EEA1100][000001545E0C9BC0 49] iPhone7Plus, [000001545EEB2600][000001545E0CC1C0 49] iPhoneSE, [000001545EEA2800][000001545E0D0340 49] iPhone8, [000001545EEB1A00][000001545E0D44C0 49] iPhone8Plus, [000001545EEA1900][000001545E0D8640 49] iPhoneX, [000001545EEB0100][000001545E098780 49] iPhoneXS, [000001545EEA3B00][000001545E0DC8C0 49] iPhoneXSMax, [000001545EEB3100][000001545E0E0A00 49] iPhoneXR, [000001545EEA1D00][000001545E0E4B40 49] iPhone11, [000001545EEB0E00][000001545E0ECCC0 49] iPhone11Pro, [000001545EEA3C00][000001545E0F0E40 49] iPhone11ProMax, [000001545EEB3200][000001545E0F4FC0 49] iPhoneSE2, [000001545EEA0600][000001545E0F9140 49] iPhone12Mini, [000001545EEB2300][000001545E0FD2C0 49] iPhone12, [000001545EEA1C00][000001545E101440 49] iPhone12Pro, [000001545EEB0200][000001545E1055C0 49] iPhone12ProMax, [000001545EEA0F00][000001545E109740 49] iPadPro105, [000001545EEB2500][000001545E10D8C0 49] iPadPro129, [000001545EEA2500][000001545E111A40 49] iPadPro97, [000001545EEB1400][000001545E115BC0 49] iPadPro2_129, [000001545EEA2200][000001545E1181C0 49] iPad5, [000001545EEB1C00][000001545E11C340 49] iPad6, [000001545EEA1B00][000001545E1204C0 49] iPad7, [000001545EEB3D00][000001545E124640 49] iPad8, [000001545EEA1E00][000001545E1307C0 49] iPadPro11, [000001545EEB2B00][000001545E134940 49] iPadPro2_11, [000001545EEA2D00][000001545E0E8A80 49] iPadPro3_129, [000001545EEB1300][000001545E138BC0 49] iPadPro4_129, [000001545EEA2300][000001545E13CD00 49] AppleTV, [000001545EEB1700][000001545F154E80 49] AppleTV4K, [000001545EEA1200][000001545F159000 49] TVOS, [000001545EEB2100][000001545F15D180 49] Mac, [000001545EEA0A00][000001545F161300 49] MacClient, [000001545EEB0900][000001545F165480 49] MacNoEditor, [000001545EEA0700][000001545F169600 49] MacServer, [000001545EEB3600][000001545F16D780 49] Linux, [000001545EEA2F00][000001545F175900 49] LinuxAArch64, [000001545EEB3E00][000001545F179A80 49] LinuxNoEditor, [000001545EEA1500][000001545F17DC00 49] LinuxAArch64NoEditor, [000001545EEB3F00][000001545F188200 49] LinuxClient, [000001545EEA3700][000001545F18C380 49] LinuxAArch64Client, [000001545EEB0B00][000001545F198500 49] LinuxServer, [000001545EEA1300][000001545F19C680 49] LinuxAArch64Server, [000001545EEB2700][000001545F1A4800 49] Android, [000001545EEEF400][000001545F1D0980 49] Android_Low, [000001545EF6C800][000001545F200B00 49] Android_Mid, [000001545EEEED00][000001545F150C40 49] Android_High, [000001545EF6CA00][000001545F204D80 49] Android_Default, [000001545EEECA00][000001545F208EC0 49] Android_Adreno4xx, [000001545EF6C600][000001545F211040 49] Android_Adreno5xx_Low, [000001545EEEEB00][000001545F2151C0 49] Android_Adreno5xx, [000001545EF6CF00][000001545F219340 49] Android_Adreno6xx, [000001545EEED000][000001545F21D4C0 49] Android_Adreno6xx_Vulkan, [000001545EF6E000][000001545F225640 49] Android_Mali_T6xx, [000001545EEEDD00][000001545F2297C0 49] Android_Mali_T7xx, [000001545EF6E200][000001545F235940 49] Android_Mali_T8xx, [000001545EEEFB00][000001545F241AC0 49] Android_Mali_G71, [000001545EF6D100][000001545F2660C0 49] Android_Mali_G72, [000001545EEED600][000001545F280240 49] Android_Mali_G72_Vulkan, [000001545EF6D800][000001545F2843C0 49] Android_Mali_G76, [000001545EEEC600][000001545F288540 49] Android_Mali_G76_Vulkan, [000001545EF6E600][000001545F28C6C0 49] Android_Mali_G77, [000001545EEEE100][000001545F290840 49] Android_Mali_G77_Vulkan, [000001545EF6D200][000001545F2E89C0 49] Android_Mali_G78, [000001545EEEC900][000001545F350B40 49] Android_Mali_G78_Vulkan, [000001545EF6E100][000001545F354CC0 49] Android_Mali_G710, [000001545EEEF300][000001545F20CE00 49] Android_Mali_G710_Vulkan, [000001545EF6DF00][000001545F3D2F40 49] Android_Vulkan_SM5, [000001545EEEF700][000001545F3D7080 49] Android_PowerVR_G6xxx, [000001545EF6DC00][000001545F3DB1C0 49] Android_PowerVR_GT7xxx, [000001545EEEE500][000001545F3E3340 49] Android_PowerVR_GE8xxx, [000001545EF6D900][000001545F3E74C0 49] Android_PowerVR_GM9xxx, [000001545EEB2E00][000001545F3EB640 49] Android_PowerVR_GM9xxx_Vulkan, [000001545EF6E300][000001545F3EF7C0 49] Android_TegraK1, [000001545EEB1F00][000001545F3F3940 49] Android_Unknown_Vulkan, [000001545EF6CB00][000001545F3F7AC0 49] Lumin, [000001545EEB3700][000001545F3FA0C0 49] Lumin_Desktop, [000001545EF6C100][000001545F3FE240 49] HoloLens, 
[2025.07.10-13.01.31:568][  0]LogMeshReduction: Using QuadricMeshReduction for automatic static mesh reduction
[2025.07.10-13.01.31:568][  0]LogMeshReduction: Using SimplygonMeshReduction for automatic skeletal mesh reduction
[2025.07.10-13.01.31:568][  0]LogMeshReduction: Using ProxyLODMeshReduction for automatic mesh merging
[2025.07.10-13.01.31:568][  0]LogMeshReduction: No distributed automatic mesh merging module available
[2025.07.10-13.01.31:568][  0]LogMeshMerging: No distributed automatic mesh merging module available
[2025.07.10-13.01.31:582][  0]LogNetVersion: NatureReserve 1.0.0, NetCL: 17155196, EngineNetVer: 17, GameNetVer: 0 (Checksum: 1852848032)
[2025.07.10-13.01.31:888][  0]LogTexture: Default maximum texture size for cubemaps generated from long-lat sources has been changed from 512 to unlimited. In order to preserve old behaiour for '/Engine/MapTemplates/Sky/DaylightAmbientCubemap.DaylightAmbientCubemap', its maximum texture size has been explicitly set to 512.
[2025.07.10-13.01.31:930][  0]LogHMD: PokeAHoleMaterial loaded successfully
[2025.07.10-13.01.31:934][  0]LogUObjectArray: 17178 objects as part of root set at end of initial load.
[2025.07.10-13.01.31:934][  0]LogUObjectAllocator: 4302048 out of 0 bytes used by permanent object pool.
[2025.07.10-13.01.31:934][  0]LogUObjectArray: CloseDisregardForGC: 0/0 objects in disregard for GC pool
[2025.07.10-13.01.32:104][  0]LogPython: Using Python 3.7.7
[2025.07.10-13.01.32:491][  0]LogNiagaraDebuggerClient: Niagara Debugger Client Initialized | Session: 71815B274E443740D7937882AF0AF4F4 | Instance: 1A82A4D1481AD2C8F462C187466988F8 (DESKTOP-1LRC8FL-7624).
[2025.07.10-13.01.32:599][  0]LogTcpMessaging: Initializing TcpMessaging bridge
[2025.07.10-13.01.32:603][  0]LogUdpMessaging: Initializing bridge on interface 0.0.0.0:0 to multicast group 230.0.0.1:6666.
[2025.07.10-13.01.32:849][  0]LogOpenImageDenoise: OIDN starting up
[2025.07.10-13.01.32:894][  0]LogAndroidPermission: UAndroidPermissionCallbackProxy::GetInstance
[2025.07.10-13.01.32:901][  0]LogAudioCaptureCore: Display: No Audio Capture implementations found. Audio input will be silent.
[2025.07.10-13.01.32:901][  0]LogAudioCaptureCore: Display: No Audio Capture implementations found. Audio input will be silent.
[2025.07.10-13.01.33:009][  0]SourceControl: Source control is disabled
[2025.07.10-13.01.33:009][  0]SourceControl: Source control is disabled
[2025.07.10-13.01.33:011][  0]SourceControl: Source control is disabled
[2025.07.10-13.01.33:013][  0]SourceControl: Source control is disabled
[2025.07.10-13.01.33:018][  0]LogUProjectInfo: Found projects:
[2025.07.10-13.01.33:025][  0]SourceControl: Source control is disabled
[2025.07.10-13.01.33:031][  0]LogCollectionManager: Loaded 0 collections in 0.001046 seconds
[2025.07.10-13.01.33:049][  0]LogFileCache: Scanning file cache for directory 'D:/Games/NatureReserve/NatureReserve/Saved/Collections/' took 0.00s
[2025.07.10-13.01.33:049][  0]LogFileCache: Scanning file cache for directory 'D:/Games/NatureReserve/NatureReserve/Content/Developers/keyho/Collections/' took 0.00s
[2025.07.10-13.01.33:049][  0]LogFileCache: Scanning file cache for directory 'D:/Games/NatureReserve/NatureReserve/Content/Collections/' took 0.00s
[2025.07.10-13.01.33:049][  0]LogOcInput: OculusInput pre-init called
[2025.07.10-13.01.33:263][  0]LogEngine: Initializing Engine...
[2025.07.10-13.01.33:272][  0]LogHMD: Failed to enumerate extensions. Please check that you have a valid OpenXR runtime installed.
[2025.07.10-13.01.33:272][  0]LogHMD: Failed to initialize OpenVR with code 100
[2025.07.10-13.01.33:272][  0]LogMagicLeap: Warning: VR disabled because ZI is not enabled.  To enable, in the editor, Edit -> Project Settings -> Plugins -> Magic Leap Plugin -> Enable Zero Iteration
[2025.07.10-13.01.33:273][  0]LogStats: UGameplayTagsManager::InitializeManager -  0.000 s
[2025.07.10-13.01.33:369][  0]LogInit: Initializing FReadOnlyCVARCache
[2025.07.10-13.01.33:378][  0]LogAIModule: Creating AISystem for world Untitled
[2025.07.10-13.01.33:378][  0]LogAudio: Display: Initializing Audio Device Manager...
[2025.07.10-13.01.33:381][  0]LogAudio: Display: Loading Default Audio Settings Objects...
[2025.07.10-13.01.33:381][  0]LogAudio: Display: No default SoundConcurrencyObject specified (or failed to load).
[2025.07.10-13.01.33:381][  0]LogAudio: Display: Audio Device Manager Initialized
[2025.07.10-13.01.33:381][  0]LogAudio: Display: Creating Audio Device:                 Id: 1, Scope: Shared, Realtime: True
[2025.07.10-13.01.33:382][  0]LogAudioMixer: Display: Audio Mixer Platform Settings:
[2025.07.10-13.01.33:382][  0]LogAudioMixer: Display: 	Sample Rate:						  48000
[2025.07.10-13.01.33:382][  0]LogAudioMixer: Display: 	Callback Buffer Frame Size Requested: 1024
[2025.07.10-13.01.33:382][  0]LogAudioMixer: Display: 	Callback Buffer Frame Size To Use:	  1024
[2025.07.10-13.01.33:382][  0]LogAudioMixer: Display: 	Number of buffers to queue:			  2
[2025.07.10-13.01.33:382][  0]LogAudioMixer: Display: 	Max Channels (voices):				  32
[2025.07.10-13.01.33:382][  0]LogAudioMixer: Display: 	Number of Async Source Workers:		  0
[2025.07.10-13.01.33:382][  0]LogAudio: Display: AudioDevice MaxSources: 32
[2025.07.10-13.01.33:382][  0]LogAudio: Display: Audio Spatialization Plugin: None (built-in).
[2025.07.10-13.01.33:382][  0]LogAudio: Display: Audio Reverb Plugin: None (built-in).
[2025.07.10-13.01.33:382][  0]LogAudio: Display: Audio Occlusion Plugin: None (built-in).
[2025.07.10-13.01.33:382][  0]LogAudioMixer: Display: Initializing audio mixer.
[2025.07.10-13.01.33:391][  0]LogAudioMixer: Display: 0: FrontLeft
[2025.07.10-13.01.33:391][  0]LogAudioMixer: Display: 1: FrontRight
[2025.07.10-13.01.33:403][  0]LogAudioMixer: Display: Using Audio Device  32_LCD_TV (NVIDIA High Definition Audio)
[2025.07.10-13.01.33:407][  0]LogAudioMixer: Display: Initializing Sound Submixes...
[2025.07.10-13.01.33:408][  0]LogAudioMixer: Display: Creating Master Submix 'MasterSubmixDefault'
[2025.07.10-13.01.33:408][  0]LogAudioMixer: Display: Creating Master Submix 'MasterReverbSubmixDefault'
[2025.07.10-13.01.33:409][  0]LogAudioMixer: Display: Creating Master Submix 'MasterEQSubmixDefault'
[2025.07.10-13.01.33:409][  0]LogAudioMixer: FMixerPlatformXAudio2::StartAudioStream() called
[2025.07.10-13.01.33:409][  0]LogAudioMixer: Display: Output buffers initialized: Frames=1024, Channels=2, Samples=2048
[2025.07.10-13.01.33:410][  0]LogAudioMixer: Display: Starting AudioMixerPlatformInterface::RunInternal()
[2025.07.10-13.01.33:410][  0]LogAudioMixer: Display: FMixerPlatformXAudio2::SubmitBuffer() called for the first time
[2025.07.10-13.01.33:410][  0]LogInit: FAudioDevice initialized.
[2025.07.10-13.01.33:410][  0]LogAudio: Display: Audio Device (ID: 1) registered with world 'Untitled'.
[2025.07.10-13.01.33:410][  0]LogNetVersion: Set ProjectVersion to 1.0.0.0. Version Checksum will be recalculated on next use.
[2025.07.10-13.01.33:450][  0]LogDerivedDataCache: Saved boot cache 0.04s 94MB C:/Users/keyho/AppData/Local/UnrealEngine/4.27/DerivedDataCache/Boot.ddc.
[2025.07.10-13.01.33:451][  0]LogInit: Texture streaming: Enabled
[2025.07.10-13.01.33:460][  0]LogAnalytics: Display: [UEEditor.Rocket.Release] APIServer = https://datarouter.ol.epicgames.com/. AppVersion = 4.27.2-18319896+++UE4+Release-4.27
[2025.07.10-13.01.33:462][  0]LogEngineSessionManager: EngineSessionManager initialized
[2025.07.10-13.01.33:462][  0]LogEditorSessionSummary: Verbose: Initializing EditorSessionSummaryWriter for editor session tracking
[2025.07.10-13.01.33:463][  0]LogEditorSessionSummary: EditorSessionSummaryWriter initialized
[2025.07.10-13.01.33:479][  0]LogInit: Transaction tracking system initialized
[2025.07.10-13.01.33:495][  0]BlueprintLog: New page: Editor Load
[2025.07.10-13.01.33:536][  0]LocalizationService: Localization service is disabled
[2025.07.10-13.01.33:551][  0]TimingProfiler: Initialize
[2025.07.10-13.01.33:551][  0]TimingProfiler: OnSessionChanged
[2025.07.10-13.01.33:551][  0]LoadingProfiler: Initialize
[2025.07.10-13.01.33:551][  0]LoadingProfiler: OnSessionChanged
[2025.07.10-13.01.33:551][  0]NetworkingProfiler: Initialize
[2025.07.10-13.01.33:551][  0]NetworkingProfiler: OnSessionChanged
[2025.07.10-13.01.33:551][  0]MemoryProfiler: Initialize
[2025.07.10-13.01.33:551][  0]MemoryProfiler: OnSessionChanged
[2025.07.10-13.01.33:680][  0]LogCook: Display: CookSettings for Memory: MemoryMaxUsedVirtual 0MiB, MemoryMaxUsedPhysical 16384MiB, MemoryMinFreeVirtual 0MiB, MemoryMinFreePhysical 1024MiB
[2025.07.10-13.01.33:680][  0]LogCook: Display: Mobile HDR setting 1
[2025.07.10-13.01.33:809][  0]LogFileCache: Scanning file cache for directory 'D:/Games/NatureReserve/NatureReserve/Content/' took 0.01s
[2025.07.10-13.01.33:965][  0]LogInit: Display: Engine is initialized. Leaving FEngineLoop::Init()
[2025.07.10-13.01.33:967][  0]SourceControl: Source control is disabled
[2025.07.10-13.01.33:967][  0]LogUnrealEdMisc: Loading editor; pre map load, took 5.341
[2025.07.10-13.01.33:967][  0]Cmd: MAP LOAD FILE="D:/Games/NatureReserve/NatureReserve/Content/ThirdPersonBP/Maps/ThirdPersonExampleMap.umap" TEMPLATE=0 SHOWPROGRESS=1 FEATURELEVEL=3
[2025.07.10-13.01.33:967][  0]LightingResults: New page: Lighting Build
[2025.07.10-13.01.33:968][  0]LogWorld: UWorld::CleanupWorld for Untitled, bSessionEnded=true, bCleanupResources=true
[2025.07.10-13.01.33:968][  0]LogSlate: InvalidateAllWidgets triggered.  All widgets were invalidated
[2025.07.10-13.01.33:969][  0]MapCheck: New page: Map Check
[2025.07.10-13.01.33:969][  0]LightingResults: New page: Lighting Build
[2025.07.10-13.01.33:972][  0]LogAudio: Display: Audio Device unregistered from world 'None'.
[2025.07.10-13.01.33:974][  0]LogUObjectHash: Compacting FUObjectHashTables data took   0.63ms
[2025.07.10-13.01.34:772][  0]LogAudio: Display: Audio Device (ID: 1) registered with world 'ThirdPersonExampleMap'.
[2025.07.10-13.01.34:773][  0]LogAIModule: Creating AISystem for world ThirdPersonExampleMap
[2025.07.10-13.01.34:784][  0]LogEditorServer: Finished looking for orphan Actors (0.000 secs)
[2025.07.10-13.01.34:791][  0]LogUObjectHash: Compacting FUObjectHashTables data took   0.65ms
[2025.07.10-13.01.34:792][  0]Cmd: MAP CHECKDEP NOCLEARLOG
[2025.07.10-13.01.34:792][  0]MapCheck: Map check complete: 0 Error(s), 0 Warning(s), took 0.07ms to complete.
[2025.07.10-13.01.34:792][  0]LogFileHelpers: Loading map 'ThirdPersonExampleMap' took 0.825
[2025.07.10-13.01.34:793][  0]LogUnrealEdMisc: Total Editor Startup Time, took 6.168
[2025.07.10-13.01.34:956][  0]LogSlate: Updating window title bar state: overlay mode, drag disabled, window buttons hidden, title bar hidden
[2025.07.10-13.01.34:961][  0]LogSlate: Updating window title bar state: overlay mode, drag disabled, window buttons hidden, title bar hidden
[2025.07.10-13.01.34:965][  0]LogSlate: Updating window title bar state: overlay mode, drag disabled, window buttons hidden, title bar hidden
[2025.07.10-13.01.34:969][  0]LogSlate: Updating window title bar state: overlay mode, drag disabled, window buttons hidden, title bar hidden
[2025.07.10-13.01.34:998][  0]LogNativeClassHierarchy: Verbose: Native class hierarchy populated in 0.0068 seconds. Added 3822 classes and 928 folders.
[2025.07.10-13.01.35:005][  0]LogNativeClassHierarchy: Verbose: Native class hierarchy updated for 'WidgetCarousel' in 0.0002 seconds. Added 0 classes and 0 folders.
[2025.07.10-13.01.35:010][  0]LogPakFile: PakFile PrimaryIndexSize=187
[2025.07.10-13.01.35:010][  0]LogPakFile: PakFile PathHashIndexSize=101
[2025.07.10-13.01.35:010][  0]LogPakFile: PakFile FullDirectoryIndexSize=148
[2025.07.10-13.01.35:010][  0]LogShaderLibrary: Display: ShaderCodeLibraryPakFileMountedCallback: PakFile 'C:/Program Files/Epic Games/UE_4.27/FeaturePacks/FP_FirstPerson.upack' (chunk index -1, root 'root:/') mounted
[2025.07.10-13.01.35:010][  0]LogShaderLibrary: Display: ShaderCodeLibraryPakFileMountedCallback: pending pak file info (ChunkID:-1 Root:root:/ File:C:/Program Files/Epic Games/UE_4.27/FeaturePacks/FP_FirstPerson.upack)
[2025.07.10-13.01.35:010][  0]LogPakFile: OnPakFileMounted2Time == 0.000076
[2025.07.10-13.01.35:012][  0]LogPakFile: PakFile PrimaryIndexSize=189
[2025.07.10-13.01.35:012][  0]LogPakFile: PakFile PathHashIndexSize=101
[2025.07.10-13.01.35:012][  0]LogPakFile: PakFile FullDirectoryIndexSize=152
[2025.07.10-13.01.35:012][  0]LogShaderLibrary: Display: ShaderCodeLibraryPakFileMountedCallback: PakFile 'C:/Program Files/Epic Games/UE_4.27/FeaturePacks/FP_FirstPersonBP.upack' (chunk index -1, root 'root:/') mounted
[2025.07.10-13.01.35:012][  0]LogShaderLibrary: Display: ShaderCodeLibraryPakFileMountedCallback: pending pak file info (ChunkID:-1 Root:root:/ File:C:/Program Files/Epic Games/UE_4.27/FeaturePacks/FP_FirstPersonBP.upack)
[2025.07.10-13.01.35:012][  0]LogPakFile: OnPakFileMounted2Time == 0.000029
[2025.07.10-13.01.35:013][  0]LogPakFile: PakFile PrimaryIndexSize=191
[2025.07.10-13.01.35:013][  0]LogPakFile: PakFile PathHashIndexSize=101
[2025.07.10-13.01.35:013][  0]LogPakFile: PakFile FullDirectoryIndexSize=160
[2025.07.10-13.01.35:013][  0]LogShaderLibrary: Display: ShaderCodeLibraryPakFileMountedCallback: PakFile 'C:/Program Files/Epic Games/UE_4.27/FeaturePacks/MobileStarterContent.upack' (chunk index -1, root 'root:/') mounted
[2025.07.10-13.01.35:013][  0]LogShaderLibrary: Display: ShaderCodeLibraryPakFileMountedCallback: pending pak file info (ChunkID:-1 Root:root:/ File:C:/Program Files/Epic Games/UE_4.27/FeaturePacks/MobileStarterContent.upack)
[2025.07.10-13.01.35:013][  0]LogPakFile: OnPakFileMounted2Time == 0.000025
[2025.07.10-13.01.35:015][  0]LogPakFile: PakFile PrimaryIndexSize=185
[2025.07.10-13.01.35:015][  0]LogPakFile: PakFile PathHashIndexSize=101
[2025.07.10-13.01.35:015][  0]LogPakFile: PakFile FullDirectoryIndexSize=148
[2025.07.10-13.01.35:015][  0]LogShaderLibrary: Display: ShaderCodeLibraryPakFileMountedCallback: PakFile 'C:/Program Files/Epic Games/UE_4.27/FeaturePacks/StarterContent.upack' (chunk index -1, root 'root:/') mounted
[2025.07.10-13.01.35:015][  0]LogShaderLibrary: Display: ShaderCodeLibraryPakFileMountedCallback: pending pak file info (ChunkID:-1 Root:root:/ File:C:/Program Files/Epic Games/UE_4.27/FeaturePacks/StarterContent.upack)
[2025.07.10-13.01.35:015][  0]LogPakFile: OnPakFileMounted2Time == 0.000030
[2025.07.10-13.01.35:017][  0]LogPakFile: PakFile PrimaryIndexSize=190
[2025.07.10-13.01.35:017][  0]LogPakFile: PakFile PathHashIndexSize=101
[2025.07.10-13.01.35:017][  0]LogPakFile: PakFile FullDirectoryIndexSize=154
[2025.07.10-13.01.35:017][  0]LogShaderLibrary: Display: ShaderCodeLibraryPakFileMountedCallback: PakFile 'C:/Program Files/Epic Games/UE_4.27/FeaturePacks/TP_2DSideScroller.upack' (chunk index -1, root 'root:/') mounted
[2025.07.10-13.01.35:017][  0]LogShaderLibrary: Display: ShaderCodeLibraryPakFileMountedCallback: pending pak file info (ChunkID:-1 Root:root:/ File:C:/Program Files/Epic Games/UE_4.27/FeaturePacks/TP_2DSideScroller.upack)
[2025.07.10-13.01.35:017][  0]LogPakFile: OnPakFileMounted2Time == 0.000025
[2025.07.10-13.01.35:018][  0]LogPakFile: PakFile PrimaryIndexSize=192
[2025.07.10-13.01.35:018][  0]LogPakFile: PakFile PathHashIndexSize=101
[2025.07.10-13.01.35:018][  0]LogPakFile: PakFile FullDirectoryIndexSize=158
[2025.07.10-13.01.35:018][  0]LogShaderLibrary: Display: ShaderCodeLibraryPakFileMountedCallback: PakFile 'C:/Program Files/Epic Games/UE_4.27/FeaturePacks/TP_2DSideScrollerBP.upack' (chunk index -1, root 'root:/') mounted
[2025.07.10-13.01.35:018][  0]LogShaderLibrary: Display: ShaderCodeLibraryPakFileMountedCallback: pending pak file info (ChunkID:-1 Root:root:/ File:C:/Program Files/Epic Games/UE_4.27/FeaturePacks/TP_2DSideScrollerBP.upack)
[2025.07.10-13.01.35:018][  0]LogPakFile: OnPakFileMounted2Time == 0.000025
[2025.07.10-13.01.35:020][  0]LogPakFile: PakFile PrimaryIndexSize=182
[2025.07.10-13.01.35:020][  0]LogPakFile: PakFile PathHashIndexSize=101
[2025.07.10-13.01.35:020][  0]LogPakFile: PakFile FullDirectoryIndexSize=138
[2025.07.10-13.01.35:020][  0]LogShaderLibrary: Display: ShaderCodeLibraryPakFileMountedCallback: PakFile 'C:/Program Files/Epic Games/UE_4.27/FeaturePacks/TP_Flying.upack' (chunk index -1, root 'root:/') mounted
[2025.07.10-13.01.35:020][  0]LogShaderLibrary: Display: ShaderCodeLibraryPakFileMountedCallback: pending pak file info (ChunkID:-1 Root:root:/ File:C:/Program Files/Epic Games/UE_4.27/FeaturePacks/TP_Flying.upack)
[2025.07.10-13.01.35:020][  0]LogPakFile: OnPakFileMounted2Time == 0.000025
[2025.07.10-13.01.35:020][  0]LogPakFile: PakFile PrimaryIndexSize=184
[2025.07.10-13.01.35:020][  0]LogPakFile: PakFile PathHashIndexSize=101
[2025.07.10-13.01.35:020][  0]LogPakFile: PakFile FullDirectoryIndexSize=142
[2025.07.10-13.01.35:021][  0]LogShaderLibrary: Display: ShaderCodeLibraryPakFileMountedCallback: PakFile 'C:/Program Files/Epic Games/UE_4.27/FeaturePacks/TP_FlyingBP.upack' (chunk index -1, root 'root:/') mounted
[2025.07.10-13.01.35:021][  0]LogShaderLibrary: Display: ShaderCodeLibraryPakFileMountedCallback: pending pak file info (ChunkID:-1 Root:root:/ File:C:/Program Files/Epic Games/UE_4.27/FeaturePacks/TP_FlyingBP.upack)
[2025.07.10-13.01.35:021][  0]LogPakFile: OnPakFileMounted2Time == 0.000025
[2025.07.10-13.01.35:023][  0]LogPakFile: PakFile PrimaryIndexSize=188
[2025.07.10-13.01.35:023][  0]LogPakFile: PakFile PathHashIndexSize=101
[2025.07.10-13.01.35:023][  0]LogPakFile: PakFile FullDirectoryIndexSize=150
[2025.07.10-13.01.35:023][  0]LogShaderLibrary: Display: ShaderCodeLibraryPakFileMountedCallback: PakFile 'C:/Program Files/Epic Games/UE_4.27/FeaturePacks/TP_HandheldARBP.upack' (chunk index -1, root 'root:/') mounted
[2025.07.10-13.01.35:023][  0]LogShaderLibrary: Display: ShaderCodeLibraryPakFileMountedCallback: pending pak file info (ChunkID:-1 Root:root:/ File:C:/Program Files/Epic Games/UE_4.27/FeaturePacks/TP_HandheldARBP.upack)
[2025.07.10-13.01.35:023][  0]LogPakFile: OnPakFileMounted2Time == 0.000024
[2025.07.10-13.01.35:025][  0]LogPakFile: PakFile PrimaryIndexSize=182
[2025.07.10-13.01.35:025][  0]LogPakFile: PakFile PathHashIndexSize=101
[2025.07.10-13.01.35:025][  0]LogPakFile: PakFile FullDirectoryIndexSize=138
[2025.07.10-13.01.35:025][  0]LogShaderLibrary: Display: ShaderCodeLibraryPakFileMountedCallback: PakFile 'C:/Program Files/Epic Games/UE_4.27/FeaturePacks/TP_Puzzle.upack' (chunk index -1, root 'root:/') mounted
[2025.07.10-13.01.35:025][  0]LogShaderLibrary: Display: ShaderCodeLibraryPakFileMountedCallback: pending pak file info (ChunkID:-1 Root:root:/ File:C:/Program Files/Epic Games/UE_4.27/FeaturePacks/TP_Puzzle.upack)
[2025.07.10-13.01.35:025][  0]LogPakFile: OnPakFileMounted2Time == 0.000025
[2025.07.10-13.01.35:026][  0]LogPakFile: PakFile PrimaryIndexSize=184
[2025.07.10-13.01.35:026][  0]LogPakFile: PakFile PathHashIndexSize=101
[2025.07.10-13.01.35:026][  0]LogPakFile: PakFile FullDirectoryIndexSize=142
[2025.07.10-13.01.35:026][  0]LogShaderLibrary: Display: ShaderCodeLibraryPakFileMountedCallback: PakFile 'C:/Program Files/Epic Games/UE_4.27/FeaturePacks/TP_PuzzleBP.upack' (chunk index -1, root 'root:/') mounted
[2025.07.10-13.01.35:026][  0]LogShaderLibrary: Display: ShaderCodeLibraryPakFileMountedCallback: pending pak file info (ChunkID:-1 Root:root:/ File:C:/Program Files/Epic Games/UE_4.27/FeaturePacks/TP_PuzzleBP.upack)
[2025.07.10-13.01.35:026][  0]LogPakFile: OnPakFileMounted2Time == 0.000025
[2025.07.10-13.01.35:028][  0]LogPakFile: PakFile PrimaryIndexSize=183
[2025.07.10-13.01.35:028][  0]LogPakFile: PakFile PathHashIndexSize=101
[2025.07.10-13.01.35:028][  0]LogPakFile: PakFile FullDirectoryIndexSize=140
[2025.07.10-13.01.35:028][  0]LogShaderLibrary: Display: ShaderCodeLibraryPakFileMountedCallback: PakFile 'C:/Program Files/Epic Games/UE_4.27/FeaturePacks/TP_Rolling.upack' (chunk index -1, root 'root:/') mounted
[2025.07.10-13.01.35:028][  0]LogShaderLibrary: Display: ShaderCodeLibraryPakFileMountedCallback: pending pak file info (ChunkID:-1 Root:root:/ File:C:/Program Files/Epic Games/UE_4.27/FeaturePacks/TP_Rolling.upack)
[2025.07.10-13.01.35:028][  0]LogPakFile: OnPakFileMounted2Time == 0.000028
[2025.07.10-13.01.35:031][  0]LogPakFile: PakFile PrimaryIndexSize=185
[2025.07.10-13.01.35:031][  0]LogPakFile: PakFile PathHashIndexSize=101
[2025.07.10-13.01.35:031][  0]LogPakFile: PakFile FullDirectoryIndexSize=144
[2025.07.10-13.01.35:031][  0]LogShaderLibrary: Display: ShaderCodeLibraryPakFileMountedCallback: PakFile 'C:/Program Files/Epic Games/UE_4.27/FeaturePacks/TP_RollingBP.upack' (chunk index -1, root 'root:/') mounted
[2025.07.10-13.01.35:031][  0]LogShaderLibrary: Display: ShaderCodeLibraryPakFileMountedCallback: pending pak file info (ChunkID:-1 Root:root:/ File:C:/Program Files/Epic Games/UE_4.27/FeaturePacks/TP_RollingBP.upack)
[2025.07.10-13.01.35:031][  0]LogPakFile: OnPakFileMounted2Time == 0.000075
[2025.07.10-13.01.35:031][  0]LogPakFile: PakFile PrimaryIndexSize=188
[2025.07.10-13.01.35:031][  0]LogPakFile: PakFile PathHashIndexSize=101
[2025.07.10-13.01.35:031][  0]LogPakFile: PakFile FullDirectoryIndexSize=150
[2025.07.10-13.01.35:031][  0]LogShaderLibrary: Display: ShaderCodeLibraryPakFileMountedCallback: PakFile 'C:/Program Files/Epic Games/UE_4.27/FeaturePacks/TP_SideScroller.upack' (chunk index -1, root 'root:/') mounted
[2025.07.10-13.01.35:031][  0]LogShaderLibrary: Display: ShaderCodeLibraryPakFileMountedCallback: pending pak file info (ChunkID:-1 Root:root:/ File:C:/Program Files/Epic Games/UE_4.27/FeaturePacks/TP_SideScroller.upack)
[2025.07.10-13.01.35:032][  0]LogPakFile: OnPakFileMounted2Time == 0.000027
[2025.07.10-13.01.35:033][  0]LogPakFile: PakFile PrimaryIndexSize=190
[2025.07.10-13.01.35:033][  0]LogPakFile: PakFile PathHashIndexSize=101
[2025.07.10-13.01.35:033][  0]LogPakFile: PakFile FullDirectoryIndexSize=154
[2025.07.10-13.01.35:033][  0]LogShaderLibrary: Display: ShaderCodeLibraryPakFileMountedCallback: PakFile 'C:/Program Files/Epic Games/UE_4.27/FeaturePacks/TP_SideScrollerBP.upack' (chunk index -1, root 'root:/') mounted
[2025.07.10-13.01.35:033][  0]LogShaderLibrary: Display: ShaderCodeLibraryPakFileMountedCallback: pending pak file info (ChunkID:-1 Root:root:/ File:C:/Program Files/Epic Games/UE_4.27/FeaturePacks/TP_SideScrollerBP.upack)
[2025.07.10-13.01.35:033][  0]LogPakFile: OnPakFileMounted2Time == 0.000025
[2025.07.10-13.01.35:034][  0]LogPakFile: PakFile PrimaryIndexSize=187
[2025.07.10-13.01.35:034][  0]LogPakFile: PakFile PathHashIndexSize=101
[2025.07.10-13.01.35:034][  0]LogPakFile: PakFile FullDirectoryIndexSize=148
[2025.07.10-13.01.35:034][  0]LogShaderLibrary: Display: ShaderCodeLibraryPakFileMountedCallback: PakFile 'C:/Program Files/Epic Games/UE_4.27/FeaturePacks/TP_ThirdPerson.upack' (chunk index -1, root 'root:/') mounted
[2025.07.10-13.01.35:034][  0]LogShaderLibrary: Display: ShaderCodeLibraryPakFileMountedCallback: pending pak file info (ChunkID:-1 Root:root:/ File:C:/Program Files/Epic Games/UE_4.27/FeaturePacks/TP_ThirdPerson.upack)
[2025.07.10-13.01.35:034][  0]LogPakFile: OnPakFileMounted2Time == 0.000025
[2025.07.10-13.01.35:037][  0]LogPakFile: PakFile PrimaryIndexSize=189
[2025.07.10-13.01.35:037][  0]LogPakFile: PakFile PathHashIndexSize=101
[2025.07.10-13.01.35:037][  0]LogPakFile: PakFile FullDirectoryIndexSize=152
[2025.07.10-13.01.35:037][  0]LogShaderLibrary: Display: ShaderCodeLibraryPakFileMountedCallback: PakFile 'C:/Program Files/Epic Games/UE_4.27/FeaturePacks/TP_ThirdPersonBP.upack' (chunk index -1, root 'root:/') mounted
[2025.07.10-13.01.35:037][  0]LogShaderLibrary: Display: ShaderCodeLibraryPakFileMountedCallback: pending pak file info (ChunkID:-1 Root:root:/ File:C:/Program Files/Epic Games/UE_4.27/FeaturePacks/TP_ThirdPersonBP.upack)
[2025.07.10-13.01.35:037][  0]LogPakFile: OnPakFileMounted2Time == 0.000025
[2025.07.10-13.01.35:037][  0]LogPakFile: PakFile PrimaryIndexSize=183
[2025.07.10-13.01.35:037][  0]LogPakFile: PakFile PathHashIndexSize=101
[2025.07.10-13.01.35:037][  0]LogPakFile: PakFile FullDirectoryIndexSize=140
[2025.07.10-13.01.35:038][  0]LogShaderLibrary: Display: ShaderCodeLibraryPakFileMountedCallback: PakFile 'C:/Program Files/Epic Games/UE_4.27/FeaturePacks/TP_TopDown.upack' (chunk index -1, root 'root:/') mounted
[2025.07.10-13.01.35:038][  0]LogShaderLibrary: Display: ShaderCodeLibraryPakFileMountedCallback: pending pak file info (ChunkID:-1 Root:root:/ File:C:/Program Files/Epic Games/UE_4.27/FeaturePacks/TP_TopDown.upack)
[2025.07.10-13.01.35:038][  0]LogPakFile: OnPakFileMounted2Time == 0.000033
[2025.07.10-13.01.35:039][  0]LogPakFile: PakFile PrimaryIndexSize=185
[2025.07.10-13.01.35:039][  0]LogPakFile: PakFile PathHashIndexSize=101
[2025.07.10-13.01.35:039][  0]LogPakFile: PakFile FullDirectoryIndexSize=144
[2025.07.10-13.01.35:039][  0]LogShaderLibrary: Display: ShaderCodeLibraryPakFileMountedCallback: PakFile 'C:/Program Files/Epic Games/UE_4.27/FeaturePacks/TP_TopDownBP.upack' (chunk index -1, root 'root:/') mounted
[2025.07.10-13.01.35:039][  0]LogShaderLibrary: Display: ShaderCodeLibraryPakFileMountedCallback: pending pak file info (ChunkID:-1 Root:root:/ File:C:/Program Files/Epic Games/UE_4.27/FeaturePacks/TP_TopDownBP.upack)
[2025.07.10-13.01.35:039][  0]LogPakFile: OnPakFileMounted2Time == 0.000025
[2025.07.10-13.01.35:041][  0]LogPakFile: PakFile PrimaryIndexSize=185
[2025.07.10-13.01.35:041][  0]LogPakFile: PakFile PathHashIndexSize=101
[2025.07.10-13.01.35:041][  0]LogPakFile: PakFile FullDirectoryIndexSize=144
[2025.07.10-13.01.35:041][  0]LogShaderLibrary: Display: ShaderCodeLibraryPakFileMountedCallback: PakFile 'C:/Program Files/Epic Games/UE_4.27/FeaturePacks/TP_TwinStick.upack' (chunk index -1, root 'root:/') mounted
[2025.07.10-13.01.35:041][  0]LogShaderLibrary: Display: ShaderCodeLibraryPakFileMountedCallback: pending pak file info (ChunkID:-1 Root:root:/ File:C:/Program Files/Epic Games/UE_4.27/FeaturePacks/TP_TwinStick.upack)
[2025.07.10-13.01.35:041][  0]LogPakFile: OnPakFileMounted2Time == 0.000025
[2025.07.10-13.01.35:042][  0]LogPakFile: PakFile PrimaryIndexSize=187
[2025.07.10-13.01.35:042][  0]LogPakFile: PakFile PathHashIndexSize=101
[2025.07.10-13.01.35:042][  0]LogPakFile: PakFile FullDirectoryIndexSize=148
[2025.07.10-13.01.35:042][  0]LogShaderLibrary: Display: ShaderCodeLibraryPakFileMountedCallback: PakFile 'C:/Program Files/Epic Games/UE_4.27/FeaturePacks/TP_TwinStickBP.upack' (chunk index -1, root 'root:/') mounted
[2025.07.10-13.01.35:042][  0]LogShaderLibrary: Display: ShaderCodeLibraryPakFileMountedCallback: pending pak file info (ChunkID:-1 Root:root:/ File:C:/Program Files/Epic Games/UE_4.27/FeaturePacks/TP_TwinStickBP.upack)
[2025.07.10-13.01.35:042][  0]LogPakFile: OnPakFileMounted2Time == 0.000025
[2025.07.10-13.01.35:044][  0]LogPakFile: PakFile PrimaryIndexSize=183
[2025.07.10-13.01.35:044][  0]LogPakFile: PakFile PathHashIndexSize=101
[2025.07.10-13.01.35:044][  0]LogPakFile: PakFile FullDirectoryIndexSize=140
[2025.07.10-13.01.35:044][  0]LogShaderLibrary: Display: ShaderCodeLibraryPakFileMountedCallback: PakFile 'C:/Program Files/Epic Games/UE_4.27/FeaturePacks/TP_Vehicle.upack' (chunk index -1, root 'root:/') mounted
[2025.07.10-13.01.35:044][  0]LogShaderLibrary: Display: ShaderCodeLibraryPakFileMountedCallback: pending pak file info (ChunkID:-1 Root:root:/ File:C:/Program Files/Epic Games/UE_4.27/FeaturePacks/TP_Vehicle.upack)
[2025.07.10-13.01.35:044][  0]LogPakFile: OnPakFileMounted2Time == 0.000028
[2025.07.10-13.01.35:045][  0]LogPakFile: PakFile PrimaryIndexSize=186
[2025.07.10-13.01.35:045][  0]LogPakFile: PakFile PathHashIndexSize=101
[2025.07.10-13.01.35:045][  0]LogPakFile: PakFile FullDirectoryIndexSize=146
[2025.07.10-13.01.35:045][  0]LogShaderLibrary: Display: ShaderCodeLibraryPakFileMountedCallback: PakFile 'C:/Program Files/Epic Games/UE_4.27/FeaturePacks/TP_VehicleAdv.upack' (chunk index -1, root 'root:/') mounted
[2025.07.10-13.01.35:045][  0]LogShaderLibrary: Display: ShaderCodeLibraryPakFileMountedCallback: pending pak file info (ChunkID:-1 Root:root:/ File:C:/Program Files/Epic Games/UE_4.27/FeaturePacks/TP_VehicleAdv.upack)
[2025.07.10-13.01.35:045][  0]LogPakFile: OnPakFileMounted2Time == 0.000025
[2025.07.10-13.01.35:047][  0]LogPakFile: PakFile PrimaryIndexSize=188
[2025.07.10-13.01.35:047][  0]LogPakFile: PakFile PathHashIndexSize=101
[2025.07.10-13.01.35:047][  0]LogPakFile: PakFile FullDirectoryIndexSize=150
[2025.07.10-13.01.35:047][  0]LogShaderLibrary: Display: ShaderCodeLibraryPakFileMountedCallback: PakFile 'C:/Program Files/Epic Games/UE_4.27/FeaturePacks/TP_VehicleAdvBP.upack' (chunk index -1, root 'root:/') mounted
[2025.07.10-13.01.35:047][  0]LogShaderLibrary: Display: ShaderCodeLibraryPakFileMountedCallback: pending pak file info (ChunkID:-1 Root:root:/ File:C:/Program Files/Epic Games/UE_4.27/FeaturePacks/TP_VehicleAdvBP.upack)
[2025.07.10-13.01.35:047][  0]LogPakFile: OnPakFileMounted2Time == 0.000025
[2025.07.10-13.01.35:048][  0]LogPakFile: PakFile PrimaryIndexSize=185
[2025.07.10-13.01.35:048][  0]LogPakFile: PakFile PathHashIndexSize=101
[2025.07.10-13.01.35:048][  0]LogPakFile: PakFile FullDirectoryIndexSize=144
[2025.07.10-13.01.35:048][  0]LogShaderLibrary: Display: ShaderCodeLibraryPakFileMountedCallback: PakFile 'C:/Program Files/Epic Games/UE_4.27/FeaturePacks/TP_VehicleBP.upack' (chunk index -1, root 'root:/') mounted
[2025.07.10-13.01.35:048][  0]LogShaderLibrary: Display: ShaderCodeLibraryPakFileMountedCallback: pending pak file info (ChunkID:-1 Root:root:/ File:C:/Program Files/Epic Games/UE_4.27/FeaturePacks/TP_VehicleBP.upack)
[2025.07.10-13.01.35:048][  0]LogPakFile: OnPakFileMounted2Time == 0.000025
[2025.07.10-13.01.35:050][  0]LogPakFile: PakFile PrimaryIndexSize=192
[2025.07.10-13.01.35:050][  0]LogPakFile: PakFile PathHashIndexSize=101
[2025.07.10-13.01.35:050][  0]LogPakFile: PakFile FullDirectoryIndexSize=158
[2025.07.10-13.01.35:050][  0]LogShaderLibrary: Display: ShaderCodeLibraryPakFileMountedCallback: PakFile 'C:/Program Files/Epic Games/UE_4.27/FeaturePacks/TP_VirtualRealityBP.upack' (chunk index -1, root 'root:/') mounted
[2025.07.10-13.01.35:050][  0]LogShaderLibrary: Display: ShaderCodeLibraryPakFileMountedCallback: pending pak file info (ChunkID:-1 Root:root:/ File:C:/Program Files/Epic Games/UE_4.27/FeaturePacks/TP_VirtualRealityBP.upack)
[2025.07.10-13.01.35:050][  0]LogPakFile: OnPakFileMounted2Time == 0.000025
[2025.07.10-13.01.35:183][  0]LogNativeClassHierarchy: Verbose: Native class hierarchy updated for 'AddContentDialog' in 0.0002 seconds. Added 0 classes and 0 folders.
[2025.07.10-13.01.35:188][  0]LogNativeClassHierarchy: Verbose: Native class hierarchy updated for 'SceneOutliner' in 0.0002 seconds. Added 2 classes and 0 folders.
[2025.07.10-13.01.35:417][  0]LogSlate: Took 0.000357 seconds to synchronously load lazily loaded font '../../../Engine/Content/Slate/Fonts/Roboto-Regular.ttf' (155K)
[2025.07.10-13.01.35:420][  0]LogSlate: Took 0.000801 seconds to synchronously load lazily loaded font '../../../Engine/Content/Editor/Slate/Fonts/FontAwesome.ttf' (139K)
[2025.07.10-13.01.35:423][  0]LogSlate: Took 0.000202 seconds to synchronously load lazily loaded font '../../../Engine/Content/Slate/Fonts/Roboto-Bold.ttf' (160K)
[2025.07.10-13.01.35:505][  0]LogRenderer: Reallocating scene render targets to support 1084x552 Format 10 NumSamples 1 (Frame:1).
[2025.07.10-13.01.35:574][  0]LogNativeClassHierarchy: Verbose: Native class hierarchy updated for 'HierarchicalLODOutliner' in 0.0002 seconds. Added 0 classes and 0 folders.
[2025.07.10-13.01.35:574][  0]LogInput: Warning: Action Jump uses invalid key OculusGo_Left_Trigger_Click.
[2025.07.10-13.01.35:574][  0]LogInput: Warning: Action ResetVR uses invalid key OculusGo_Left_Trackpad_Click.
[2025.07.10-13.01.35:574][  0]LogInput: Warning: Use -RemoveInvalidKeys to remove instances of these keys from the action mapping.
[2025.07.10-13.01.35:574][  0]LogLoad: (Engine Initialization) Total time: 6.95 seconds
[2025.07.10-13.01.35:574][  0]LogLoad: (Engine Initialization) Total Blueprint compile time: 0.00 seconds
[2025.07.10-13.01.35:614][  0]LogAssetRegistry: Asset discovery search completed in 4.3125 seconds
[2025.07.10-13.01.35:618][  0]LogCollectionManager: Fixed up redirectors for 0 collections in 0.000002 seconds (updated 0 objects)
[2025.07.10-13.01.35:620][  0]LogContentStreaming: Texture pool size now 1000 MB
[2025.07.10-13.01.36:271][  2]LogSlate: Took 0.000692 seconds to synchronously load lazily loaded font '../../../Engine/Content/Slate/Fonts/Roboto-Light.ttf' (167K)
[2025.07.10-13.01.36:932][  4]LogSlate: Took 0.000218 seconds to synchronously load lazily loaded font '../../../Engine/Content/Slate/Fonts/Roboto-Light.ttf' (167K)
[2025.07.10-13.01.48:992][ 40]LogAssetEditorSubsystem: Opening Asset editor for Blueprint /Game/ThirdPersonBP/Blueprints/ThirdPersonCharacter.ThirdPersonCharacter
[2025.07.10-13.01.49:253][ 40]LogNativeClassHierarchy: Verbose: Native class hierarchy updated for 'BlueprintGraph' in 0.0004 seconds. Added 126 classes and 0 folders.
[2025.07.10-13.01.49:993][ 40]LogSlate: Took 0.000181 seconds to synchronously load lazily loaded font '../../../Engine/Content/Slate/Fonts/Roboto-BoldCondensed.ttf' (158K)
[2025.07.10-13.01.50:092][ 41]LogSlate: Took 0.000467 seconds to synchronously load lazily loaded font '../../../Engine/Content/Slate/Fonts/Roboto-Italic.ttf' (157K)
[2025.07.10-13.01.53:299][ 96]Cmd: OBJ SAVEPACKAGE PACKAGE="/Game/ThirdPersonBP/Blueprints/ThirdPersonCharacter" FILE="D:/Games/NatureReserve/NatureReserve/Content/ThirdPersonBP/Blueprints/ThirdPersonCharacter.uasset" SILENT=true
[2025.07.10-13.01.53:354][ 96]LogSavePackage: Moving 'D:/Games/NatureReserve/NatureReserve/Saved/ThirdPersonCharacter458E5B85400DBA1B1F2D8A98BC43A7F4.tmp' to 'D:/Games/NatureReserve/NatureReserve/Content/ThirdPersonBP/Blueprints/ThirdPersonCharacter.uasset'
[2025.07.10-13.01.53:375][ 96]AssetCheck: New page: Asset Save: ThirdPersonCharacter
[2025.07.10-13.01.53:375][ 96]LogContentValidation: Display: Validating Blueprint /Game/ThirdPersonBP/Blueprints/ThirdPersonCharacter.ThirdPersonCharacter
[2025.07.10-13.01.54:055][170]LogWorld: UWorld::CleanupWorld for World_1, bSessionEnded=true, bCleanupResources=true
[2025.07.10-13.01.54:055][170]LogSlate: InvalidateAllWidgets triggered.  All widgets were invalidated
[2025.07.10-13.01.54:906][264]LogEditorViewport: Clicking on Actor (LMB): Battery_BP_C (Battery_BP)
[2025.07.10-13.02.42:592][936]LogAssetEditorSubsystem: Opening Asset editor for WidgetBlueprint /Game/MyStuff/UI/W_InteractPrompt.W_InteractPrompt
[2025.07.10-13.02.56:204][476]LogSlate: Window 'W_InteractPrompt' being destroyed
[2025.07.10-13.02.56:213][476]LogWorld: UWorld::CleanupWorld for World_5, bSessionEnded=true, bCleanupResources=true
[2025.07.10-13.02.56:214][476]LogSlate: InvalidateAllWidgets triggered.  All widgets were invalidated
[2025.07.10-13.02.56:220][476]LogWorld: UWorld::CleanupWorld for World_4, bSessionEnded=true, bCleanupResources=true
[2025.07.10-13.02.56:220][476]LogSlate: InvalidateAllWidgets triggered.  All widgets were invalidated
[2025.07.10-13.02.58:765][751]LogAssetEditorSubsystem: Opening Asset editor for WidgetBlueprint /Game/MyStuff/UI/W_InteractPrompt.W_InteractPrompt
[2025.07.10-13.03.08:793][893]LogSlate: Took 0.010913 seconds to synchronously load lazily loaded font '../../../Engine/Content/Slate/Fonts/DroidSansFallback.ttf' (3848K)
[2025.07.10-13.03.39:108][459]BlueprintLog: New page: Compile W_InteractPrompt
[2025.07.10-13.03.39:178][459]LogUObjectHash: Compacting FUObjectHashTables data took   2.89ms
[2025.07.10-13.04.00:758][  4]Cmd: OBJ SAVEPACKAGE PACKAGE="/Game/MyStuff/UI/W_InteractPrompt" FILE="D:/Games/NatureReserve/NatureReserve/Content/MyStuff/UI/W_InteractPrompt.uasset" SILENT=true
[2025.07.10-13.04.00:761][  4]LogSavePackage: Moving 'D:/Games/NatureReserve/NatureReserve/Saved/W_InteractPrompt6BE0889A4A8231B68A7A34A7C6FEF641.tmp' to 'D:/Games/NatureReserve/NatureReserve/Content/MyStuff/UI/W_InteractPrompt.uasset'
[2025.07.10-13.04.00:775][  4]AssetCheck: New page: Asset Save: W_InteractPrompt
[2025.07.10-13.04.00:776][  4]LogContentValidation: Display: Validating WidgetBlueprint /Game/MyStuff/UI/W_InteractPrompt.W_InteractPrompt
[2025.07.10-13.04.01:711][105]LogSlate: Window 'W_InteractPrompt' being destroyed
[2025.07.10-13.04.01:721][105]LogWorld: UWorld::CleanupWorld for World_7, bSessionEnded=true, bCleanupResources=true
[2025.07.10-13.04.01:721][105]LogSlate: InvalidateAllWidgets triggered.  All widgets were invalidated
[2025.07.10-13.04.01:726][105]LogWorld: UWorld::CleanupWorld for World_6, bSessionEnded=true, bCleanupResources=true
[2025.07.10-13.04.01:726][105]LogSlate: InvalidateAllWidgets triggered.  All widgets were invalidated
[2025.07.10-13.04.07:511][768]LogAssetEditorSubsystem: Opening Asset editor for Blueprint /Game/MyStuff/Battery_BP.Battery_BP
[2025.07.10-13.05.16:744][359]LogSlate: Warning: Ignoring SetUserFocus because it's not an active modal Window (user 0 not set to SSCSTreeType [SSCSEditor.cpp(3869)].
[2025.07.10-13.05.16:785][359]LogEditorClassViewer: Warning: Class /Engine/Tutorial/InWorldBlueprintEditing/TutorialAssets/IWBE_Blutility.IWBE_Blutility_C has parent /Script/Blutility.PlacedEditorUtilityBase, but this parent is not found. The Class will not be shown in ClassViewer.
[2025.07.10-13.05.21:285][855]BlueprintLog: New page: Compile Battery_BP
[2025.07.10-13.05.21:348][855]LogUObjectHash: Compacting FUObjectHashTables data took   2.26ms
[2025.07.10-13.05.21:387][855]LogSlate: Took 0.000906 seconds to synchronously load lazily loaded font '../../../Engine/Content/Slate/Fonts/DroidSansMono.ttf' (77K)
[2025.07.10-13.05.25:219][ 28]LogRenderer: Reallocating scene render targets to support 1128x744 Format 10 NumSamples 1 (Frame:1).
[2025.07.10-13.05.53:297][359]BlueprintLog: New page: Compile Battery_BP
[2025.07.10-13.05.53:335][359]LogUObjectHash: Compacting FUObjectHashTables data took   2.03ms
[2025.07.10-13.06.49:580][ 26]BlueprintLog: New page: Compile Battery_BP
[2025.07.10-13.06.49:620][ 26]LogUObjectHash: Compacting FUObjectHashTables data took   2.00ms
[2025.07.10-13.06.50:096][ 67]Cmd: OBJ SAVEPACKAGE PACKAGE="/Game/MyStuff/Battery_BP" FILE="D:/Games/NatureReserve/NatureReserve/Content/MyStuff/Battery_BP.uasset" SILENT=true
[2025.07.10-13.06.50:106][ 67]LogSavePackage: Moving 'D:/Games/NatureReserve/NatureReserve/Saved/Battery_BP0BAAAD0644E69A3402B3F494443870DC.tmp' to 'D:/Games/NatureReserve/NatureReserve/Content/MyStuff/Battery_BP.uasset'
[2025.07.10-13.06.50:132][ 67]AssetCheck: New page: Asset Save: Battery_BP
[2025.07.10-13.06.50:132][ 67]LogContentValidation: Display: Validating Blueprint /Game/MyStuff/Battery_BP.Battery_BP
[2025.07.10-13.09.06:403][268]BlueprintLog: New page: Compile Battery_BP
[2025.07.10-13.09.06:440][268]LogUObjectHash: Compacting FUObjectHashTables data took   1.93ms
[2025.07.10-13.09.07:181][344]Cmd: OBJ SAVEPACKAGE PACKAGE="/Game/MyStuff/Battery_BP" FILE="D:/Games/NatureReserve/NatureReserve/Content/MyStuff/Battery_BP.uasset" SILENT=true
[2025.07.10-13.09.07:191][344]LogSavePackage: Moving 'D:/Games/NatureReserve/NatureReserve/Saved/Battery_BPC9821A3B461B95EC114340BBDE305D3E.tmp' to 'D:/Games/NatureReserve/NatureReserve/Content/MyStuff/Battery_BP.uasset'
[2025.07.10-13.09.07:204][344]AssetCheck: New page: Asset Save: Battery_BP
[2025.07.10-13.09.07:204][344]LogContentValidation: Display: Validating Blueprint /Game/MyStuff/Battery_BP.Battery_BP
[2025.07.10-13.09.10:690][740]LogSlate: Window 'Battery_BP' being destroyed
[2025.07.10-13.09.10:701][740]LogSlate: Window 'Battery_BP' being destroyed
[2025.07.10-13.09.10:703][740]LogWorld: UWorld::CleanupWorld for World_9, bSessionEnded=true, bCleanupResources=true
[2025.07.10-13.09.10:703][740]LogSlate: InvalidateAllWidgets triggered.  All widgets were invalidated
[2025.07.10-13.09.12:261][914]LogTemp: Repeating last play command: Selected Viewport
[2025.07.10-13.09.12:266][914]LogPlayLevel: PlayLevel: No blueprints needed recompiling
[2025.07.10-13.09.12:268][914]PIE: New page: PIE session: ThirdPersonExampleMap (10 Jul 2025, 15:09:12)
[2025.07.10-13.09.12:269][914]LogOnline: OSS: Creating online subsystem instance for: NULL
[2025.07.10-13.09.12:270][914]LogOnline: OSS: TryLoadSubsystemAndSetDefault: Loaded subsystem for module [NULL]
[2025.07.10-13.09.12:271][914]LogPlayLevel: Creating play world package: /Game/ThirdPersonBP/Maps/UEDPIE_0_ThirdPersonExampleMap
[2025.07.10-13.09.12:280][914]LogPlayLevel: PIE: StaticDuplicateObject took: (0.008964s)
[2025.07.10-13.09.12:281][914]LogAIModule: Creating AISystem for world ThirdPersonExampleMap
[2025.07.10-13.09.12:281][914]LogPlayLevel: PIE: World Init took: (0.001036s)
[2025.07.10-13.09.12:281][914]LogPlayLevel: PIE: Created PIE world by copying editor world from /Game/ThirdPersonBP/Maps/ThirdPersonExampleMap.ThirdPersonExampleMap to /Game/ThirdPersonBP/Maps/UEDPIE_0_ThirdPersonExampleMap.ThirdPersonExampleMap (0.010117s)
[2025.07.10-13.09.12:300][914]LogUObjectHash: Compacting FUObjectHashTables data took   1.60ms
[2025.07.10-13.09.12:302][914]LogAudio: Display: Creating Audio Device:                 Id: 2, Scope: Unique, Realtime: True
[2025.07.10-13.09.12:302][914]LogAudioMixer: Display: Audio Mixer Platform Settings:
[2025.07.10-13.09.12:302][914]LogAudioMixer: Display: 	Sample Rate:						  48000
[2025.07.10-13.09.12:302][914]LogAudioMixer: Display: 	Callback Buffer Frame Size Requested: 1024
[2025.07.10-13.09.12:302][914]LogAudioMixer: Display: 	Callback Buffer Frame Size To Use:	  1024
[2025.07.10-13.09.12:302][914]LogAudioMixer: Display: 	Number of buffers to queue:			  2
[2025.07.10-13.09.12:302][914]LogAudioMixer: Display: 	Max Channels (voices):				  32
[2025.07.10-13.09.12:302][914]LogAudioMixer: Display: 	Number of Async Source Workers:		  0
[2025.07.10-13.09.12:302][914]LogAudio: Display: AudioDevice MaxSources: 32
[2025.07.10-13.09.12:302][914]LogAudio: Display: Audio Spatialization Plugin: None (built-in).
[2025.07.10-13.09.12:302][914]LogAudio: Display: Audio Reverb Plugin: None (built-in).
[2025.07.10-13.09.12:302][914]LogAudio: Display: Audio Occlusion Plugin: None (built-in).
[2025.07.10-13.09.12:302][914]LogAudioMixer: Display: Initializing audio mixer.
[2025.07.10-13.09.12:305][914]LogAudioMixer: Display: 0: FrontLeft
[2025.07.10-13.09.12:305][914]LogAudioMixer: Display: 1: FrontRight
[2025.07.10-13.09.12:311][914]LogAudioMixer: Display: Using Audio Device  32_LCD_TV (NVIDIA High Definition Audio)
[2025.07.10-13.09.12:311][914]LogAudioMixer: Display: Initializing Sound Submixes...
[2025.07.10-13.09.12:311][914]LogAudioMixer: Display: Creating Master Submix 'MasterSubmixDefault'
[2025.07.10-13.09.12:311][914]LogAudioMixer: Display: Creating Master Submix 'MasterReverbSubmixDefault'
[2025.07.10-13.09.12:311][914]LogAudioMixer: Display: Creating Master Submix 'MasterEQSubmixDefault'
[2025.07.10-13.09.12:311][914]LogAudioMixer: FMixerPlatformXAudio2::StartAudioStream() called
[2025.07.10-13.09.12:311][914]LogAudioMixer: Display: Output buffers initialized: Frames=1024, Channels=2, Samples=2048
[2025.07.10-13.09.12:312][914]LogAudioMixer: Display: Starting AudioMixerPlatformInterface::RunInternal()
[2025.07.10-13.09.12:312][914]LogAudioMixer: Display: FMixerPlatformXAudio2::SubmitBuffer() called for the first time
[2025.07.10-13.09.12:312][914]LogInit: FAudioDevice initialized.
[2025.07.10-13.09.12:312][914]LogAudio: Display: Audio Device (ID: 2) registered with world 'ThirdPersonExampleMap'.
[2025.07.10-13.09.12:324][914]LogLoad: Game class is 'ThirdPersonGameMode_C'
[2025.07.10-13.09.12:326][914]LogWorld: Bringing World /Game/ThirdPersonBP/Maps/UEDPIE_0_ThirdPersonExampleMap.ThirdPersonExampleMap up for play (max tick rate 0) at 2025.07.10-14.09.12
[2025.07.10-13.09.12:326][914]LogWorld: Bringing up level for play took: 0.000966
[2025.07.10-13.09.12:326][914]LogOnline: OSS: Creating online subsystem instance for: :Context_12
[2025.07.10-13.09.12:336][914]LogNativeClassHierarchy: Verbose: Native class hierarchy updated for 'MovieSceneCapture' in 0.0003 seconds. Added 20 classes and 0 folders.
[2025.07.10-13.09.12:336][914]PIE: Server logged in
[2025.07.10-13.09.12:337][914]PIE: Play in editor total start time 0.072 seconds.
[2025.07.10-13.09.19:548][747]LogSlate: Updating window title bar state: overlay mode, drag disabled, window buttons hidden, title bar hidden
[2025.07.10-13.09.19:548][747]LogWorld: BeginTearingDown for /Game/ThirdPersonBP/Maps/UEDPIE_0_ThirdPersonExampleMap
[2025.07.10-13.09.19:548][747]LogWorld: UWorld::CleanupWorld for ThirdPersonExampleMap, bSessionEnded=true, bCleanupResources=true
[2025.07.10-13.09.19:549][747]LogSlate: InvalidateAllWidgets triggered.  All widgets were invalidated
[2025.07.10-13.09.19:569][747]LogPlayLevel: Display: Shutting down PIE online subsystems
[2025.07.10-13.09.19:593][747]LogSlate: InvalidateAllWidgets triggered.  All widgets were invalidated
[2025.07.10-13.09.19:609][747]LogAudio: Display: Audio Device unregistered from world 'None'.
[2025.07.10-13.09.19:610][747]LogAudioMixer: FMixerPlatformXAudio2::StopAudioStream() called
[2025.07.10-13.09.19:611][747]LogAudioMixer: FMixerPlatformXAudio2::StopAudioStream() called
[2025.07.10-13.09.19:612][747]LogSlate: Updating window title bar state: overlay mode, drag disabled, window buttons hidden, title bar hidden
[2025.07.10-13.09.19:646][747]LogUObjectHash: Compacting FUObjectHashTables data took   2.52ms
[2025.07.10-13.09.19:669][748]LogPlayLevel: Display: Destroying online subsystem :Context_12
[2025.07.10-13.10.07:448][ 89]LogUObjectHash: Compacting FUObjectHashTables data took   2.21ms
[2025.07.10-13.10.07:458][ 89]LogSavePackage: Moving 'D:/Games/NatureReserve/NatureReserve/Saved/ThirdPersonExampleMap485DA4A44E9251DD3ADC48A6A208FDEE.tmp' to 'D:/Games/NatureReserve/NatureReserve/Content/ThirdPersonBP/Maps/ThirdPersonExampleMap.umap'
[2025.07.10-13.10.07:511][ 89]LogSavePackage: Moving 'D:/Games/NatureReserve/NatureReserve/Saved/ThirdPersonExampleMap_BuiltData8C16F4724EDE48CBE6B8F19DCFD65CAE.tmp' to 'D:/Games/NatureReserve/NatureReserve/Content/ThirdPersonBP/Maps/ThirdPersonExampleMap_BuiltData.uasset'
[2025.07.10-13.10.07:523][ 89]AssetCheck: New page: Asset Save: multiple assets
[2025.07.10-13.10.07:523][ 89]LogContentValidation: Display: Validating MapBuildDataRegistry /Game/ThirdPersonBP/Maps/ThirdPersonExampleMap_BuiltData.ThirdPersonExampleMap_BuiltData
[2025.07.10-13.10.07:523][ 89]LogContentValidation: Display: Validating World /Game/ThirdPersonBP/Maps/ThirdPersonExampleMap.ThirdPersonExampleMap
[2025.07.10-13.10.32:850][105]LogEditorViewport: Clicking on Actor (LMB): ThirdPersonCharacter_C (ThirdPersonCharacter)
[2025.07.10-13.10.43:171][335]LogEditorViewport: Clicking on Actor (LMB): StaticMeshActor (Floor)
[2025.07.10-13.10.44:814][528]LogEditorViewport: Clicking on Actor (LMB): ThirdPersonCharacter_C (ThirdPersonCharacter)
[2025.07.10-13.10.50:421][162]LogEditorViewport: Clicking on Actor (LMB): StaticMeshActor (Floor)
[2025.07.10-13.10.53:623][535]LogEditorViewport: Clicking on Actor (LMB): StaticMeshActor (Floor)
[2025.07.10-13.10.59:883][285]Cmd: TRANSACTION UNDO
[2025.07.10-13.10.59:883][285]LogEditorTransaction: Undo Move Actors
[2025.07.10-13.11.00:290][296]Cmd: TRANSACTION UNDO
[2025.07.10-13.11.00:290][296]LogEditorTransaction: Undo Set Location
[2025.07.10-13.11.01:082][378]Cmd: TRANSACTION UNDO
[2025.07.10-13.11.01:082][378]LogEditorTransaction: Undo Clicking on Actors
[2025.07.10-13.11.03:368][639]LogEditorViewport: Clicking on Actor (LMB): StaticMeshActor (Floor)
[2025.07.10-13.11.36:718][545]LogTemp: Repeating last play command: Selected Viewport
[2025.07.10-13.11.36:722][545]LogPlayLevel: PlayLevel: No blueprints needed recompiling
[2025.07.10-13.11.36:722][545]PIE: New page: PIE session: ThirdPersonExampleMap (10 Jul 2025, 15:11:36)
[2025.07.10-13.11.36:753][545]LogPlayLevel: Creating play world package: /Game/ThirdPersonBP/Maps/UEDPIE_0_ThirdPersonExampleMap
[2025.07.10-13.11.36:760][545]LogPlayLevel: PIE: StaticDuplicateObject took: (0.007647s)
[2025.07.10-13.11.36:761][545]LogAIModule: Creating AISystem for world ThirdPersonExampleMap
[2025.07.10-13.11.36:762][545]LogPlayLevel: PIE: World Init took: (0.001037s)
[2025.07.10-13.11.36:762][545]LogPlayLevel: PIE: Created PIE world by copying editor world from /Game/ThirdPersonBP/Maps/ThirdPersonExampleMap.ThirdPersonExampleMap to /Game/ThirdPersonBP/Maps/UEDPIE_0_ThirdPersonExampleMap.ThirdPersonExampleMap (0.008823s)
[2025.07.10-13.11.36:796][545]LogUObjectHash: Compacting FUObjectHashTables data took   1.52ms
[2025.07.10-13.11.36:799][545]LogAudio: Display: Creating Audio Device:                 Id: 3, Scope: Unique, Realtime: True
[2025.07.10-13.11.36:799][545]LogAudioMixer: Display: Audio Mixer Platform Settings:
[2025.07.10-13.11.36:799][545]LogAudioMixer: Display: 	Sample Rate:						  48000
[2025.07.10-13.11.36:799][545]LogAudioMixer: Display: 	Callback Buffer Frame Size Requested: 1024
[2025.07.10-13.11.36:799][545]LogAudioMixer: Display: 	Callback Buffer Frame Size To Use:	  1024
[2025.07.10-13.11.36:799][545]LogAudioMixer: Display: 	Number of buffers to queue:			  2
[2025.07.10-13.11.36:799][545]LogAudioMixer: Display: 	Max Channels (voices):				  32
[2025.07.10-13.11.36:799][545]LogAudioMixer: Display: 	Number of Async Source Workers:		  0
[2025.07.10-13.11.36:799][545]LogAudio: Display: AudioDevice MaxSources: 32
[2025.07.10-13.11.36:800][545]LogAudio: Display: Audio Spatialization Plugin: None (built-in).
[2025.07.10-13.11.36:800][545]LogAudio: Display: Audio Reverb Plugin: None (built-in).
[2025.07.10-13.11.36:800][545]LogAudio: Display: Audio Occlusion Plugin: None (built-in).
[2025.07.10-13.11.36:800][545]LogAudioMixer: Display: Initializing audio mixer.
[2025.07.10-13.11.36:802][545]LogAudioMixer: Display: 0: FrontLeft
[2025.07.10-13.11.36:802][545]LogAudioMixer: Display: 1: FrontRight
[2025.07.10-13.11.36:809][545]LogAudioMixer: Display: Using Audio Device  32_LCD_TV (NVIDIA High Definition Audio)
[2025.07.10-13.11.36:809][545]LogAudioMixer: Display: Initializing Sound Submixes...
[2025.07.10-13.11.36:809][545]LogAudioMixer: Display: Creating Master Submix 'MasterSubmixDefault'
[2025.07.10-13.11.36:809][545]LogAudioMixer: Display: Creating Master Submix 'MasterReverbSubmixDefault'
[2025.07.10-13.11.36:809][545]LogAudioMixer: Display: Creating Master Submix 'MasterEQSubmixDefault'
[2025.07.10-13.11.36:809][545]LogAudioMixer: FMixerPlatformXAudio2::StartAudioStream() called
[2025.07.10-13.11.36:809][545]LogAudioMixer: Display: Output buffers initialized: Frames=1024, Channels=2, Samples=2048
[2025.07.10-13.11.36:810][545]LogAudioMixer: Display: Starting AudioMixerPlatformInterface::RunInternal()
[2025.07.10-13.11.36:810][545]LogAudioMixer: Display: FMixerPlatformXAudio2::SubmitBuffer() called for the first time
[2025.07.10-13.11.36:810][545]LogInit: FAudioDevice initialized.
[2025.07.10-13.11.36:810][545]LogAudio: Display: Audio Device (ID: 3) registered with world 'ThirdPersonExampleMap'.
[2025.07.10-13.11.36:820][545]LogLoad: Game class is 'ThirdPersonGameMode_C'
[2025.07.10-13.11.36:821][545]LogWorld: Bringing World /Game/ThirdPersonBP/Maps/UEDPIE_0_ThirdPersonExampleMap.ThirdPersonExampleMap up for play (max tick rate 0) at 2025.07.10-14.11.36
[2025.07.10-13.11.36:821][545]LogWorld: Bringing up level for play took: 0.000860
[2025.07.10-13.11.36:822][545]LogOnline: OSS: Creating online subsystem instance for: :Context_14
[2025.07.10-13.11.36:823][545]PIE: Server logged in
[2025.07.10-13.11.36:823][545]PIE: Play in editor total start time 0.102 seconds.
[2025.07.10-13.11.49:976][114]LogSlate: Updating window title bar state: overlay mode, drag disabled, window buttons hidden, title bar hidden
[2025.07.10-13.11.49:977][114]LogWorld: BeginTearingDown for /Game/ThirdPersonBP/Maps/UEDPIE_0_ThirdPersonExampleMap
[2025.07.10-13.11.49:977][114]LogWorld: UWorld::CleanupWorld for ThirdPersonExampleMap, bSessionEnded=true, bCleanupResources=true
[2025.07.10-13.11.49:978][114]LogSlate: InvalidateAllWidgets triggered.  All widgets were invalidated
[2025.07.10-13.11.49:999][114]LogPlayLevel: Display: Shutting down PIE online subsystems
[2025.07.10-13.11.50:054][114]LogSlate: InvalidateAllWidgets triggered.  All widgets were invalidated
[2025.07.10-13.11.50:065][114]LogAudio: Display: Audio Device unregistered from world 'None'.
[2025.07.10-13.11.50:065][114]LogAudioMixer: FMixerPlatformXAudio2::StopAudioStream() called
[2025.07.10-13.11.50:066][114]LogAudioMixer: FMixerPlatformXAudio2::StopAudioStream() called
[2025.07.10-13.11.50:068][114]LogSlate: Updating window title bar state: overlay mode, drag disabled, window buttons hidden, title bar hidden
[2025.07.10-13.11.50:070][114]LogUObjectHash: Compacting FUObjectHashTables data took   1.35ms
[2025.07.10-13.11.50:099][115]LogPlayLevel: Display: Destroying online subsystem :Context_14
[2025.07.10-13.11.55:453][749]LogEditorViewport: Clicking on Actor (LMB): PlayerStart (NetworkPlayerStart)
[2025.07.10-13.12.00:460][342]Cmd: DELETE
[2025.07.10-13.12.00:460][342]Cmd: ACTOR DELETE
[2025.07.10-13.12.00:463][342]LogEditorActor: Deleted Actor: PlayerStart
[2025.07.10-13.12.00:476][342]LogUObjectHash: Compacting FUObjectHashTables data took   1.28ms
[2025.07.10-13.12.00:479][342]LogEditorActor: Deleted 1 Actors (0.018 secs)
[2025.07.10-13.12.01:814][502]LogEditorViewport: Clicking on Actor (LMB): ThirdPersonCharacter_C (ThirdPersonCharacter)
[2025.07.10-13.12.21:237][787]LogTemp: Repeating last play command: Selected Viewport
[2025.07.10-13.12.21:241][787]LogPlayLevel: PlayLevel: No blueprints needed recompiling
[2025.07.10-13.12.21:241][787]PIE: New page: PIE session: ThirdPersonExampleMap (10 Jul 2025, 15:12:21)
[2025.07.10-13.12.21:283][787]LogPlayLevel: Creating play world package: /Game/ThirdPersonBP/Maps/UEDPIE_0_ThirdPersonExampleMap
[2025.07.10-13.12.21:290][787]LogPlayLevel: PIE: StaticDuplicateObject took: (0.006852s)
[2025.07.10-13.12.21:291][787]LogAIModule: Creating AISystem for world ThirdPersonExampleMap
[2025.07.10-13.12.21:291][787]LogPlayLevel: PIE: World Init took: (0.000843s)
[2025.07.10-13.12.21:291][787]LogPlayLevel: PIE: Created PIE world by copying editor world from /Game/ThirdPersonBP/Maps/ThirdPersonExampleMap.ThirdPersonExampleMap to /Game/ThirdPersonBP/Maps/UEDPIE_0_ThirdPersonExampleMap.ThirdPersonExampleMap (0.007803s)
[2025.07.10-13.12.21:307][787]LogUObjectHash: Compacting FUObjectHashTables data took   1.33ms
[2025.07.10-13.12.21:310][787]LogAudio: Display: Creating Audio Device:                 Id: 4, Scope: Unique, Realtime: True
[2025.07.10-13.12.21:310][787]LogAudioMixer: Display: Audio Mixer Platform Settings:
[2025.07.10-13.12.21:310][787]LogAudioMixer: Display: 	Sample Rate:						  48000
[2025.07.10-13.12.21:310][787]LogAudioMixer: Display: 	Callback Buffer Frame Size Requested: 1024
[2025.07.10-13.12.21:310][787]LogAudioMixer: Display: 	Callback Buffer Frame Size To Use:	  1024
[2025.07.10-13.12.21:310][787]LogAudioMixer: Display: 	Number of buffers to queue:			  2
[2025.07.10-13.12.21:310][787]LogAudioMixer: Display: 	Max Channels (voices):				  32
[2025.07.10-13.12.21:310][787]LogAudioMixer: Display: 	Number of Async Source Workers:		  0
[2025.07.10-13.12.21:310][787]LogAudio: Display: AudioDevice MaxSources: 32
[2025.07.10-13.12.21:310][787]LogAudio: Display: Audio Spatialization Plugin: None (built-in).
[2025.07.10-13.12.21:310][787]LogAudio: Display: Audio Reverb Plugin: None (built-in).
[2025.07.10-13.12.21:310][787]LogAudio: Display: Audio Occlusion Plugin: None (built-in).
[2025.07.10-13.12.21:310][787]LogAudioMixer: Display: Initializing audio mixer.
[2025.07.10-13.12.21:313][787]LogAudioMixer: Display: 0: FrontLeft
[2025.07.10-13.12.21:313][787]LogAudioMixer: Display: 1: FrontRight
[2025.07.10-13.12.21:319][787]LogAudioMixer: Display: Using Audio Device  32_LCD_TV (NVIDIA High Definition Audio)
[2025.07.10-13.12.21:319][787]LogAudioMixer: Display: Initializing Sound Submixes...
[2025.07.10-13.12.21:319][787]LogAudioMixer: Display: Creating Master Submix 'MasterSubmixDefault'
[2025.07.10-13.12.21:319][787]LogAudioMixer: Display: Creating Master Submix 'MasterReverbSubmixDefault'
[2025.07.10-13.12.21:319][787]LogAudioMixer: Display: Creating Master Submix 'MasterEQSubmixDefault'
[2025.07.10-13.12.21:319][787]LogAudioMixer: FMixerPlatformXAudio2::StartAudioStream() called
[2025.07.10-13.12.21:319][787]LogAudioMixer: Display: Output buffers initialized: Frames=1024, Channels=2, Samples=2048
[2025.07.10-13.12.21:320][787]LogAudioMixer: Display: Starting AudioMixerPlatformInterface::RunInternal()
[2025.07.10-13.12.21:320][787]LogAudioMixer: Display: FMixerPlatformXAudio2::SubmitBuffer() called for the first time
[2025.07.10-13.12.21:320][787]LogInit: FAudioDevice initialized.
[2025.07.10-13.12.21:320][787]LogAudio: Display: Audio Device (ID: 4) registered with world 'ThirdPersonExampleMap'.
[2025.07.10-13.12.21:327][787]LogLoad: Game class is 'ThirdPersonGameMode_C'
[2025.07.10-13.12.21:328][787]LogWorld: Bringing World /Game/ThirdPersonBP/Maps/UEDPIE_0_ThirdPersonExampleMap.ThirdPersonExampleMap up for play (max tick rate 0) at 2025.07.10-14.12.21
[2025.07.10-13.12.21:328][787]LogWorld: Bringing up level for play took: 0.000854
[2025.07.10-13.12.21:329][787]LogOnline: OSS: Creating online subsystem instance for: :Context_15
[2025.07.10-13.12.21:330][787]PIE: Server logged in
[2025.07.10-13.12.21:330][787]PIE: Play in editor total start time 0.089 seconds.
[2025.07.10-13.12.24:517][162]LogSlate: Updating window title bar state: overlay mode, drag disabled, window buttons hidden, title bar hidden
[2025.07.10-13.12.24:517][162]LogWorld: BeginTearingDown for /Game/ThirdPersonBP/Maps/UEDPIE_0_ThirdPersonExampleMap
[2025.07.10-13.12.24:517][162]LogWorld: UWorld::CleanupWorld for ThirdPersonExampleMap, bSessionEnded=true, bCleanupResources=true
[2025.07.10-13.12.24:518][162]LogSlate: InvalidateAllWidgets triggered.  All widgets were invalidated
[2025.07.10-13.12.24:537][162]LogPlayLevel: Display: Shutting down PIE online subsystems
[2025.07.10-13.12.24:584][162]LogSlate: InvalidateAllWidgets triggered.  All widgets were invalidated
[2025.07.10-13.12.24:595][162]LogAudio: Display: Audio Device unregistered from world 'None'.
[2025.07.10-13.12.24:595][162]LogAudioMixer: FMixerPlatformXAudio2::StopAudioStream() called
[2025.07.10-13.12.24:596][162]LogAudioMixer: FMixerPlatformXAudio2::StopAudioStream() called
[2025.07.10-13.12.24:597][162]LogSlate: Updating window title bar state: overlay mode, drag disabled, window buttons hidden, title bar hidden
[2025.07.10-13.12.24:599][162]LogUObjectHash: Compacting FUObjectHashTables data took   1.28ms
[2025.07.10-13.12.24:629][163]LogPlayLevel: Display: Destroying online subsystem :Context_15
[2025.07.10-13.13.21:129][209]LogEditorViewport: Clicking on Actor (LMB): StaticMeshActor (Floor)
[2025.07.10-13.13.35:941][907]LogUObjectHash: Compacting FUObjectHashTables data took   1.24ms
[2025.07.10-13.13.35:952][907]LogSavePackage: Moving 'D:/Games/NatureReserve/NatureReserve/Saved/ThirdPersonExampleMap68846F574607F8DF6EFD50A611E2B49F.tmp' to 'D:/Games/NatureReserve/NatureReserve/Content/ThirdPersonBP/Maps/ThirdPersonExampleMap.umap'
[2025.07.10-13.13.35:989][907]LogSavePackage: Moving 'D:/Games/NatureReserve/NatureReserve/Saved/ThirdPersonExampleMap_BuiltData8FFD0CCC46AF7FD2FB2F9AAA2B2FFD52.tmp' to 'D:/Games/NatureReserve/NatureReserve/Content/ThirdPersonBP/Maps/ThirdPersonExampleMap_BuiltData.uasset'
[2025.07.10-13.13.36:000][907]AssetCheck: New page: Asset Save: multiple assets
[2025.07.10-13.13.36:000][907]LogContentValidation: Display: Validating MapBuildDataRegistry /Game/ThirdPersonBP/Maps/ThirdPersonExampleMap_BuiltData.ThirdPersonExampleMap_BuiltData
[2025.07.10-13.13.36:000][907]LogContentValidation: Display: Validating World /Game/ThirdPersonBP/Maps/ThirdPersonExampleMap.ThirdPersonExampleMap
[2025.07.10-13.13.36:305][940]LogUObjectHash: Compacting FUObjectHashTables data took   1.02ms
[2025.07.10-13.13.36:313][940]LogSavePackage: Moving 'D:/Games/NatureReserve/NatureReserve/Saved/ThirdPersonExampleMap76514F7C4ABD35F4F7AADE8CA074EC7C.tmp' to 'D:/Games/NatureReserve/NatureReserve/Content/ThirdPersonBP/Maps/ThirdPersonExampleMap.umap'
[2025.07.10-13.13.36:349][940]LogSavePackage: Moving 'D:/Games/NatureReserve/NatureReserve/Saved/ThirdPersonExampleMap_BuiltData188DF3C0454739D83BF91FA26C4C8D3E.tmp' to 'D:/Games/NatureReserve/NatureReserve/Content/ThirdPersonBP/Maps/ThirdPersonExampleMap_BuiltData.uasset'
[2025.07.10-13.13.36:358][940]AssetCheck: New page: Asset Save: multiple assets
[2025.07.10-13.13.36:358][940]LogContentValidation: Display: Validating MapBuildDataRegistry /Game/ThirdPersonBP/Maps/ThirdPersonExampleMap_BuiltData.ThirdPersonExampleMap_BuiltData
[2025.07.10-13.13.36:358][940]LogContentValidation: Display: Validating World /Game/ThirdPersonBP/Maps/ThirdPersonExampleMap.ThirdPersonExampleMap
[2025.07.10-13.13.43:990][833]LogEditorViewport: Clicking on Actor (LMB): BP_Sky_Sphere_C (SkySphereBlueprint)
[2025.07.10-13.13.44:575][901]LogEditorViewport: Clicking on Actor (LMB): PostProcessVolume (PostProcessVolume)
[2025.07.10-13.16.14:771][657]LogUObjectHash: Compacting FUObjectHashTables data took   0.42ms
[2025.07.10-13.16.14:781][657]LogSavePackage: Moving 'D:/Games/NatureReserve/NatureReserve/Saved/ThirdPersonExampleMapE61357EA48BC5245387FD1ACE0B7C74D.tmp' to 'D:/Games/NatureReserve/NatureReserve/Content/ThirdPersonBP/Maps/ThirdPersonExampleMap.umap'
[2025.07.10-13.16.14:819][657]LogSavePackage: Moving 'D:/Games/NatureReserve/NatureReserve/Saved/ThirdPersonExampleMap_BuiltData4B16E739465B485A9C9D4FB60CF94AFA.tmp' to 'D:/Games/NatureReserve/NatureReserve/Content/ThirdPersonBP/Maps/ThirdPersonExampleMap_BuiltData.uasset'
[2025.07.10-13.16.14:833][657]AssetCheck: New page: Asset Save: multiple assets
[2025.07.10-13.16.14:833][657]LogContentValidation: Display: Validating MapBuildDataRegistry /Game/ThirdPersonBP/Maps/ThirdPersonExampleMap_BuiltData.ThirdPersonExampleMap_BuiltData
[2025.07.10-13.16.14:833][657]LogContentValidation: Display: Validating World /Game/ThirdPersonBP/Maps/ThirdPersonExampleMap.ThirdPersonExampleMap
[2025.07.10-13.16.15:948][784]LogUObjectHash: Compacting FUObjectHashTables data took   0.32ms
[2025.07.10-13.16.15:976][784]LogSlate: Window 'NatureReserve - Unreal Editor' being destroyed
[2025.07.10-13.16.16:101][785]Cmd: QUIT_EDITOR
[2025.07.10-13.16.16:101][785]LogCore: Engine exit requested (reason: UUnrealEdEngine::CloseEditor())
[2025.07.10-13.16.16:104][785]LogCore: Engine exit requested (reason: EngineExit() was called; note: exit was already requested)
[2025.07.10-13.16.16:580][785]LogAudio: Display: Beginning Audio Device Manager Shutdown (Module: AudioMixerXAudio2)...
[2025.07.10-13.16.16:580][785]LogAudio: Display: Destroying 1 Remaining Audio Device(s)...
[2025.07.10-13.16.16:580][785]LogAudio: Display: Audio Device unregistered from world 'ThirdPersonExampleMap'.
[2025.07.10-13.16.16:580][785]LogAudioMixer: FMixerPlatformXAudio2::StopAudioStream() called
[2025.07.10-13.16.16:581][785]LogAudioMixer: FMixerPlatformXAudio2::StopAudioStream() called
[2025.07.10-13.16.16:585][785]LogAudio: Display: Audio Device Manager Shutdown
[2025.07.10-13.16.16:585][785]LogWindowsTextInputMethodSystem: Display: IME system deactivated.
[2025.07.10-13.16.16:591][785]LogExit: Preparing to exit.
[2025.07.10-13.16.17:055][785]LogUObjectHash: Compacting FUObjectHashTables data took   1.47ms
[2025.07.10-13.16.17:161][785]LogWorld: UWorld::CleanupWorld for World_2, bSessionEnded=true, bCleanupResources=true
[2025.07.10-13.16.17:163][785]LogWorld: UWorld::CleanupWorld for World_0, bSessionEnded=true, bCleanupResources=true
[2025.07.10-13.16.17:164][785]LogWorld: UWorld::CleanupWorld for World_3, bSessionEnded=true, bCleanupResources=true
[2025.07.10-13.16.17:165][785]LogWorld: UWorld::CleanupWorld for World_11, bSessionEnded=true, bCleanupResources=true
[2025.07.10-13.16.17:166][785]LogWorld: UWorld::CleanupWorld for World_10, bSessionEnded=true, bCleanupResources=true
[2025.07.10-13.16.17:167][785]LogWorld: UWorld::CleanupWorld for World_12, bSessionEnded=true, bCleanupResources=true
[2025.07.10-13.16.17:193][785]LogDemo: Cleaned up 0 splitscreen connections with owner deletion
[2025.07.10-13.16.17:198][785]LogWorld: UWorld::CleanupWorld for None, bSessionEnded=true, bCleanupResources=true
[2025.07.10-13.16.17:198][785]LogExit: Editor shut down
[2025.07.10-13.16.17:199][785]LogExit: Transaction tracking system shut down
[2025.07.10-13.16.17:462][785]LogExit: Object subsystem successfully closed.
[2025.07.10-13.16.17:479][785]LogShaderCompilers: Display: === FShaderJobCache stats ===
[2025.07.10-13.16.17:479][785]LogShaderCompilers: Display: Total job queries 0, among them cache hits 0 (0.00%)
[2025.07.10-13.16.17:479][785]LogShaderCompilers: Display: Tracking 0 distinct input hashes that result in 0 distinct outputs (0.00%)
[2025.07.10-13.16.17:479][785]LogShaderCompilers: Display: RAM used: 0.00 MB (0.00 GB) of 819.20 MB (0.80 GB) budget. Usage: 0.00%
[2025.07.10-13.16.17:480][785]LogShaderCompilers: Display: ================================================
[2025.07.10-13.16.17:494][785]LogShaderCompilers: Display: Shaders left to compile 0
[2025.07.10-13.16.17:550][785]LogModuleManager: Shutting down and abandoning module MovieSceneCapture (878)
[2025.07.10-13.16.17:550][785]LogModuleManager: Shutting down and abandoning module Voice (876)
[2025.07.10-13.16.17:550][785]LogModuleManager: Shutting down and abandoning module SequencerWidgets (874)
[2025.07.10-13.16.17:550][785]LogModuleManager: Shutting down and abandoning module BlueprintGraph (872)
[2025.07.10-13.16.17:550][785]LogModuleManager: Shutting down and abandoning module HierarchicalLODOutliner (870)
[2025.07.10-13.16.17:550][785]LogModuleManager: Shutting down and abandoning module SceneOutliner (868)
[2025.07.10-13.16.17:550][785]LogModuleManager: Shutting down and abandoning module AddContentDialog (866)
[2025.07.10-13.16.17:552][785]LogModuleManager: Shutting down and abandoning module WidgetCarousel (865)
[2025.07.10-13.16.17:552][785]LogModuleManager: Shutting down and abandoning module EditorWidgets (862)
[2025.07.10-13.16.17:552][785]LogModuleManager: Shutting down and abandoning module StatsViewer (860)
[2025.07.10-13.16.17:552][785]LogModuleManager: Shutting down and abandoning module PIEPreviewDeviceProfileSelector (858)
[2025.07.10-13.16.17:552][785]LogModuleManager: Shutting down and abandoning module SequenceRecorderSections (856)
[2025.07.10-13.16.17:552][785]LogModuleManager: Shutting down and abandoning module AutomationWorker (854)
[2025.07.10-13.16.17:552][785]LogModuleManager: Shutting down and abandoning module SteamVREditor (852)
[2025.07.10-13.16.17:552][785]LogModuleManager: Shutting down and abandoning module OculusMR (850)
[2025.07.10-13.16.17:552][785]LogModuleManager: Shutting down and abandoning module CameraShakePreviewer (848)
[2025.07.10-13.16.17:552][785]LogModuleManager: Shutting down and abandoning module TakeRecorderSources (846)
[2025.07.10-13.16.17:552][785]LogModuleManager: Shutting down and abandoning module TakeRecorder (845)
[2025.07.10-13.16.17:552][785]LogModuleManager: Shutting down and abandoning module TakeTrackRecorders (842)
[2025.07.10-13.16.17:552][785]LogModuleManager: Shutting down and abandoning module TakesCore (840)
[2025.07.10-13.16.17:552][785]LogModuleManager: Shutting down and abandoning module OpenXRInput (838)
[2025.07.10-13.16.17:552][785]LogModuleManager: Shutting down and abandoning module GooglePADEditor (836)
[2025.07.10-13.16.17:552][785]LogModuleManager: Shutting down and abandoning module AudioCaptureEditor (834)
[2025.07.10-13.16.17:552][785]LogModuleManager: Shutting down and abandoning module TemplateSequenceEditor (832)
[2025.07.10-13.16.17:552][785]LogModuleManager: Shutting down and abandoning module LevelSequenceEditor (830)
[2025.07.10-13.16.17:552][785]LogModuleManager: Shutting down and abandoning module MatineeToLevelSequence (828)
[2025.07.10-13.16.17:552][785]LogModuleManager: Shutting down and abandoning module ActorSequenceEditor (826)
[2025.07.10-13.16.17:552][785]LogModuleManager: Shutting down and abandoning module MagicLeapMediaCodecFactory (824)
[2025.07.10-13.16.17:552][785]LogModuleManager: Shutting down and abandoning module MagicLeapMediaFactory (822)
[2025.07.10-13.16.17:552][785]LogModuleManager: Shutting down and abandoning module MagicLeapMediaEditor (820)
[2025.07.10-13.16.17:552][785]LogModuleManager: Shutting down and abandoning module WmfMediaFactory (818)
[2025.07.10-13.16.17:552][785]LogModuleManager: Shutting down and abandoning module WmfMediaEditor (816)
[2025.07.10-13.16.17:552][785]LogModuleManager: Shutting down and abandoning module WebMMediaFactory (814)
[2025.07.10-13.16.17:552][785]LogModuleManager: Shutting down and abandoning module WebMMediaEditor (812)
[2025.07.10-13.16.17:552][785]LogModuleManager: Shutting down and abandoning module WebMMedia (810)
[2025.07.10-13.16.17:552][785]LogModuleManager: Shutting down and abandoning module MediaPlayerEditor (808)
[2025.07.10-13.16.17:552][785]LogModuleManager: Shutting down and abandoning module OpenExrWrapper (806)
[2025.07.10-13.16.17:552][785]LogModuleManager: Shutting down and abandoning module ImgMediaFactory (804)
[2025.07.10-13.16.17:552][785]LogModuleManager: Shutting down and abandoning module ImgMediaEditor (802)
[2025.07.10-13.16.17:552][785]LogModuleManager: Shutting down and abandoning module MediaCompositingEditor (800)
[2025.07.10-13.16.17:552][785]LogModuleManager: Shutting down and abandoning module SequenceRecorder (799)
[2025.07.10-13.16.17:552][785]LogModuleManager: Shutting down and abandoning module AvfMediaFactory (796)
[2025.07.10-13.16.17:552][785]LogModuleManager: Shutting down and abandoning module AvfMediaEditor (794)
[2025.07.10-13.16.17:552][785]LogModuleManager: Shutting down and abandoning module AndroidMediaFactory (792)
[2025.07.10-13.16.17:552][785]LogModuleManager: Shutting down and abandoning module AndroidMediaEditor (790)
[2025.07.10-13.16.17:552][785]LogModuleManager: Shutting down and abandoning module PlanarCut (788)
[2025.07.10-13.16.17:552][785]LogModuleManager: Shutting down and abandoning module CharacterAI (786)
[2025.07.10-13.16.17:552][785]LogModuleManager: Shutting down and abandoning module TextureAlignMode (784)
[2025.07.10-13.16.17:552][785]LogModuleManager: Shutting down and abandoning module BspMode (782)
[2025.07.10-13.16.17:552][785]LogModuleManager: Shutting down and abandoning module GeometryMode (780)
[2025.07.10-13.16.17:552][785]LogModuleManager: Shutting down and abandoning module SmartSnapping (778)
[2025.07.10-13.16.17:552][785]LogModuleManager: Shutting down and abandoning module SessionServices (776)
[2025.07.10-13.16.17:552][785]LogModuleManager: Shutting down and abandoning module MeshPaint (774)
[2025.07.10-13.16.17:552][785]LogModuleManager: Shutting down and abandoning module VirtualTexturingEditor (772)
[2025.07.10-13.16.17:552][785]LogModuleManager: Shutting down and abandoning module FoliageEdit (770)
[2025.07.10-13.16.17:552][785]LogModuleManager: Shutting down and abandoning module LandscapeEditor (768)
[2025.07.10-13.16.17:552][785]LogModuleManager: Shutting down and abandoning module MeshPaintMode (766)
[2025.07.10-13.16.17:552][785]LogModuleManager: Shutting down and abandoning module SceneDepthPickerMode (764)
[2025.07.10-13.16.17:552][785]LogModuleManager: Shutting down and abandoning module ActorPickerMode (762)
[2025.07.10-13.16.17:552][785]LogModuleManager: Shutting down and abandoning module PlacementMode (760)
[2025.07.10-13.16.17:552][785]LogModuleManager: Shutting down and abandoning module ViewportSnapping (758)
[2025.07.10-13.16.17:553][785]LogModuleManager: Shutting down and abandoning module ViewportInteraction (756)
[2025.07.10-13.16.17:553][785]LogModuleManager: Shutting down and abandoning module ClothPainter (754)
[2025.07.10-13.16.17:553][785]LogModuleManager: Shutting down and abandoning module SkeletalMeshEditor (753)
[2025.07.10-13.16.17:553][785]LogModuleManager: Shutting down and abandoning module LogVisualizer (750)
[2025.07.10-13.16.17:553][785]LogModuleManager: Shutting down and abandoning module IntroTutorials (748)
[2025.07.10-13.16.17:553][785]LogModuleManager: Shutting down and abandoning module GameProjectGeneration (747)
[2025.07.10-13.16.17:553][785]LogModuleManager: Shutting down and abandoning module LuminPlatformEditor (744)
[2025.07.10-13.16.17:553][785]LogModuleManager: Shutting down and abandoning module IOSPlatformEditor (742)
[2025.07.10-13.16.17:553][785]LogModuleManager: Shutting down and abandoning module AndroidPlatformEditor (740)
[2025.07.10-13.16.17:553][785]LogModuleManager: Shutting down and abandoning module AndroidDeviceDetection (739)
[2025.07.10-13.16.18:040][785]LogModuleManager: Shutting down and abandoning module WindowsPlatformEditor (736)
[2025.07.10-13.16.18:040][785]LogModuleManager: Shutting down and abandoning module LuminRuntimeSettings (734)
[2025.07.10-13.16.18:040][785]LogModuleManager: Shutting down and abandoning module IOSRuntimeSettings (732)
[2025.07.10-13.16.18:040][785]LogModuleManager: Shutting down and abandoning module AndroidRuntimeSettings (730)
[2025.07.10-13.16.18:040][785]LogModuleManager: Shutting down and abandoning module TraceInsights (728)
[2025.07.10-13.16.18:040][785]MemoryProfiler: Shutdown
[2025.07.10-13.16.18:040][785]NetworkingProfiler: Shutdown
[2025.07.10-13.16.18:040][785]LoadingProfiler: Shutdown
[2025.07.10-13.16.18:040][785]TimingProfiler: Shutdown
[2025.07.10-13.16.18:040][785]LogModuleManager: Shutting down and abandoning module TraceServices (727)
[2025.07.10-13.16.18:040][785]LogModuleManager: Shutting down and abandoning module EditorInteractiveToolsFramework (724)
[2025.07.10-13.16.18:040][785]LogModuleManager: Shutting down and abandoning module TimeManagementEditor (722)
[2025.07.10-13.16.18:040][785]LogModuleManager: Shutting down and abandoning module InputBindingEditor (720)
[2025.07.10-13.16.18:040][785]LogModuleManager: Shutting down and abandoning module MergeActors (718)
[2025.07.10-13.16.18:040][785]LogModuleManager: Shutting down and abandoning module LocalizationDashboard (716)
[2025.07.10-13.16.18:040][785]LogModuleManager: Shutting down and abandoning module LocalizationService (715)
[2025.07.10-13.16.18:040][785]LogModuleManager: Shutting down and abandoning module HardwareTargeting (712)
[2025.07.10-13.16.18:040][785]LogModuleManager: Shutting down and abandoning module DeviceProfileEditor (710)
[2025.07.10-13.16.18:040][785]LogModuleManager: Shutting down and abandoning module UndoHistory (708)
[2025.07.10-13.16.18:040][785]LogModuleManager: Shutting down and abandoning module XmlParser (706)
[2025.07.10-13.16.18:040][785]LogModuleManager: Shutting down and abandoning module Blutility (704)
[2025.07.10-13.16.18:040][785]LogModuleManager: Shutting down and abandoning module ProjectSettingsViewer (702)
[2025.07.10-13.16.18:040][785]LogModuleManager: Shutting down and abandoning module ProjectTargetPlatformEditor (701)
[2025.07.10-13.16.18:040][785]LogModuleManager: Shutting down and abandoning module EditorSettingsViewer (698)
[2025.07.10-13.16.18:040][785]LogModuleManager: Shutting down and abandoning module InternationalizationSettings (697)
[2025.07.10-13.16.18:040][785]LogModuleManager: Shutting down and abandoning module SettingsEditor (694)
[2025.07.10-13.16.18:040][785]LogModuleManager: Shutting down and abandoning module ProjectLauncher (692)
[2025.07.10-13.16.18:040][785]LogModuleManager: Shutting down and abandoning module SessionFrontend (690)
[2025.07.10-13.16.18:040][785]LogModuleManager: Shutting down and abandoning module ProfilerClient (688)
[2025.07.10-13.16.18:040][785]LogModuleManager: Shutting down and abandoning module DeviceManager (686)
[2025.07.10-13.16.18:040][785]LogModuleManager: Shutting down and abandoning module TargetDeviceServices (685)
[2025.07.10-13.16.18:073][785]LogModuleManager: Shutting down and abandoning module AutomationController (682)
[2025.07.10-13.16.18:073][785]LogModuleManager: Shutting down and abandoning module AutomationWindow (680)
[2025.07.10-13.16.18:073][785]LogModuleManager: Shutting down and abandoning module Layers (678)
[2025.07.10-13.16.18:073][785]LogModuleManager: Shutting down and abandoning module ComponentVisualizers (676)
[2025.07.10-13.16.18:073][785]LogModuleManager: Shutting down and abandoning module DetailCustomizations (674)
[2025.07.10-13.16.18:073][785]LogModuleManager: Shutting down and abandoning module PackagesDialog (672)
[2025.07.10-13.16.18:073][785]LogModuleManager: Shutting down and abandoning module AnimationBlueprintEditor (670)
[2025.07.10-13.16.18:073][785]LogModuleManager: Shutting down and abandoning module Persona (668)
[2025.07.10-13.16.18:073][785]LogModuleManager: Shutting down and abandoning module AdvancedPreviewScene (667)
[2025.07.10-13.16.18:073][785]LogModuleManager: Shutting down and abandoning module AnimGraph (665)
[2025.07.10-13.16.18:073][785]LogModuleManager: Shutting down and abandoning module Kismet (662)
[2025.07.10-13.16.18:081][785]LogModuleManager: Shutting down and abandoning module KismetWidgets (661)
[2025.07.10-13.16.18:081][785]LogModuleManager: Shutting down and abandoning module GraphEditor (658)
[2025.07.10-13.16.18:081][785]LogModuleManager: Shutting down and abandoning module StructViewer (656)
[2025.07.10-13.16.18:081][785]LogModuleManager: Shutting down and abandoning module ClassViewer (654)
[2025.07.10-13.16.18:082][785]LogModuleManager: Shutting down and abandoning module Toolbox (652)
[2025.07.10-13.16.18:082][785]LogModuleManager: Shutting down and abandoning module ModuleUI (650)
[2025.07.10-13.16.18:082][785]LogModuleManager: Shutting down and abandoning module OutputLog (648)
[2025.07.10-13.16.18:082][785]LogModuleManager: Shutting down and abandoning module GammaUI (646)
[2025.07.10-13.16.18:082][785]LogModuleManager: Shutting down and abandoning module Documentation (644)
[2025.07.10-13.16.18:082][785]LogModuleManager: Shutting down and abandoning module LiveCoding (642)
[2025.07.10-13.16.18:082][785]LogModuleManager: Shutting down and abandoning module LevelSequence (640)
[2025.07.10-13.16.18:082][785]LogModuleManager: Shutting down and abandoning module MovieSceneTracks (638)
[2025.07.10-13.16.18:082][785]LogModuleManager: Shutting down and abandoning module MovieScene (636)
[2025.07.10-13.16.18:082][785]LogModuleManager: Shutting down and abandoning module StreamingPauseRendering (634)
[2025.07.10-13.16.18:082][785]LogModuleManager: Shutting down and abandoning module LauncherPlatform (632)
[2025.07.10-13.16.18:082][785]LogModuleManager: Shutting down and abandoning module AnalyticsET (630)
[2025.07.10-13.16.18:082][785]LogModuleManager: Shutting down and abandoning module PortalServices (628)
[2025.07.10-13.16.18:082][785]LogModuleManager: Shutting down and abandoning module PortalRpc (626)
[2025.07.10-13.16.18:082][785]LogModuleManager: Shutting down and abandoning module MessagingRpc (624)
[2025.07.10-13.16.18:082][785]LogModuleManager: Shutting down and abandoning module AudioMixerXAudio2 (622)
[2025.07.10-13.16.18:082][785]LogModuleManager: Shutting down and abandoning module AudioMixerCore (621)
[2025.07.10-13.16.18:082][785]LogModuleManager: Shutting down and abandoning module AIModule (618)
[2025.07.10-13.16.18:082][785]LogModuleManager: Shutting down and abandoning module GameplayDebugger (617)
[2025.07.10-13.16.18:082][785]LogModuleManager: Shutting down and abandoning module AITestSuite (615)
[2025.07.10-13.16.18:082][785]LogModuleManager: Shutting down and abandoning module NavigationSystem (613)
[2025.07.10-13.16.18:082][785]LogModuleManager: Shutting down and abandoning module ImageWriteQueue (610)
[2025.07.10-13.16.18:086][785]LogModuleManager: Shutting down and abandoning module ProfilerService (608)
[2025.07.10-13.16.18:219][785]LogModuleManager: Shutting down and abandoning module TaskGraph (606)
[2025.07.10-13.16.18:219][785]LogModuleManager: Shutting down and abandoning module AudioSynesthesiaEditor (604)
[2025.07.10-13.16.18:219][785]LogModuleManager: Shutting down and abandoning module OculusEditor (602)
[2025.07.10-13.16.18:220][785]LogModuleManager: Shutting down and abandoning module OculusInput (600)
[2025.07.10-13.16.18:220][785]LogModuleManager: Shutting down and abandoning module ContentBrowserFileDataSource (598)
[2025.07.10-13.16.18:220][785]LogModuleManager: Shutting down and abandoning module ContentBrowserClassDataSource (596)
[2025.07.10-13.16.18:220][785]LogModuleManager: Shutting down and abandoning module ContentBrowserAssetDataSource (594)
[2025.07.10-13.16.18:220][785]LogModuleManager: Shutting down and abandoning module CollectionManager (593)
[2025.07.10-13.16.18:220][785]LogModuleManager: Shutting down and abandoning module GitSourceControl (590)
[2025.07.10-13.16.18:220][785]LogModuleManager: Shutting down and abandoning module UObjectPlugin (588)
[2025.07.10-13.16.18:220][785]LogModuleManager: Shutting down and abandoning module VisualStudioCodeSourceCodeAccess (586)
[2025.07.10-13.16.18:220][785]LogModuleManager: Shutting down and abandoning module VisualStudioSourceCodeAccess (584)
[2025.07.10-13.16.18:220][785]LogModuleManager: Shutting down and abandoning module RiderSourceCodeAccess (582)
[2025.07.10-13.16.18:220][785]LogModuleManager: Shutting down and abandoning module SubversionSourceControl (580)
[2025.07.10-13.16.18:220][785]LogModuleManager: Shutting down and abandoning module PluginUtils (578)
[2025.07.10-13.16.18:220][785]LogModuleManager: Shutting down and abandoning module PlasticSourceControl (576)
[2025.07.10-13.16.18:220][785]LogModuleManager: Shutting down and abandoning module PerforceSourceControl (574)
[2025.07.10-13.16.18:220][785]LogModuleManager: Shutting down and abandoning module SourceControl (573)
[2025.07.10-13.16.18:220][785]LogModuleManager: Shutting down and abandoning module CLionSourceCodeAccess (570)
[2025.07.10-13.16.18:220][785]LogModuleManager: Shutting down and abandoning module AnimationSharingEd (568)
[2025.07.10-13.16.18:220][785]LogModuleManager: Shutting down and abandoning module SynthesisEditor (566)
[2025.07.10-13.16.18:220][785]LogModuleManager: Shutting down and abandoning module Synthesis (564)
[2025.07.10-13.16.18:220][785]LogModuleManager: Shutting down and abandoning module ProceduralMeshComponentEditor (562)
[2025.07.10-13.16.18:220][785]LogModuleManager: Shutting down and abandoning module ProceduralMeshComponent (560)
[2025.07.10-13.16.18:220][785]LogModuleManager: Shutting down and abandoning module TakeSequencer (558)
[2025.07.10-13.16.18:220][785]LogModuleManager: Shutting down and abandoning module TakeMovieScene (556)
[2025.07.10-13.16.18:220][785]LogModuleManager: Shutting down and abandoning module OpenXREditor (554)
[2025.07.10-13.16.18:220][785]LogModuleManager: Shutting down and abandoning module MobilePatchingUtils (552)
[2025.07.10-13.16.18:220][785]LogModuleManager: Shutting down and abandoning module ScreenshotTools (550)
[2025.07.10-13.16.18:220][785]LogModuleManager: Shutting down and abandoning module GooglePAD (548)
[2025.07.10-13.16.18:220][785]LogModuleManager: Shutting down and abandoning module EditableMesh (546)
[2025.07.10-13.16.18:220][785]LogModuleManager: Shutting down and abandoning module CableComponent (544)
[2025.07.10-13.16.18:220][785]LogModuleManager: Shutting down and abandoning module CustomMeshComponent (542)
[2025.07.10-13.16.18:220][785]LogModuleManager: Shutting down and abandoning module AppleImageUtilsBlueprintSupport (540)
[2025.07.10-13.16.18:220][785]LogModuleManager: Shutting down and abandoning module AppleImageUtils (538)
[2025.07.10-13.16.18:220][785]LogModuleManager: Shutting down and abandoning module AssetTags (536)
[2025.07.10-13.16.18:220][785]LogModuleManager: Shutting down and abandoning module AudioCapture (534)
[2025.07.10-13.16.18:220][785]LogModuleManager: Shutting down and abandoning module AudioCaptureRtAudio (533)
[2025.07.10-13.16.18:220][785]LogModuleManager: Shutting down and abandoning module ArchVisCharacter (530)
[2025.07.10-13.16.18:220][785]LogModuleManager: Shutting down and abandoning module AndroidPermission (528)
[2025.07.10-13.16.18:220][785]LogModuleManager: Shutting down and abandoning module ActorLayerUtilitiesEditor (526)
[2025.07.10-13.16.18:220][785]LogModuleManager: Shutting down and abandoning module ActorLayerUtilities (524)
[2025.07.10-13.16.18:220][785]LogModuleManager: Shutting down and abandoning module TemplateSequence (522)
[2025.07.10-13.16.18:220][785]LogModuleManager: Shutting down and abandoning module MagicLeapSharedWorld (520)
[2025.07.10-13.16.18:220][785]LogModuleManager: Shutting down and abandoning module MagicLeapLightEstimation (518)
[2025.07.10-13.16.18:220][785]LogModuleManager: Shutting down and abandoning module MagicLeapHelperVulkan (516)
[2025.07.10-13.16.18:220][785]LogModuleManager: Shutting down and abandoning module MagicLeapHelperOpenGL (514)
[2025.07.10-13.16.18:220][785]LogModuleManager: Shutting down and abandoning module MagicLeapAudio (512)
[2025.07.10-13.16.18:220][785]LogModuleManager: Shutting down and abandoning module NiagaraEditorWidgets (510)
[2025.07.10-13.16.18:220][785]LogModuleManager: Shutting down and abandoning module ImgMedia (508)
[2025.07.10-13.16.18:220][785]LogModuleManager: Shutting down and abandoning module MediaCompositing (506)
[2025.07.10-13.16.18:220][785]LogModuleManager: Shutting down and abandoning module MotoSynthEditor (504)
[2025.07.10-13.16.18:220][785]LogModuleManager: Shutting down and abandoning module MotoSynth (502)
[2025.07.10-13.16.18:220][785]LogModuleManager: Shutting down and abandoning module OpenImageDenoise (500)
[2025.07.10-13.16.18:220][785]LogOpenImageDenoise: OIDN shutting down
[2025.07.10-13.16.18:220][785]LogModuleManager: Shutting down and abandoning module MeshConversion (498)
[2025.07.10-13.16.18:220][785]LogModuleManager: Shutting down and abandoning module DynamicMesh (496)
[2025.07.10-13.16.18:220][785]LogModuleManager: Shutting down and abandoning module GeometryAlgorithms (494)
[2025.07.10-13.16.18:220][785]LogModuleManager: Shutting down and abandoning module GeometricObjects (492)
[2025.07.10-13.16.18:220][785]LogModuleManager: Shutting down and abandoning module GeometryCollectionTracks (490)
[2025.07.10-13.16.18:220][785]LogModuleManager: Shutting down and abandoning module GeometryCollectionSequencer (489)
[2025.07.10-13.16.18:220][785]LogModuleManager: Shutting down and abandoning module GeometryCollectionEditor (486)
[2025.07.10-13.16.18:220][785]LogModuleManager: Shutting down and abandoning module GeometryCacheTracks (484)
[2025.07.10-13.16.18:220][785]LogModuleManager: Shutting down and abandoning module GeometryCacheStreamer (482)
[2025.07.10-13.16.18:220][785]LogModuleManager: Shutting down and abandoning module GeometryCacheSequencer (480)
[2025.07.10-13.16.18:220][785]LogModuleManager: Shutting down and abandoning module ChaosSolverEditor (478)
[2025.07.10-13.16.18:220][785]LogModuleManager: Shutting down and abandoning module ChaosNiagara (476)
[2025.07.10-13.16.18:220][785]LogModuleManager: Shutting down and abandoning module FractureEditor (474)
[2025.07.10-13.16.18:221][785]LogModuleManager: Shutting down and abandoning module FieldSystemEngine (473)
[2025.07.10-13.16.18:221][785]LogModuleManager: Shutting down and abandoning module ChaosClothEditor (470)
[2025.07.10-13.16.18:221][785]LogModuleManager: Shutting down and abandoning module BackChannel (468)
[2025.07.10-13.16.18:221][785]LogModuleManager: Shutting down and abandoning module AutomationUtilsEditor (466)
[2025.07.10-13.16.18:221][785]LogModuleManager: Shutting down and abandoning module AutomationUtils (464)
[2025.07.10-13.16.18:221][785]LogModuleManager: Shutting down and abandoning module AlembicImporter (462)
[2025.07.10-13.16.18:221][785]LogModuleManager: Shutting down and abandoning module AlembicLibrary (461)
[2025.07.10-13.16.18:221][785]LogModuleManager: Shutting down and abandoning module GeometryCache (460)
[2025.07.10-13.16.18:221][785]LogModuleManager: Shutting down and abandoning module GeometryCacheEd (459)
[2025.07.10-13.16.18:221][785]LogModuleManager: Shutting down and abandoning module SpeedTreeImporter (454)
[2025.07.10-13.16.18:221][785]LogModuleManager: Shutting down and abandoning module PluginBrowser (452)
[2025.07.10-13.16.18:221][785]LogModuleManager: Shutting down and abandoning module MobileLauncherProfileWizard (450)
[2025.07.10-13.16.18:221][785]LogModuleManager: Shutting down and abandoning module MaterialAnalyzer (448)
[2025.07.10-13.16.18:221][785]LogModuleManager: Shutting down and abandoning module CurveEditorTools (446)
[2025.07.10-13.16.18:221][785]LogModuleManager: Shutting down and abandoning module CryptoKeysOpenSSL (444)
[2025.07.10-13.16.18:221][785]LogModuleManager: Shutting down and abandoning module CryptoKeys (442)
[2025.07.10-13.16.18:221][785]LogModuleManager: Shutting down and abandoning module VariantManagerContentEditor (440)
[2025.07.10-13.16.18:221][785]LogModuleManager: Shutting down and abandoning module DatasmithContentEditor (438)
[2025.07.10-13.16.18:221][785]LogModuleManager: Shutting down and abandoning module OodleNetworkHandlerComponent (436)
[2025.07.10-13.16.18:221][785]LogModuleManager: Shutting down and abandoning module LiveLinkSequencer (434)
[2025.07.10-13.16.18:221][785]LogModuleManager: Shutting down and abandoning module LiveLinkMovieScene (432)
[2025.07.10-13.16.18:221][785]LogModuleManager: Shutting down and abandoning module LiveLinkGraphNode (430)
[2025.07.10-13.16.18:221][785]LogModuleManager: Shutting down and abandoning module LiveLinkEditor (428)
[2025.07.10-13.16.18:221][785]LogModuleManager: Shutting down and abandoning module LiveLinkComponents (426)
[2025.07.10-13.16.18:221][785]LogModuleManager: Shutting down and abandoning module LiveLink (424)
[2025.07.10-13.16.19:164][785]LogModuleManager: Shutting down and abandoning module LightPropagationVolumeEditor (422)
[2025.07.10-13.16.19:164][785]LogModuleManager: Shutting down and abandoning module PaperTiledImporter (420)
[2025.07.10-13.16.19:164][785]LogModuleManager: Shutting down and abandoning module PaperSpriteSheetImporter (418)
[2025.07.10-13.16.19:164][785]LogModuleManager: Shutting down and abandoning module Paper2DEditor (416)
[2025.07.10-13.16.19:164][785]LogModuleManager: Shutting down and abandoning module MeshPaintingToolset (414)
[2025.07.10-13.16.19:164][785]LogModuleManager: Shutting down and abandoning module MeshPaintEditorMode (412)
[2025.07.10-13.16.19:165][785]LogModuleManager: Shutting down and abandoning module GameplayCameras (410)
[2025.07.10-13.16.19:165][785]LogModuleManager: Shutting down and abandoning module PropertyAccessNode (408)
[2025.07.10-13.16.19:165][785]LogModuleManager: Shutting down and abandoning module AnimationSharing (406)
[2025.07.10-13.16.19:165][785]LogModuleManager: Shutting down and abandoning module SignificanceManager (404)
[2025.07.10-13.16.19:165][785]LogModuleManager: Shutting down and abandoning module SoundFields (402)
[2025.07.10-13.16.19:165][785]LogModuleManager: Shutting down and abandoning module RuntimePhysXCooking (400)
[2025.07.10-13.16.19:165][785]LogModuleManager: Shutting down and abandoning module PropertyAccessEditor (398)
[2025.07.10-13.16.19:165][785]LogModuleManager: Shutting down and abandoning module PhysXVehiclesEditor (396)
[2025.07.10-13.16.19:165][785]LogModuleManager: Shutting down and abandoning module LocationServicesBPLibrary (392)
[2025.07.10-13.16.19:165][785]LogModuleManager: Shutting down and abandoning module AudioSynesthesia (390)
[2025.07.10-13.16.19:165][785]LogModuleManager: Shutting down and abandoning module AudioSynesthesiaCore (388)
[2025.07.10-13.16.19:165][785]LogModuleManager: Shutting down and abandoning module ActorSequence (386)
[2025.07.10-13.16.19:165][785]LogModuleManager: Shutting down and abandoning module UdpMessaging (384)
[2025.07.10-13.16.19:266][785]LogModuleManager: Shutting down and abandoning module TcpMessaging (382)
[2025.07.10-13.16.19:367][785]LogModuleManager: Shutting down and abandoning module MagicLeapARPin (380)
[2025.07.10-13.16.19:367][785]LogModuleManager: Shutting down and abandoning module MagicLeapHandMeshing (378)
[2025.07.10-13.16.19:367][785]LogModuleManager: Shutting down and abandoning module MagicLeapSecureStorage (376)
[2025.07.10-13.16.19:367][785]LogModuleManager: Shutting down and abandoning module MagicLeapPrivileges (374)
[2025.07.10-13.16.19:367][785]LogModuleManager: Shutting down and abandoning module MagicLeapPlanes (372)
[2025.07.10-13.16.19:367][785]LogMagicLeapPlanes: Planes tracker already destroyed.
[2025.07.10-13.16.19:367][785]LogModuleManager: Shutting down and abandoning module MagicLeapImageTracker (370)
[2025.07.10-13.16.19:367][785]LogModuleManager: Shutting down and abandoning module MagicLeapIdentity (368)
[2025.07.10-13.16.19:367][785]LogModuleManager: Shutting down and abandoning module MagicLeapHandTracking (366)
[2025.07.10-13.16.19:367][785]LogModuleManager: Shutting down and abandoning module MagicLeapEyeTracker (364)
[2025.07.10-13.16.19:367][785]LogModuleManager: Shutting down and abandoning module MagicLeapController (362)
[2025.07.10-13.16.19:367][785]LogModuleManager: Shutting down and abandoning module MagicLeapARPinImpl (360)
[2025.07.10-13.16.19:367][785]LogModuleManager: Shutting down and abandoning module MagicLeapAR (358)
[2025.07.10-13.16.19:367][785]LogModuleManager: Shutting down and abandoning module NiagaraAnimNotifies (356)
[2025.07.10-13.16.19:367][785]LogModuleManager: Shutting down and abandoning module Niagara (354)
[2025.07.10-13.16.19:367][785]LogModuleManager: Shutting down and abandoning module SignalProcessing (353)
[2025.07.10-13.16.19:367][785]LogModuleManager: Shutting down and abandoning module NiagaraEditor (351)
[2025.07.10-13.16.19:367][785]LogModuleManager: Shutting down and abandoning module NiagaraCore (348)
[2025.07.10-13.16.19:367][785]LogModuleManager: Shutting down and abandoning module ImgMediaEngine (346)
[2025.07.10-13.16.19:367][785]LogModuleManager: Shutting down and abandoning module PythonScriptPlugin (344)
[2025.07.10-13.16.19:367][785]LogModuleManager: Shutting down and abandoning module GameplayTagsEditor (342)
[2025.07.10-13.16.19:367][785]LogModuleManager: Shutting down and abandoning module FacialAnimationEditor (340)
[2025.07.10-13.16.19:367][785]LogModuleManager: Shutting down and abandoning module FacialAnimation (338)
[2025.07.10-13.16.19:367][785]LogModuleManager: Shutting down and abandoning module DataValidation (336)
[2025.07.10-13.16.19:367][785]LogModuleManager: Shutting down and abandoning module AssetManagerEditor (334)
[2025.07.10-13.16.19:367][785]LogModuleManager: Shutting down and abandoning module LevelEditor (333)
[2025.07.10-13.16.19:368][785]LogModuleManager: Shutting down and abandoning module PixelInspectorModule (332)
[2025.07.10-13.16.19:368][785]LogModuleManager: Shutting down and abandoning module CommonMenuExtensions (330)
[2025.07.10-13.16.19:368][785]LogModuleManager: Shutting down and abandoning module MainFrame (328)
[2025.07.10-13.16.19:368][785]LogModuleManager: Shutting down and abandoning module HotReload (327)
[2025.07.10-13.16.19:368][785]LogModuleManager: Shutting down and abandoning module ToolMenus (323)
[2025.07.10-13.16.19:368][785]LogModuleManager: Shutting down and abandoning module ContentBrowser (321)
[2025.07.10-13.16.19:368][785]LogModuleManager: Shutting down and abandoning module ContentBrowserData (320)
[2025.07.10-13.16.19:368][785]LogModuleManager: Shutting down and abandoning module TreeMap (317)
[2025.07.10-13.16.19:368][785]LogModuleManager: Shutting down and abandoning module LightPropagationVolumeRuntime (314)
[2025.07.10-13.16.19:368][785]LogModuleManager: Shutting down and abandoning module EnvironmentQueryEditor (312)
[2025.07.10-13.16.19:368][785]LogModuleManager: Shutting down and abandoning module Paper2D (310)
[2025.07.10-13.16.19:368][785]LogModuleManager: Shutting down and abandoning module WindowsMoviePlayer (308)
[2025.07.10-13.16.19:369][785]LogModuleManager: Shutting down and abandoning module WebMMoviePlayer (306)
[2025.07.10-13.16.19:369][785]LogModuleManager: Shutting down and abandoning module NetworkReplayStreaming (304)
[2025.07.10-13.16.19:369][785]LogModuleManager: Shutting down and abandoning module PacketHandler (302)
[2025.07.10-13.16.19:369][785]LogModuleManager: Shutting down and abandoning module ClothingSystemEditor (300)
[2025.07.10-13.16.19:369][785]LogModuleManager: Shutting down and abandoning module ClothingSystemRuntimeNv (298)
[2025.07.10-13.16.19:369][785]LogModuleManager: Shutting down and abandoning module MediaAssets (296)
[2025.07.10-13.16.19:369][785]LogModuleManager: Shutting down and abandoning module Overlay (294)
[2025.07.10-13.16.19:369][785]LogModuleManager: Shutting down and abandoning module OverlayEditor (293)
[2025.07.10-13.16.19:369][785]LogModuleManager: Shutting down and abandoning module VREditor (290)
[2025.07.10-13.16.19:369][785]LogModuleManager: Shutting down and abandoning module StringTableEditor (288)
[2025.07.10-13.16.19:369][785]LogModuleManager: Shutting down and abandoning module GameplayTasksEditor (286)
[2025.07.10-13.16.19:369][785]LogModuleManager: Shutting down and abandoning module BehaviorTreeEditor (284)
[2025.07.10-13.16.19:369][785]LogModuleManager: Shutting down and abandoning module FunctionalTesting (282)
[2025.07.10-13.16.19:369][785]LogModuleManager: Shutting down and abandoning module CollisionAnalyzer (280)
[2025.07.10-13.16.19:369][785]LogModuleManager: Shutting down and abandoning module WorkspaceMenuStructure (279)
[2025.07.10-13.16.19:369][785]LogModuleManager: Shutting down and abandoning module UMG (276)
[2025.07.10-13.16.19:369][785]LogModuleManager: Shutting down and abandoning module UMGEditor (275)
[2025.07.10-13.16.19:369][785]LogModuleManager: Shutting down and abandoning module MessageLog (273)
[2025.07.10-13.16.19:369][785]LogModuleManager: Shutting down and abandoning module SlateReflector (268)
[2025.07.10-13.16.19:369][785]LogModuleManager: Shutting down and abandoning module Slate (266)
[2025.07.10-13.16.19:369][785]LogModuleManager: Shutting down and abandoning module SlateCore (264)
[2025.07.10-13.16.19:370][785]LogModuleManager: Shutting down and abandoning module LandscapeEditorUtilities (262)
[2025.07.10-13.16.19:370][785]LogModuleManager: Shutting down and abandoning module UnrealEd (260)
[2025.07.10-13.16.19:370][785]LogModuleManager: Shutting down and abandoning module MRMesh (258)
[2025.07.10-13.16.19:370][785]LogModuleManager: Shutting down and abandoning module SourceCodeAccess (256)
[2025.07.10-13.16.19:370][785]LogModuleManager: Shutting down and abandoning module HeadMountedDisplay (254)
[2025.07.10-13.16.19:370][785]LogModuleManager: Shutting down and abandoning module XAudio2 (252)
[2025.07.10-13.16.19:370][785]LogModuleManager: Shutting down and abandoning module Networking (250)
[2025.07.10-13.16.19:370][785]LogModuleManager: Shutting down and abandoning module Core (248)
[2025.07.10-13.16.19:370][785]LogModuleManager: Shutting down and abandoning module MaterialEditor (246)
[2025.07.10-13.16.19:370][785]LogModuleManager: Shutting down and abandoning module MovieSceneTools (244)
[2025.07.10-13.16.19:370][785]LogModuleManager: Shutting down and abandoning module CurveEditor (243)
[2025.07.10-13.16.19:370][785]LogModuleManager: Shutting down and abandoning module Sequencer (241)
[2025.07.10-13.16.19:370][785]LogModuleManager: Shutting down and abandoning module EditorStyle (240)
[2025.07.10-13.16.19:371][785]LogModuleManager: Shutting down and abandoning module KismetCompiler (236)
[2025.07.10-13.16.19:371][785]LogModuleManager: Shutting down and abandoning module MeshBuilder (234)
[2025.07.10-13.16.19:371][785]LogModuleManager: Shutting down and abandoning module MeshUtilities (232)
[2025.07.10-13.16.19:371][785]LogModuleManager: Shutting down and abandoning module MeshMergeUtilities (231)
[2025.07.10-13.16.19:371][785]LogModuleManager: Shutting down and abandoning module MeshReductionInterface (230)
[2025.07.10-13.16.19:371][785]LogModuleManager: Shutting down and abandoning module MeshBoneReduction (229)
[2025.07.10-13.16.19:371][785]LogModuleManager: Shutting down and abandoning module ProxyLODMeshReduction (227)
[2025.07.10-13.16.19:371][785]LogModuleManager: Shutting down and abandoning module SkeletalMeshReduction (225)
[2025.07.10-13.16.19:371][785]LogModuleManager: Shutting down and abandoning module QuadricMeshReduction (223)
[2025.07.10-13.16.19:371][785]LogModuleManager: Shutting down and abandoning module MaterialBaking (219)
[2025.07.10-13.16.19:371][785]LogModuleManager: Shutting down and abandoning module NullInstallBundleManager (214)
[2025.07.10-13.16.19:371][785]LogModuleManager: Shutting down and abandoning module DerivedDataCache (212)
[2025.07.10-13.16.19:371][785]LogModuleManager: Shutting down and abandoning module TargetPlatform (210)
[2025.07.10-13.16.19:371][785]LogModuleManager: Shutting down and abandoning module VulkanShaderFormat (209)
[2025.07.10-13.16.19:371][785]LogModuleManager: Shutting down and abandoning module ShaderFormatVectorVM (207)
[2025.07.10-13.16.19:371][785]LogModuleManager: Shutting down and abandoning module ShaderFormatOpenGL (205)
[2025.07.10-13.16.19:371][785]LogModuleManager: Shutting down and abandoning module ShaderFormatD3D (203)
[2025.07.10-13.16.19:371][785]LogModuleManager: Shutting down and abandoning module MetalShaderFormat (201)
[2025.07.10-13.16.19:371][785]LogModuleManager: Shutting down and abandoning module TextureFormatOodle (199)
[2025.07.10-13.16.19:371][785]LogModuleManager: Shutting down and abandoning module TextureFormatUncompressed (197)
[2025.07.10-13.16.19:371][785]LogModuleManager: Shutting down and abandoning module TextureFormatPVR (195)
[2025.07.10-13.16.19:372][785]LogModuleManager: Shutting down and abandoning module TextureFormatETC2 (193)
[2025.07.10-13.16.19:372][785]LogModuleManager: Shutting down and abandoning module TextureFormatDXT (191)
[2025.07.10-13.16.19:372][785]LogModuleManager: Shutting down and abandoning module TextureFormatIntelISPCTexComp (189)
[2025.07.10-13.16.19:372][785]LogModuleManager: Shutting down and abandoning module TextureFormatASTC (187)
[2025.07.10-13.16.19:372][785]LogModuleManager: Shutting down and abandoning module ImageWrapper (186)
[2025.07.10-13.16.19:372][785]LogModuleManager: Shutting down and abandoning module AudioFormatOpus (183)
[2025.07.10-13.16.19:372][785]LogModuleManager: Shutting down and abandoning module AudioFormatOgg (181)
[2025.07.10-13.16.19:372][785]LogModuleManager: Shutting down and abandoning module AudioFormatADPCM (179)
[2025.07.10-13.16.19:372][785]LogModuleManager: Shutting down and abandoning module WindowsServerTargetPlatform (177)
[2025.07.10-13.16.19:372][785]LogModuleManager: Shutting down and abandoning module WindowsClientTargetPlatform (175)
[2025.07.10-13.16.19:372][785]LogModuleManager: Shutting down and abandoning module WindowsTargetPlatform (173)
[2025.07.10-13.16.19:372][785]LogModuleManager: Shutting down and abandoning module WindowsNoEditorTargetPlatform (171)
[2025.07.10-13.16.19:372][785]LogModuleManager: Shutting down and abandoning module TVOSTargetPlatform (169)
[2025.07.10-13.16.19:372][785]LogModuleManager: Shutting down and abandoning module MacServerTargetPlatform (167)
[2025.07.10-13.16.19:372][785]LogModuleManager: Shutting down and abandoning module MacClientTargetPlatform (165)
[2025.07.10-13.16.19:372][785]LogModuleManager: Shutting down and abandoning module MacTargetPlatform (163)
[2025.07.10-13.16.19:372][785]LogModuleManager: Shutting down and abandoning module MacNoEditorTargetPlatform (161)
[2025.07.10-13.16.19:372][785]LogModuleManager: Shutting down and abandoning module LuminTargetPlatform (159)
[2025.07.10-13.16.19:373][785]LogModuleManager: Shutting down and abandoning module LinuxAArch64ServerTargetPlatform (157)
[2025.07.10-13.16.19:373][785]LogModuleManager: Shutting down and abandoning module LinuxAArch64ClientTargetPlatform (155)
[2025.07.10-13.16.19:373][785]LogModuleManager: Shutting down and abandoning module LinuxAArch64NoEditorTargetPlatform (153)
[2025.07.10-13.16.19:373][785]LogModuleManager: Shutting down and abandoning module LinuxServerTargetPlatform (151)
[2025.07.10-13.16.19:373][785]LogModuleManager: Shutting down and abandoning module LinuxClientTargetPlatform (149)
[2025.07.10-13.16.19:373][785]LogModuleManager: Shutting down and abandoning module LinuxNoEditorTargetPlatform (147)
[2025.07.10-13.16.19:373][785]LogModuleManager: Shutting down and abandoning module LinuxTargetPlatform (145)
[2025.07.10-13.16.19:373][785]LogModuleManager: Shutting down and abandoning module Messaging (143)
[2025.07.10-13.16.19:373][785]LogModuleManager: Shutting down and abandoning module IOSTargetPlatform (141)
[2025.07.10-13.16.19:373][785]LogModuleManager: Shutting down and abandoning module AndroidTargetPlatform (139)
[2025.07.10-13.16.19:375][785]LogModuleManager: Shutting down and abandoning module AllDesktopTargetPlatform (137)
[2025.07.10-13.16.19:375][785]LogModuleManager: Shutting down and abandoning module D3D11RHI (134)
[2025.07.10-13.16.19:375][785]LogModuleManager: Shutting down and abandoning module InputCore (132)
[2025.07.10-13.16.19:375][785]LogModuleManager: Shutting down and abandoning module Settings (130)
[2025.07.10-13.16.19:375][785]LogModuleManager: Shutting down and abandoning module DirectoryWatcher (128)
[2025.07.10-13.16.19:375][785]LogModuleManager: Shutting down and abandoning module PhysXCooking (126)
[2025.07.10-13.16.19:376][785]LogModuleManager: Shutting down and abandoning module Chaos (124)
[2025.07.10-13.16.19:376][785]LogModuleManager: Shutting down and abandoning module WindowsPlatformFeatures (122)
[2025.07.10-13.16.19:376][785]LogModuleManager: Shutting down and abandoning module GameplayMediaEncoder (121)
[2025.07.10-13.16.19:376][785]LogModuleManager: Shutting down and abandoning module AVEncoder (120)
[2025.07.10-13.16.19:376][785]LogModuleManager: Shutting down and abandoning module SteamVRInputDevice (116)
[2025.07.10-13.16.19:376][785]LogModuleManager: Shutting down and abandoning module SteamVRInput (114)
[2025.07.10-13.16.19:376][785]LogModuleManager: Shutting down and abandoning module SteamVR (112)
[2025.07.10-13.16.19:376][785]LogHMD: Freeing OpenVRDLLHandle.
[2025.07.10-13.16.19:376][785]LogModuleManager: Shutting down and abandoning module OculusHMD (110)
[2025.07.10-13.16.19:376][785]LogModuleManager: Shutting down and abandoning module PixWinPlugin (108)
[2025.07.10-13.16.19:376][785]LogModuleManager: Shutting down and abandoning module OpenXRHandTracking (106)
[2025.07.10-13.16.19:376][785]LogSlate: Slate User Destroyed.  User Index 0, Is Virtual User: 0
[2025.07.10-13.16.19:376][785]LogModuleManager: Shutting down and abandoning module OpenXRAR (104)
[2025.07.10-13.16.19:376][785]LogModuleManager: Shutting down and abandoning module AugmentedReality (103)
[2025.07.10-13.16.19:376][785]LogModuleManager: Shutting down and abandoning module OpenXRHMD (100)
[2025.07.10-13.16.19:376][785]LogModuleManager: Shutting down and abandoning module OpenXREyeTracker (98)
[2025.07.10-13.16.19:376][785]LogModuleManager: Shutting down and abandoning module LauncherChunkInstaller (96)
[2025.07.10-13.16.19:376][785]LogModuleManager: Shutting down and abandoning module ExampleDeviceProfileSelector (94)
[2025.07.10-13.16.19:376][785]LogModuleManager: Shutting down and abandoning module ChunkDownloader (92)
[2025.07.10-13.16.19:376][785]LogModuleManager: Shutting down and abandoning module OnlineBlueprintSupport (90)
[2025.07.10-13.16.19:376][785]LogModuleManager: Shutting down and abandoning module OnlineSubsystem (86)
[2025.07.10-13.16.19:377][785]LogModuleManager: Shutting down and abandoning module XMPP (81)
[2025.07.10-13.16.19:377][785]LogModuleManager: Shutting down and abandoning module WebSockets (80)
[2025.07.10-13.16.19:394][785]LogModuleManager: Shutting down and abandoning module HTTP (77)
[2025.07.10-13.16.19:394][785]LogHttp: Display: Http module shutting down, but needs to wait on 1 outstanding Http requests:
[2025.07.10-13.16.19:394][785]LogHttp: Display: 	verb=[POST] url=[https://datarouter.ol.epicgames.com/datarouter/api/v1/public/data?SessionID=%7B97B5AF34-4795-233F-E03B-4F9C72638C9A%7D&AppID=UEEditor.Rocket.Release&AppVersion=4.27.2-18319896%2B%2B%2BUE4%2BRelease-4.27&UserID=993ec07b4b2800df97ab6fb5798ac2f7%7C47836b97351b4cff81b1f61d49134db1%7C05aca298-4ef9-4122-8792-12bfe6659209&AppEnvironment=datacollector-binary&UploadType=eteventstream] refs=[1] status=Processing
[2025.07.10-13.16.19:394][785]LogHttp: Display: cleaning up 1 outstanding Http requests.
[2025.07.10-13.16.19:418][785]LogModuleManager: Shutting down and abandoning module SSL (76)
[2025.07.10-13.16.19:419][785]LogModuleManager: Shutting down and abandoning module MLSDK (72)
[2025.07.10-13.16.19:419][785]LogModuleManager: Shutting down and abandoning module MagicLeap (70)
[2025.07.10-13.16.19:419][785]LogModuleManager: Shutting down and abandoning module WmfMedia (68)
[2025.07.10-13.16.19:421][785]LogModuleManager: Shutting down and abandoning module Media (67)
[2025.07.10-13.16.19:421][785]LogModuleManager: Shutting down and abandoning module MediaInfo (66)
[2025.07.10-13.16.19:421][785]LogModuleManager: Shutting down and abandoning module NiagaraVertexFactories (62)
[2025.07.10-13.16.19:421][785]LogModuleManager: Shutting down and abandoning module NiagaraShader (60)
[2025.07.10-13.16.19:421][785]LogModuleManager: Shutting down and abandoning module ExrReaderGpu (58)
[2025.07.10-13.16.19:421][785]LogModuleManager: Shutting down and abandoning module ChaosCloth (56)
[2025.07.10-13.16.19:421][785]LogModuleManager: Shutting down and abandoning module VariantManagerContent (54)
[2025.07.10-13.16.19:421][785]LogModuleManager: Shutting down and abandoning module DatasmithContent (52)
[2025.07.10-13.16.19:421][785]LogModuleManager: Shutting down and abandoning module AISupportModule (50)
[2025.07.10-13.16.19:421][785]LogModuleManager: Shutting down and abandoning module DesktopPlatform (48)
[2025.07.10-13.16.19:421][785]LogModuleManager: Shutting down and abandoning module PlatformCryptoOpenSSL (46)
[2025.07.10-13.16.19:421][785]LogModuleManager: Shutting down and abandoning module PlatformCryptoTypes (44)
[2025.07.10-13.16.19:421][785]LogModuleManager: Shutting down and abandoning module PlatformCrypto (42)
[2025.07.10-13.16.19:421][785]LogModuleManager: Shutting down and abandoning module PythonScriptPluginPreload (40)
[2025.07.10-13.16.19:421][785]LogModuleManager: Shutting down and abandoning module OodleDataCompressionFormat (38)
[2025.07.10-13.16.19:421][785]LogModuleManager: Shutting down and abandoning module XGEController (36)
[2025.07.10-13.16.19:422][785]LogModuleManager: Shutting down and abandoning module AnimationModifiers (34)
[2025.07.10-13.16.19:422][785]LogModuleManager: Shutting down and abandoning module AudioEditor (32)
[2025.07.10-13.16.19:422][785]LogModuleManager: Shutting down and abandoning module PropertyEditor (31)
[2025.07.10-13.16.19:422][785]LogModuleManager: Shutting down and abandoning module TextureCompressor (28)
[2025.07.10-13.16.19:422][785]LogModuleManager: Shutting down and abandoning module RenderCore (26)
[2025.07.10-13.16.19:422][785]LogModuleManager: Shutting down and abandoning module Landscape (24)
[2025.07.10-13.16.19:422][785]LogModuleManager: Shutting down and abandoning module SlateRHIRenderer (22)
[2025.07.10-13.16.19:422][785]LogModuleManager: Shutting down and abandoning module AnimGraphRuntime (20)
[2025.07.10-13.16.19:422][785]LogModuleManager: Shutting down and abandoning module Renderer (18)
[2025.07.10-13.16.19:422][785]LogModuleManager: Shutting down and abandoning module Engine (16)
[2025.07.10-13.16.19:422][785]LogModuleManager: Shutting down and abandoning module CoreUObject (14)
[2025.07.10-13.16.19:422][785]LogModuleManager: Shutting down and abandoning module NetworkFile (12)
[2025.07.10-13.16.19:422][785]LogModuleManager: Shutting down and abandoning module CookedIterativeFile (10)
[2025.07.10-13.16.19:422][785]LogModuleManager: Shutting down and abandoning module StreamingFile (8)
[2025.07.10-13.16.19:422][785]LogModuleManager: Shutting down and abandoning module SandboxFile (6)
[2025.07.10-13.16.19:422][785]LogModuleManager: Shutting down and abandoning module PakFile (4)
[2025.07.10-13.16.19:422][785]LogModuleManager: Shutting down and abandoning module RSA (3)
[2025.07.10-13.16.19:422][785]LogContentStreaming: Display: There are 1 unreleased StreamingManagers
[2025.07.10-13.16.19:440][785]LogD3D11RHI: Shutdown
[2025.07.10-13.16.19:440][785]LogD3D11RHI: CleanupD3DDevice
[2025.07.10-13.16.19:442][785]LogExit: Exiting.
[2025.07.10-13.16.19:461][785]Log file closed, 07/10/25 14:16:19
